job_indexed_id,url,title_clean,gold_normalized_title,gold_role_family,gold_seniority,gold_employment_type,gold_location_type,gold_location_city,gold_country,gold_salary_min,gold_salary_max,gold_salary_currency,gold_salary_period,qa_status,qa_fix_normalized_title,qa_fix_role_family,qa_fix_seniority,qa_fix_employment_type,qa_fix_location_type,qa_fix_location_city,qa_fix_country,qa_fix_salary_min,qa_fix_salary_max,qa_fix_salary_currency,qa_fix_salary_period,qa_notes
828,https://job-boards.greenhouse.io/grafanalabs/jobs/5802047004,"Senior Software Engineer - Grafana Databases, Managed Services | Canada | Remote",software_engineer,software_engineering,senior,,remote,,CA,,,,,,,,,,,,,,,,,
1016,https://job-boards.greenhouse.io/webflow/jobs/7108193,Growth Account Executive - Central,account_executive,sales,senior,full_time,remote,,US,,,,,,,,,,,,,,,,,
1365,https://job-boards.greenhouse.io/appier/jobs/7159419,"AI Investment Partner (Sr Director), Taiwan",other,management,director,full_time,onsite,,TW,,,,,,,,,,,,,,,,,
802,https://job-boards.greenhouse.io/grafanalabs/jobs/5763972004,Senior Deal Manager | UK | Remote,manager,operations,senior,,remote,,GB,,,,,,,,,,,,,,,,,
100,https://job-boards.greenhouse.io/smartsheet/jobs/7639370,Sr. Compensation Consultant,consultant,consulting,senior,,remote,,IN,,,,,,,,,,,,,,,,,
1027,https://job-boards.greenhouse.io/webflow/jobs/7657237,People Analytics & Insights Analyst,data_analyst,data_analytics,senior,full_time,remote,,US,,,,,,,,,,,,,,,,,
823,https://job-boards.greenhouse.io/grafanalabs/jobs/5783880004,Senior Product Marketing Manager | Spain | Remote,marketing_specialist,marketing,senior,,remote,,ES,,,,,,,,,,,,,,,,,
1570,https://job-boards.greenhouse.io/capco/jobs/7487457,Business Analyst - Cash and Loans (She/He/They),business_analyst,business_analysis,senior,full_time,hybrid,,PL,,,,,,,,,,,,,,,,,
402,https://job-boards.greenhouse.io/canonical/jobs/6643484,Product Manager - Data,product_manager,product_management,senior,full_time,remote,,,,,,,,,,,,,,,,,,,
797,https://job-boards.greenhouse.io/grafanalabs/jobs/5783159004,Senior Backend Engineer | Mimir OSS | Spain | Remote,backend_engineer,backend,senior,,remote,,ES,,,,,,,,,,,,,,,,,
1948,https://job-boards.greenhouse.io/capco/jobs/7653003,Sr AWS Data Engineer,data_engineer,data_engineering,senior,,remote,,IN,,,,,,,,,,,,,,,,,
254,https://job-boards.greenhouse.io/gomotive/jobs/8021088002,Technical Support Eng- MM/CMRL,it_support_specialist,it_operations,senior,full_time,remote,,US,,,,,,,,,,,,,,,,,
1381,https://job-boards.greenhouse.io/appier/jobs/7566092,Investment Analyst,investment_analyst,finance,senior,,remote,,US,,,,,,,,,,,,,,,,,
1260,https://job-boards.greenhouse.io/celonis/jobs/6118583003?gh_jid=6118583003,Senior Solutions Architect,solutions_architect,architecture,senior,full_time,onsite,Munich,DE,,,,,,,,,,,,,,,,,
1049,https://job-boards.greenhouse.io/webflow/jobs/7624566,"Staff Product Designer, New Products",product_designer,design,senior,full_time,remote,,US,,,,,,,,,,,,,,,,,
1035,https://job-boards.greenhouse.io/webflow/jobs/7550682,Senior Data Scientist,data_scientist,data_science,senior,full_time,remote,,US,,,,,,,,,,,,,,,,,
1405,https://job-boards.greenhouse.io/appier/jobs/7364432,"Senior Machine Learning Scientist, Advertising Incrementality",ml_scientist,machine_learning,senior,full_time,onsite,Taipei,TW,,,,,,,,,,,,,,,,,
508,https://job-boards.greenhouse.io/canonical/jobs/3137607,Talent Scientist,talent_analytics_specialist,,senior,full_time,remote,,,,,,,,,,,,,,,,,,,
1497,https://job-boards.greenhouse.io/kalepa/jobs/5737424004,Senior Full Stack Engineer - Core UX (USA),fullstack_engineer,fullstack,senior,full_time,remote,,US,,,,,,,,,,,,,,,,,
191,https://job-boards.greenhouse.io/gomotive/jobs/8387634002,"Manager, of Customer Success Mexico",customer_success_manager,customer_success,senior,full_time,onsite,Mexico City,,,,,,,,,,,,,,,,,,
832,https://job-boards.greenhouse.io/grafanalabs/jobs/5808861004,"Senior Software Engineer - Grafana Databases, SRE | Sweden | Remote",site_reliability_engineer,sre,senior,,remote,,ES,,,,,,,,,,,,,,,,,
459,https://job-boards.greenhouse.io/canonical/jobs/5359697,Silicon Alliances Ecosystem Development Manager,alliance_manager,partnerships,senior,,remote,,,,,,,,,,,,,,,,,,,
1046,https://job-boards.greenhouse.io/webflow/jobs/7376862,"Senior Technical Program Manager, Security",technical_program_manager,program_management,senior,full_time,remote,,US,,,,,,,,,,,,,,,,,
916,https://job-boards.greenhouse.io/correlationone/jobs/5796167004,Senior Recruiter (Contract),technical_recruiter,recruiting,senior,contract,remote,,US,,,,,,,,,,,,,,,,,
1401,https://job-boards.greenhouse.io/appier/jobs/7189015,Senior DevOps Engineer,devops_engineer,devops,senior,,remote,,US,,,,,,,,,,,,,,,,,
1383,https://job-boards.greenhouse.io/appier/jobs/4250101,JP Legal Counsel / JP Senior Legal Counsel,legal_counsel,legal,senior,full_time,onsite,Tokyo,,,,,,,,,,,,,,,,,,
272,https://job-boards.greenhouse.io/canonical/jobs/5750137,Chief Revenue Officer,chief_revenue_officer,executive_leadership,senior,,remote,,,,,,,,,,,,,,,,,,,
1914,https://job-boards.greenhouse.io/capco/jobs/7582718,Senior Frontend Developer - React,frontend_engineer,frontend,senior,unspecified,hybrid,London,GB,,,,,,,,,,,,,,,,,
1103,https://job-boards.greenhouse.io/celonis/jobs/6541080003?gh_jid=6541080003,"Director, Corporate Development",corporate_development,strategy,lead,full_time,hybrid,New York,US,,,,,,,,,,,,,,,,,
4,https://job-boards.greenhouse.io/found/jobs/4501664005,Telehealth Provider (MD & DO),healthcare_provider,healthcare,unspecified,contract,remote,,US,140,180,USD,hourly,,,,,,,,,,,,,
453,https://job-boards.greenhouse.io/canonical/jobs/3003389,Senior Software Engineer - MAAS,software_engineer,software_engineering,senior,,remote,,,,,,,,,,,,,,,,,,,
558,https://job-boards.greenhouse.io/gleanwork/jobs/4660539005,Commercial Account Executive - Australia,account_executive,sales,senior,,remote,,AU,,,,,,,,,,,,,,,,,
1032,https://job-boards.greenhouse.io/webflow/jobs/7456130,Senior Brand Designer,other,design,senior,full_time,remote,,US,,,,,,,,,,,,,,,,,
1356,https://job-boards.greenhouse.io/thumbtack/jobs/7656824,Trust & Safety Senior Specialist - Incident Operations,operations_specialist,operations,senior,full_time,remote,,US,,,,,,,,,,,,,,,,,
1214,https://job-boards.greenhouse.io/celonis/jobs/7594944003?gh_jid=7594944003,Senior Consultant - Data Analytics and Supply Chain Transformation,consultant,consulting,senior,,hybrid,Munich,DE,,,,,,,,,,,,,,,,,
306,https://job-boards.greenhouse.io/canonical/jobs/5667860,Engineering Manager - Data Platform,analytics_manager,data_analytics,senior,full_time,remote,,,,,,,,,,,,,,,,,,,
824,https://job-boards.greenhouse.io/grafanalabs/jobs/5783882004,Senior Product Marketing Manager | Sweden | Remote,marketing_specialist,marketing,senior,,remote,,FR,,,,,,,,,,,,,,,,,
1875,https://job-boards.greenhouse.io/capco/jobs/7553920,Senior Business Analyst - Insurance,business_analyst,business_analysis,senior,unspecified,hybrid,London,GB,,,,,,,,,,,,,,,,,
1349,https://job-boards.greenhouse.io/thumbtack/jobs/7638146,"Senior Product Manager, Partnerships",product_manager,product_management,senior,full_time,remote,,US,,,,,,,,,,,,,,,,,
794,https://job-boards.greenhouse.io/grafanalabs/jobs/5785653004,Senior Backend Engineer - Grafana k6 | UK | Remote,backend_engineer,backend,senior,,remote,,GB,,,,,,,,,,,,,,,,,
1865,https://job-boards.greenhouse.io/capco/jobs/7588658,Senior Azure Data Engineer (Databricks),data_engineer,data_engineering,senior,unspecified,hybrid,London,GB,,,,,,,,,,,,,,,,,
236,https://job-boards.greenhouse.io/gomotive/jobs/8360620002,Senior Technical Support Engineer - Spanish,it_support_specialist,it_operations,senior,full_time,remote,,US,,,,,,,,,,,,,,,,,
99,https://job-boards.greenhouse.io/smartsheet/jobs/7515921,Sr. Commissions Analyst,financial_analyst,finance,senior,full_time,remote,,US,,,,,,,,,,,,,,,,,
1182,https://job-boards.greenhouse.io/celonis/jobs/7576023003?gh_jid=7576023003,Principal Enterprise Architect,enterprise_architect,architecture,senior,full_time,onsite,Munich,DE,,,,,,,,,,,,,,,,,
1039,https://job-boards.greenhouse.io/webflow/jobs/7658245,"Senior Product Designer, Analyze",product_designer,design,senior,full_time,remote,,US,,,,,,,,,,,,,,,,,
103,https://job-boards.greenhouse.io/smartsheet/jobs/7102194,"Sr. Data Scientist, Product Analytics (Hybrid in Bangalore)",data_scientist,data_science,senior,,hybrid,Bangalore,IN,,,,,,,,,,,,,,,,,
1436,https://job-boards.greenhouse.io/appier/jobs/7092458,Staff/Senior Machine Learning Scientist (Ad Cloud),ml_scientist,machine_learning,senior,,onsite,Tokyo,US,,,,,,,,,,,,,,,,,
365,https://job-boards.greenhouse.io/canonical/jobs/6484410,Lead HR Generalist - Americas,hr_generalist,hr,senior,full_time,remote,,US,,,,,,,,,,,,,,,,,
1496,https://job-boards.greenhouse.io/kalepa/jobs/5737438004,Senior Full Stack Engineer - Core UX (New York),fullstack_engineer,fullstack,senior,full_time,onsite,New York,US,,,,,,,,,,,,,,,,,
1480,https://job-boards.greenhouse.io/datacamp/jobs/7361123,Senior Customer Success Manager,customer_success_manager,customer_success,senior,full_time,onsite,California,US,,,,,,,,,,,,,,,,,
450,https://job-boards.greenhouse.io/canonical/jobs/3029798,Senior Site Reliability Engineer,site_reliability_engineer,sre,senior,,remote,,,,,,,,,,,,,,,,,,,
286,https://job-boards.greenhouse.io/canonical/jobs/6366166,Dell Global Alliance Director,alliance_manager,management,senior,contract,remote,,US,,,,,,,,,,,,,,,,,
1304,https://job-boards.greenhouse.io/celonis/jobs/7493242003?gh_jid=7493242003,Staff Technical Program Manager,technical_program_manager,program_management,senior,full_time,onsite,Bangalore,IN,,,,,,,,,,,,,,,,,
323,https://job-boards.greenhouse.io/canonical/jobs/7064135,Executive Search Lead - Technology,technical_recruiter,recruiting,senior,,remote,,,,,,,,,,,,,,,,,,,
1910,https://job-boards.greenhouse.io/capco/jobs/7567091,Senior DevOps Engineer - AI Products (She/ He/ They),devops_engineer,devops,senior,contract,onsite,,PL,,,,,,,,,,,,,,,,,
1316,https://job-boards.greenhouse.io/celonis/jobs/7618766003?gh_jid=7618766003,Summernaut Program - Legal Summer Intern,legal_counsel,legal,intern,full_time,hybrid,Raleigh,US,,,,,,,,,,,,,,,,,
1122,https://job-boards.greenhouse.io/celonis/jobs/7643338003?gh_jid=7643338003,Field CTO,chief_technology_officer,executive leadership,lead,,hybrid,Chicago,US,,,,,,,,,,,,,,,,,
1681,https://job-boards.greenhouse.io/capco/jobs/7589865,Frontend Developer - hybrid Calgary ** numerous openings at all levels **,frontend_engineer,frontend,senior,,hybrid,Canada - Calgary,CA,,,,,,,,,,,,,,,,,
1104,https://job-boards.greenhouse.io/celonis/jobs/7628764003?gh_jid=7628764003,"Director, Corporate Development",corporate_development,strategy,lead,full_time,hybrid,Redwood City,US,,,,,,,,,,,,,,,,,
478,https://job-boards.greenhouse.io/canonical/jobs/5211861,Software Engineering Director,software_engineer,software_engineering,director,,remote,,,,,,,,,,,,,,,,,,,
251,https://job-boards.greenhouse.io/gomotive/jobs/8021079002,Technical Account Manager - Enterprise,account_manager,sales,senior,,remote,,,,,,,,,,,,,,,,,,,
445,https://job-boards.greenhouse.io/canonical/jobs/5920689,Senior Jira Administrator,other,other,senior,,remote,,,,,,,,,,,,,,,,,,,
108,https://job-boards.greenhouse.io/smartsheet/jobs/7577295,Sr. Machine Learning Operations Engineer,operations_specialist,engineering,senior,full_time,remote,,IN,,,,,,,,,,,,,,,,,
1510,https://job-boards.greenhouse.io/capco/jobs/7550016,Agile Coach,consultant,consulting,senior,unspecified,hybrid,London,GB,,,,,,,,,,,,,,,,,
1630,https://job-boards.greenhouse.io/capco/jobs/6380329,Data Architect,data_analyst,data_architecture,senior,,onsite,Kuala Lumpur,,,,,,,,,,,,,,,,,,
3,https://job-boards.greenhouse.io/found/jobs/4642180005,Marketing & Communications Manager,marketing_specialist,marketing,senior,contract,remote,,US,,,,,,,,,,,,,,,,,
1579,https://job-boards.greenhouse.io/capco/jobs/6528708,Business Analyst - Insurance,business_analyst,business_analysis,senior,full_time,onsite,Milan,IT,,,,,,,,,,,,,,,,,
1348,https://job-boards.greenhouse.io/thumbtack/jobs/7638142,"Senior Product Manager, Partnerships",product_manager,product_management,senior,full_time,remote,,US,,,,,,,,,,,,,,,,,
1031,https://job-boards.greenhouse.io/webflow/jobs/7353505,"Senior Backend Engineer, Assets",backend_engineer,backend,senior,full_time,remote,,US,,,,,,,,,,,,,,,,,
1900,https://job-boards.greenhouse.io/capco/jobs/7588671,Senior Data Engineer - GCP,data_engineer,data_engineering,senior,unspecified,hybrid,London,GB,,,,,,,,,,,,,,,,,
90,https://job-boards.greenhouse.io/smartsheet/jobs/7475715,Senior NetSuite Administrator (in Bangalore),systems_administrator,it_operations,senior,full_time,onsite,Bangalore,IN,,,,,,,,,,,,,,,,,
87,https://job-boards.greenhouse.io/smartsheet/jobs/7641389,Senior Auditor (Remote Eligible - Costa Rica),accountant,finance,senior,full_time,remote,,CR,,,,,,,,,,,,,,,,,
1261,https://job-boards.greenhouse.io/celonis/jobs/6118579003?gh_jid=6118579003,Senior Solutions Architect - Containerized Platform Solutions,solutions_architect,architecture,senior,full_time,onsite,Munich,DE,,,,,,,,,,,,,,,,,
1040,https://job-boards.greenhouse.io/webflow/jobs/7558007,"Senior Product Designer, Lifecycle",product_designer,design,senior,full_time,remote,,US,,,,,,,,,,,,,,,,,
102,https://job-boards.greenhouse.io/smartsheet/jobs/7105333,"Sr. Data Scientist II, Product Analytics (Hybrid in Bangalore)",data_scientist,data_science,senior,,hybrid,Bangalore,IN,,,,,,,,,,,,,,,,,
1783,https://job-boards.greenhouse.io/capco/jobs/7613738,ML Engineer (She/He/They),ml_engineer,machine_learning,,contract,hybrid,Warsaw,PL,,,,,,,,,,,,,,,,,
444,https://job-boards.greenhouse.io/canonical/jobs/6762650,Senior HR Generalist - EMEA,hr_generalist,hr,senior,,remote,,DE,,,,,,,,,,,,,,,,,
1917,https://job-boards.greenhouse.io/capco/jobs/7559563,Senior Full Stack Developer - Java Spring Boot & React.js (Thai Speaker),fullstack_engineer,fullstack,senior,full_time,onsite,Bangkok,,,,,,,,,,,,,,,,,,
262,https://job-boards.greenhouse.io/gomotive/jobs/8342277002,Winback Specialist,customer_success_manager,customer_success,,contract,remote,,,,,,,,,,,,,,,,,,,
451,https://job-boards.greenhouse.io/canonical/jobs/5517891,Senior Site Reliability / Gitops Engineer,site_reliability_engineer,sre,senior,,remote,,,,,,,,,,,,,,,,,,,
347,https://job-boards.greenhouse.io/canonical/jobs/6950222,IBM Global Alliance Director,alliance_manager,management,senior,contract,remote,,US,,,,,,,,,,,,,,,,,
671,https://job-boards.greenhouse.io/gleanwork/jobs/4625106005,Senior Security Technical Program Manager,technical_program_manager,program_management,senior,full_time,onsite,Bangalore,IN,,,,,,,,,,,,,,,,,
1957,https://job-boards.greenhouse.io/capco/jobs/6203991,Talent Acquisition Specialist (She/He/They),technical_recruiter,recruiting,senior,contract,hybrid,,PL,,,,,,,,,,,,,,,,,
1908,https://job-boards.greenhouse.io/capco/jobs/6963181,Senior DevOps Engineer,devops_engineer,devops,senior,full_time,,Brno,,,,,,,,,,,,,,,,,,
45,https://job-boards.greenhouse.io/smartsheet/jobs/7453306,Corporate Counsel I,legal_counsel,legal,director,full_time,remote,,US,,,,,,,,,,,,,,,,,
1120,https://job-boards.greenhouse.io/celonis/jobs/7610432003?gh_jid=7610432003,Field CTO,chief_technology_officer,executive_leadership,lead,,hybrid,Munich,DE,,,,,,,,,,,,,,,,,
539,https://job-boards.greenhouse.io/canonical/jobs/5150422,"Web Frontend Engineer - JS, CSS, React, Flutter",frontend_engineer,frontend,,,,,,,,,,,,,,,,,,,,,,
375,https://job-boards.greenhouse.io/canonical/jobs/6062471,Linux Platform Integration - Ubuntu Systems Senior Engineer,software_engineer,software_engineering,senior,,remote,,,,,,,,,,,,,,,,,,,
59,https://job-boards.greenhouse.io/smartsheet/jobs/6693156,Enterprise Account Executive - State/Local Government,account_executive,sales,senior,full_time,remote,,US,,,,,,,,,,,,,,,,,
520,https://job-boards.greenhouse.io/canonical/jobs/7606934,Treasury Analyst,other,,,,,,,,,,,,,,,,,,,,,,,
277,https://job-boards.greenhouse.io/canonical/jobs/6283017,Cloud Professional Services Manager,manager,operations,senior,full_time,remote,,,,,,,,,,,,,,,,,,,
1526,https://job-boards.greenhouse.io/capco/jobs/7577054,AI Transformation Managing Principal,consultant,consulting,senior,full_time,onsite,Chicago,US,,,,,,,,,,,,,,,,,
1654,https://job-boards.greenhouse.io/capco/jobs/7570719,Data Strategy & Advisory Leader - Insurance,data_analyst,data_analytics,senior,full_time,hybrid,London,GB,,,,,,,,,,,,,,,,,
825,https://job-boards.greenhouse.io/grafanalabs/jobs/5783879004,Senior Product Marketing Manager | United Kingdom | Remote,marketing_specialist,marketing,senior,,remote,,GB,,,,,,,,,,,,,,,,,
1576,https://job-boards.greenhouse.io/capco/jobs/7390824,Business Analyst - Financial Markets (She/He/They),business_analyst,business_analysis,senior,full_time,hybrid,,PL,,,,,,,,,,,,,,,,,
81,https://job-boards.greenhouse.io/smartsheet/jobs/7386364,Product Manager II (Remote from Bulgaria),product_manager,product_management,senior,full_time,remote,,BG,,,,,,,,,,,,,,,,,
790,https://job-boards.greenhouse.io/grafanalabs/jobs/5711137004,Senior Backend Engineer - Grafana App Platform | US (EST) | Remote,backend_engineer,backend,senior,full_time,remote,,US,,,,,,,,,,,,,,,,,
163,https://job-boards.greenhouse.io/gomotive/jobs/8213266002,Data Engineer,data_engineer,data_engineering,unspecified,full_time,remote,,IN,,,,,,,,,,,,,,,,,
126,https://job-boards.greenhouse.io/smartsheet/jobs/7551022,"Team Manager, Technical Support",it_support_specialist,management,senior,full_time,remote,,IN,,,,,,,,,,,,,,,,,
107,https://job-boards.greenhouse.io/smartsheet/jobs/7629370,"Sr. Finance Analyst, WWFO FP&A",financial_analyst,finance,senior,full_time,remote,,US,,,,,,,,,,,,,,,,,
1205,https://job-boards.greenhouse.io/celonis/jobs/6646024003?gh_jid=6646024003,Senior AI Deployment Architect,enterprise_architect,architecture,senior,,hybrid,London,GB,,,,,,,,,,,,,,,,,
1041,https://job-boards.greenhouse.io/webflow/jobs/7658221,Senior Product Design Manager,product_designer,management,senior,full_time,remote,,US,,,,,,,,,,,,,,,,,
101,https://job-boards.greenhouse.io/smartsheet/jobs/7171724,Sr. Data Scientist (Hybrid in Bangalore),data_scientist,data_science,senior,full_time,hybrid,Bangalore,IN,,,,,,,,,,,,,,,,,
1437,https://job-boards.greenhouse.io/appier/jobs/6897205,Staff/Senior Machine Learning Scientist (Ad Cloud),ml_scientist,machine_learning,senior,full_time,onsite,Taipei,TW,,,,,,,,,,,,,,,,,
131,https://job-boards.greenhouse.io/smartsheet/jobs/7599802,"VP, People Business Partnerships",hr_business_partner,hr,senior,full_time,remote,,US,,,,,,,,,,,,,,,,,
1951,https://job-boards.greenhouse.io/capco/jobs/7544193,Sr. Java Full Stack Developer,fullstack_engineer,fullstack,senior,full_time,onsite,Pune,IN,,,,,,,,,,,,,,,,,
227,https://job-boards.greenhouse.io/gomotive/jobs/8365243002,Senior Role Readiness Specialist,customer_success_manager,customer_success,senior,,,Lahore,PK,,,,,,,,,,,,,,,,,
1252,https://job-boards.greenhouse.io/celonis/jobs/6534920003?gh_jid=6534920003,Senior Site Reliability Engineer,site_reliability_engineer,sre,senior,,hybrid,Munich,DE,,,,,,,,,,,,,,,,,
327,https://job-boards.greenhouse.io/canonical/jobs/4517179,Global Head of GSI Alliances,alliance_manager,partnerships,senior,,remote,,,,,,,,,,,,,,,,,,,
675,https://job-boards.greenhouse.io/gleanwork/jobs/4611652005,Senior Technical Program Manager,technical_program_manager,program_management,senior,,onsite,Bangalore,IN,,,,,,,,,,,,,,,,,
188,https://job-boards.greenhouse.io/gomotive/jobs/5476318002,Interested in joining our team?,general_application,,unspecified,,remote,,,,,,,,,,,,,,,,,,,
1909,https://job-boards.greenhouse.io/capco/jobs/6963155,Senior DevOps Engineer,devops_engineer,devops,senior,full_time,,Bratislava,,,,,,,,,,,,,,,,,,
820,https://job-boards.greenhouse.io/grafanalabs/jobs/5811263004,Senior Product Counsel | United States | Remote,legal_counsel,legal,senior,,remote,,US,229462,275355,USD,yearly,,,,,,,,,,,,,
1121,https://job-boards.greenhouse.io/celonis/jobs/7643335003?gh_jid=7643335003,Field CTO,chief_technology_officer,executive leadership,lead,,hybrid,Raleigh,US,,,,,,,,,,,,,,,,,
1682,https://job-boards.greenhouse.io/capco/jobs/7661734,Frontend Developer - React,frontend_engineer,frontend,mid,full_time,hybrid,London,GB,,,,,,,,,,,,,,,,,
806,https://job-boards.greenhouse.io/grafanalabs/jobs/5813618004,Senior Engineering Manager - Platform Metal | Sweden | Remote,software_engineer,management,senior,full_time,remote,,DE,,,,,,,,,,,,,,,,,
61,https://job-boards.greenhouse.io/smartsheet/jobs/7505608,Enterprise Account Executive - State/Local Government,account_executive,sales,senior,full_time,remote,,US,,,,,,,,,,,,,,,,,
1101,https://job-boards.greenhouse.io/celonis/jobs/7230213003?gh_jid=7230213003,Customer Transformation Advisor,other,other,senior,,hybrid,Munich,DE,,,,,,,,,,,,,,,,,
512,https://job-boards.greenhouse.io/canonical/jobs/4541445,Technical Manager - Automotive and Industrial,manager,,senior,,,,,,,,,,,,,,,,,,,,,
1176,https://job-boards.greenhouse.io/celonis/jobs/7532066003?gh_jid=7532066003,Principal Consultant - AI Governance,consultant,consulting,senior,full_time,onsite,Madrid,ES,,,,,,,,,,,,,,,,,
1889,https://job-boards.greenhouse.io/capco/jobs/7101713,Senior Data Analyst,data_analyst,data_analytics,senior,,hybrid,,IN,,,,,,,,,,,,,,,,,
668,https://job-boards.greenhouse.io/gleanwork/jobs/4656042005,Senior Partner Marketing Manager (Channel),marketing_specialist,marketing,senior,,remote,,US,,,,,,,,,,,,,,,,,
1575,https://job-boards.greenhouse.io/capco/jobs/7507582,Business Analyst - Energy,business_analyst,business_analysis,senior,full_time,onsite,Brussels,,,,,,,,,,,,,,,,,,
224,https://job-boards.greenhouse.io/gomotive/jobs/8387963002,"Senior Product Manager, Fleet Management",product_manager,product_management,senior,,remote,,IN,,,,,,,,,,,,,,,,,
862,https://job-boards.greenhouse.io/grafanalabs/jobs/5801259004,Staff Backend Engineer - Adaptive Telemetry | Spain | Remote,backend_engineer,backend,senior,full_time,remote,,ES,,,,,,,,,,,,,,,,,
1657,https://job-boards.greenhouse.io/capco/jobs/7618782,DBT Snowflake Data Engineer,data_engineer,data_engineering,,full_time,unspecified,India - Bengaluru,IN,,,,,,,,,,,,,,,,,
235,https://job-boards.greenhouse.io/gomotive/jobs/8403604002,Senior Technical Support Engineer,it_support_specialist,it_operations,senior,,remote,,,,,,,,,,,,,,,,,,,
111,https://job-boards.greenhouse.io/smartsheet/jobs/7651359,Sr. Packaging & Pricing Analyst (Hybrid in Bangalore),financial_analyst,finance,senior,full_time,hybrid,Bangalore,IN,,,,,,,,,,,,,,,,,
278,https://job-boards.greenhouse.io/canonical/jobs/5915936,Cloud Solutions Architect - Alliances,solutions_architect,architecture,,,,,,,,,,,,,,,,,,,,,,
112,https://job-boards.greenhouse.io/smartsheet/jobs/7634548,Sr. Product Designer (Hybrid in Bangalore),product_designer,design,senior,full_time,hybrid,Bangalore,IN,,,,,,,,,,,,,,,,,
1189,https://job-boards.greenhouse.io/celonis/jobs/7566428003?gh_jid=7566428003,Product Data Scientist,data_scientist,data_science,senior,full_time,onsite,Bangalore,IN,,,,,,,,,,,,,,,,,
1404,https://job-boards.greenhouse.io/appier/jobs/7366768,Senior Machine Learning Scientist (Ads incrementality) - Tokyo,ml_scientist,machine_learning,senior,full_time,onsite,Tokyo,JP,,,,,,,,,,,,,,,,,
289,https://job-boards.greenhouse.io/canonical/jobs/6460571,"Director, Talent Science",talent_analytics_specialist,management,senior,full_time,remote,,,,,,,,,,,,,,,,,,,
1916,https://job-boards.greenhouse.io/capco/jobs/7641216,Senior Full Stack Developer - COM INGLÊS - Remoto,fullstack_engineer,fullstack,senior,full_time,remote,Sao Paulo,BR,,,,,,,,,,,,,,,,,
1479,https://job-boards.greenhouse.io/datacamp/jobs/7327829,Senior Customer Success Manager,customer_success_manager,customer_success,senior,full_time,onsite,New York,US,,,,,,,,,,,,,,,,,
1263,https://job-boards.greenhouse.io/celonis/jobs/7554118003?gh_jid=7554118003,Senior SRE (Reliability Engineering),site_reliability_engineer,sre,senior,full_time,hybrid,Redwood City,US,,,,,,,,,,,,,,,,,
460,https://job-boards.greenhouse.io/canonical/jobs/5570923,Silicon Alliances Ecosystem Development Manager - APAC,alliance_manager,partnerships,senior,full_time,onsite,Taipei,TW,,,,,,,,,,,,,,,,,
122,https://job-boards.greenhouse.io/smartsheet/jobs/7369444,Sr. Technical Program Manager (Hybrid in Bangalore),technical_program_manager,program_management,senior,full_time,hybrid,Bangalore,IN,,,,,,,,,,,,,,,,,
189,https://job-boards.greenhouse.io/gomotive/jobs/5466892002,Interested in joining our team?,general_application,,,,remote,,US,,,,,,,,,,,,,,,,,
1907,https://job-boards.greenhouse.io/capco/jobs/6963178,Senior DevOps Engineer,devops_engineer,devops,senior,full_time,,Prague,,,,,,,,,,,,,,,,,,
818,https://job-boards.greenhouse.io/grafanalabs/jobs/5814154004,Senior Product Counsel | Ireland | Remote,legal_counsel,legal,senior,full_time,remote,,IE,145000,175000,EUR,yearly,,,,,,,,,,,,,
1123,https://job-boards.greenhouse.io/celonis/jobs/7638180003?gh_jid=7638180003,Field CTO,chief_technology_officer,executive leadership,lead,full_time,hybrid,Redwood City,US,,,,,,,,,,,,,,,,,
232,https://job-boards.greenhouse.io/gomotive/jobs/8349913002,"Senior Solutions Engineer, Enterprise (Great Lakes)",software_engineer,software_engineering,senior,,remote,,US,,,,,,,,,,,,,,,,,
363,https://job-boards.greenhouse.io/canonical/jobs/7440256,LATAM Enterprise Account Executive - Spanish speaker,account_executive,sales,senior,,remote,,,,,,,,,,,,,,,,,,,
442,https://job-boards.greenhouse.io/canonical/jobs/7528950,Senior Design Researcher - User Science,other,research,senior,full_time,remote,,,,,,,,,,,,,,,,,,,
1247,https://job-boards.greenhouse.io/celonis/jobs/7600168003?gh_jid=7600168003,Senior Project Manager - FSI,manager,management,senior,full_time,hybrid,New York,US,,,,,,,,,,,,,,,,,
1208,https://job-boards.greenhouse.io/celonis/jobs/7586202003?gh_jid=7586202003,Senior Business Transformation & Process Optimisation Consultant,consultant,consulting,senior,full_time,hybrid,Munich,DE,,,,,,,,,,,,,,,,,
716,https://job-boards.greenhouse.io/gleanwork/jobs/4585815005,Tech Lead Manager - Data Engineering,analytics_manager,data_analytics,senior,full_time,hybrid,Bangalore,IN,,,,,,,,,,,,,,,,,
448,https://job-boards.greenhouse.io/canonical/jobs/3109976,Senior Product Marketing Manager,marketing_specialist,marketing,senior,,,,,,,,,,,,,,,,,,,,,
1584,https://job-boards.greenhouse.io/capco/jobs/7215592,Business Analyst - Product Control/ FX products (She/He/They),business_analyst,business_analysis,senior,full_time,hybrid,,PL,,,,,,,,,,,,,,,,,
513,https://job-boards.greenhouse.io/canonical/jobs/6980703,Technical Product Manager,product_manager,product_management,senior,,remote,,,,,,,,,,,,,,,,,,,
861,https://job-boards.greenhouse.io/grafanalabs/jobs/5801256004,Staff Backend Engineer - Adaptive Telemetry | Germany | Remote,backend_engineer,backend,senior,,remote,,DE,,,,,,,,,,,,,,,,,
164,https://job-boards.greenhouse.io/gomotive/jobs/8213262002,Data Engineer,data_engineer,data_engineering,mid,full_time,onsite,Bangalore,IN,,,,,,,,,,,,,,,,,
1268,https://job-boards.greenhouse.io/celonis/jobs/7609799003?gh_jid=7609799003,Senior Technical Support Engineer,it_support_specialist,it_operations,senior,,hybrid,Madrid,ES,,,,,,,,,,,,,,,,,
121,https://job-boards.greenhouse.io/smartsheet/jobs/7571887,Sr. Tax Accountant - International,accountant,finance,senior,full_time,remote,,US,,,,,,,,,,,,,,,,,
498,https://job-boards.greenhouse.io/canonical/jobs/6292448,Solutions Architect for Automotive,solutions_architect,architecture,,,remote,,,,,,,,,,,,,,,,,,,
1331,https://job-boards.greenhouse.io/thumbtack/jobs/7655955,Content Designer,content_designer,design,unspecified,unspecified,remote,,US,,,,,,,,,,,,,,,,,
46,https://job-boards.greenhouse.io/smartsheet/jobs/7167997,Data Scientist II (Hybrid in Bangalore),data_scientist,data_science,senior,full_time,hybrid,Bangalore,IN,,,,,,,,,,,,,,,,,
1408,https://job-boards.greenhouse.io/appier/jobs/7525287,Senior Machine Learning Scientist - Tokyo,ml_scientist,machine_learning,senior,full_time,onsite,Tokyo,,,,,,,,,,,,,,,,,,
1131,https://job-boards.greenhouse.io/celonis/jobs/7595009003?gh_jid=7595009003,Global People Business Partner,hr_business_partner,hr,senior,full_time,hybrid,New York,US,,,,,,,,,,,,,,,,,
1915,https://job-boards.greenhouse.io/capco/jobs/7456452,Senior Full Stack Developer - COM INGLÊS - Remoto,fullstack_engineer,fullstack,senior,full_time,remote,Sao Paulo,BR,,,,,,,,,,,,,,,,,
168,https://job-boards.greenhouse.io/gomotive/jobs/8419784002,"Director of Customer Success, Canada",customer_success_manager,customer_success,lead,full_time,onsite,,CA,,,,,,,,,,,,,,,,,
462,https://job-boards.greenhouse.io/canonical/jobs/4468036,Site Reliability Engineer,site_reliability_engineer,sre,unspecified,,remote,,,,,,,,,,,,,,,,,,,
265,https://job-boards.greenhouse.io/canonical/jobs/3433732,Alliances Field Engineer,alliance_manager,engineering,mid,full_time,remote,,,,,,,,,,,,,,,,,,,
1319,https://job-boards.greenhouse.io/celonis/jobs/6608935003?gh_jid=6608935003,Technical Program Manager (infosec),technical_program_manager,program_management,lead,,hybrid,Madrid,ES,,,,,,,,,,,,,,,,,
1956,https://job-boards.greenhouse.io/capco/jobs/7622566,Talent Acquisition Lead,technical_recruiter,recruiting,lead,full_time,onsite,Bengaluru,IN,,,,,,,,,,,,,,,,,
1906,https://job-boards.greenhouse.io/capco/jobs/6963156,Senior DevOps Engineer,devops_engineer,devops,senior,full_time,,Kosice,,,,,,,,,,,,,,,,,,
15,https://job-boards.greenhouse.io/omadahealth/jobs/7396423,Senior Employment Counsel,legal_counsel,legal,senior,,remote,,US,211600,264553,USD,yearly,,,,,,,,,,,,,
1118,https://job-boards.greenhouse.io/celonis/jobs/7643337003?gh_jid=7643337003,Field CTO,chief_technology_officer,executive leadership,lead,,hybrid,,US,,,,,,,,,,,,,,,,,
1008,https://job-boards.greenhouse.io/webflow/jobs/7287511,"Director of Product, Infrastructure and Developer Productivity",software_engineer,management,senior,full_time,remote,,US,,,,,,,,,,,,,,,,,
68,https://job-boards.greenhouse.io/smartsheet/jobs/7629449,Inside Account Executive - Public Sector,account_executive,sales,senior,full_time,hybrid,Boston,US,,,,,,,,,,,,,,,,,
1047,https://job-boards.greenhouse.io/webflow/jobs/7589008,Senior Video Producer,other,other,senior,full_time,remote,,US,,,,,,,,,,,,,,,,,
1172,https://job-boards.greenhouse.io/celonis/jobs/7576024003?gh_jid=7576024003,Platform Manager,manager,technology/operations,senior,full_time,onsite,Munich,DE,,,,,,,,,,,,,,,,,
1755,https://job-boards.greenhouse.io/capco/jobs/7642455,Management Consultant - Financial Risk,consultant,consulting,senior,full_time,hybrid,Edinburgh & Glasgow,GB,,,,,,,,,,,,,,,,,
98,https://job-boards.greenhouse.io/smartsheet/jobs/7435911,Sr. Analytics Engineer- Hybrid in Bangalore,analytics_engineer,data_analytics,senior,full_time,hybrid,Bangalore,IN,,,,,,,,,,,,,,,,,
822,https://job-boards.greenhouse.io/grafanalabs/jobs/5783881004,Senior Product Marketing Manager | Germany | Remote,marketing_specialist,marketing,senior,,remote,,DE,,,,,,,,,,,,,,,,,
1874,https://job-boards.greenhouse.io/capco/jobs/7657887,Senior Business Analyst - Guidewire (Insurance),business_analyst,business_analysis,senior,unspecified,hybrid,London,GB,,,,,,,,,,,,,,,,,
400,https://job-boards.greenhouse.io/canonical/jobs/6643476,Product Manager - AI,product_manager,product_management,senior,full_time,remote,,,,,,,,,,,,,,,,,,,
798,https://job-boards.greenhouse.io/grafanalabs/jobs/5783162004,Senior Backend Engineer | Mimir OSS | Sweden | Remote,backend_engineer,backend,senior,full_time,remote,,ES,,,,,,,,,,,,,,,,,
1102,https://job-boards.greenhouse.io/celonis/jobs/7510435003?gh_jid=7510435003,Data Engineer - Applied AI,data_engineer,data_engineering,,full_time,onsite,Bangalore,IN,,,,,,,,,,,,,,,,,
1139,https://job-boards.greenhouse.io/celonis/jobs/7609774003?gh_jid=7609774003,L2 Senior Technical Support Engineer,it_support_specialist,it_operations,senior,,hybrid,Madrid,ES,,,,,,,,,,,,,,,,,
218,https://job-boards.greenhouse.io/gomotive/jobs/8291209002,Senior Finance Operations Analyst,financial_analyst,finance,senior,,remote,,,,,,,,,,,,,,,,,,,
1056,https://job-boards.greenhouse.io/webflow/jobs/7271901,"Webflow Lead Solutions Architect, Strategic Accounts",solutions_architect,architecture,lead,full_time,remote,,US,,,,,,,,,,,,,,,,,
1330,https://job-boards.greenhouse.io/thumbtack/jobs/7655952,Content Designer,content_designer,design,unspecified,unspecified,remote,,US,,,,,,,,,,,,,,,,,
571,https://job-boards.greenhouse.io/gleanwork/jobs/4521356005,"Data Scientist, Core Product",data_scientist,data_science,senior,,onsite,Bangalore,IN,,,,,,,,,,,,,,,,,
932,https://job-boards.greenhouse.io/truebill/jobs/7501181003,"Senior ML Engineer, Product",ml_engineer,machine_learning,senior,,remote,,FL,,,,,,,,,,,,,,,,,
1130,https://job-boards.greenhouse.io/celonis/jobs/7584115003?gh_jid=7584115003,Global People Business Partner,hr_business_partner,hr,senior,,hybrid,Raleigh,US,,,,,,,,,,,,,,,,,
1684,https://job-boards.greenhouse.io/capco/jobs/7064138,Full Stack developer - AI,fullstack_engineer,fullstack,,,,,IN,,,,,,,,,,,,,,,,,
41,https://job-boards.greenhouse.io/smartsheet/jobs/7630247,Client Services Director,customer_success_manager,management,lead,full_time,remote,,US,,,,,,,,,,,,,,,,,
242,https://job-boards.greenhouse.io/gomotive/jobs/8137073002,SRE,site_reliability_engineer,sre,junior,full_time,onsite,Bangalore,IN,,,,,,,,,,,,,,,,,
273,https://job-boards.greenhouse.io/canonical/jobs/4934551,Cloud Alliances Business Development Lead,alliance_manager,partnerships,lead,,remote,,,,,,,,,,,,,,,,,,,
171,https://job-boards.greenhouse.io/gomotive/jobs/8287447002,"Director of TPM, Connected Devices",technical_program_manager,program_management,lead,,hybrid,San Francisco,US,,,,,,,,,,,,,,,,,
1963,https://job-boards.greenhouse.io/capco/jobs/7414507,Technical Recruiter - Contract Hiring,technical_recruiter,recruiting,senior,contract,onsite,New York,US,,,,,,,,,,,,,,,,,
1913,https://job-boards.greenhouse.io/capco/jobs/7530600,Senior DevOps Engineer - Azure,devops_engineer,devops,senior,unspecified,hybrid,London,GB,,,,,,,,,,,,,,,,,
819,https://job-boards.greenhouse.io/grafanalabs/jobs/5814142004,Senior Product Counsel | United Kingdom | Remote,legal_counsel,legal,senior,,remote,,GB,130000,155000,GBP,yearly,,,,,,,,,,,,,
1119,https://job-boards.greenhouse.io/celonis/jobs/7631132003?gh_jid=7631132003,Field CTO,chief_technology_officer,executive_leadership,lead,full_time,hybrid,New York,US,,,,,,,,,,,,,,,,,
1541,https://job-boards.greenhouse.io/capco/jobs/7593546,Automation test Engineer,backend_engineer,software_engineering,senior,contract,remote,,IN,,,,,,,,,,,,,,,,,
77,https://job-boards.greenhouse.io/smartsheet/jobs/7491110,Principal Partner Account Manager,account_manager,sales,senior,,hybrid,Singapore,DE,,,,,,,,,,,,,,,,,
962,https://job-boards.greenhouse.io/gofundme/jobs/7569676,Regulatory Affairs Analyst,other,other,senior,,hybrid,Dublin,IE,,,,,,,,,,,,,,,,,
419,https://job-boards.greenhouse.io/canonical/jobs/6180909,Regional HR Manager - EMEA,manager,human resources,senior,full_time,remote,,,,,,,,,,,,,,,,,,,
1210,https://job-boards.greenhouse.io/celonis/jobs/7631008003?gh_jid=7631008003,Senior Business Transformation & Process Optimisation Consultant - Banking,consultant,consulting,senior,full_time,hybrid,London,GB,,,,,,,,,,,,,,,,,
1895,https://job-boards.greenhouse.io/capco/jobs/7637860,Senior Data Architect - Wealth & Asset Management.,data_analyst,data_analytics,senior,unspecified,hybrid,Edinburgh,GB,,,,,,,,,,,,,,,,,
821,https://job-boards.greenhouse.io/grafanalabs/jobs/5784736004,"Senior Product Marketing Manager | Canada (EST, CST) | Remote",marketing_specialist,marketing,senior,full_time,remote,,CA,,,,,,,,,,,,,,,,,
1572,https://job-boards.greenhouse.io/capco/jobs/7560479,Business Analyst Consultant,business_analyst,business_analysis,senior,full_time,onsite,Brussels,,,,,,,,,,,,,,,,,,
404,https://job-boards.greenhouse.io/canonical/jobs/6643481,Product Manager - Ubuntu,product_manager,product_management,senior,full_time,remote,,,,,,,,,,,,,,,,,,,
791,https://job-boards.greenhouse.io/grafanalabs/jobs/5785663004,Senior Backend Engineer - Grafana k6 | Germany | Remote,backend_engineer,backend,senior,,remote,,DE,,,,,,,,,,,,,,,,,
1544,https://job-boards.greenhouse.io/capco/jobs/7588473,AWS Data Engineer (Mid-Level),data_engineer,data_engineering,senior,unspecified,hybrid,London,GB,,,,,,,,,,,,,,,,,
89,https://job-boards.greenhouse.io/smartsheet/jobs/7364595,Senior NetSuite Administrator (Hybrid in Bangalore),systems_administrator,it_operations,senior,full_time,hybrid,Bangalore,IN,,,,,,,,,,,,,,,,,
97,https://job-boards.greenhouse.io/smartsheet/jobs/7567092,"Sr. Accountant, Corporate Accounting (Hybrid in Bangalore)",accountant,finance,senior,full_time,hybrid,Bangalore,IN,,,,,,,,,,,,,,,,,
1141,https://job-boards.greenhouse.io/celonis/jobs/6647584003?gh_jid=6647584003,Lead AI Deployment Architect,enterprise_architect,architecture,lead,,hybrid,Raleigh,US,,,,,,,,,,,,,,,,,
534,https://job-boards.greenhouse.io/canonical/jobs/7043028,UX Designer - Design systems,product_designer,design,,,,,,,,,,,,,,,,,,,,,,
1375,https://job-boards.greenhouse.io/appier/jobs/1501726,"Data Scientist, Analytics",data_scientist,data_science,senior,full_time,onsite,Taipei,TW,,,,,,,,,,,,,,,,,
1384,https://job-boards.greenhouse.io/appier/jobs/1501746,Machine Learning Scientist,ml_scientist,machine_learning,senior,full_time,onsite,Taipei,TW,,,,,,,,,,,,,,,,,
346,https://job-boards.greenhouse.io/canonical/jobs/7055576,HR Generalist,hr_generalist,hr,lead,,remote,,DE,,,,,,,,,,,,,,,,,
1685,https://job-boards.greenhouse.io/capco/jobs/7456432,Full Stack Developer - COM INGLÊS - Remoto,fullstack_engineer,fullstack,unspecified,full_time,remote,Sao Paulo,BR,,,,,,,,,,,,,,,,,
1372,https://job-boards.greenhouse.io/appier/jobs/7609493,"Customer Success Manager, Vietnam",customer_success_manager,customer_success,senior,contract,onsite,Hồ Chí Minh,,,,,,,,,,,,,,,,,,
464,https://job-boards.greenhouse.io/canonical/jobs/1747487,Site Reliability / Gitops Engineer,site_reliability_engineer,sre,,,remote,,,,,,,,,,,,,,,,,,,
326,https://job-boards.greenhouse.io/canonical/jobs/2383894,Global Head of Cloud Alliances,alliance_manager,partnerships,lead,,remote,,,,,,,,,,,,,,,,,,,
1318,https://job-boards.greenhouse.io/celonis/jobs/6682474003?gh_jid=6682474003,Technical Program Manager (Cybersecurity),technical_program_manager,program_management,lead,,hybrid,Madrid,ES,,,,,,,,,,,,,,,,,
1962,https://job-boards.greenhouse.io/capco/jobs/7414639,Technical Recruiter - Contract Hiring,technical_recruiter,recruiting,senior,contract,onsite,Charlotte,US,,,,,,,,,,,,,,,,,
1551,https://job-boards.greenhouse.io/capco/jobs/7444082,Banco de Talentos - DevOps,devops_engineer,devops,,,,,BR,,,,,,,,,,,,,,,,,
12,https://job-boards.greenhouse.io/omadahealth/jobs/7543805,Senior Commercial Counsel,legal_counsel,legal,senior,contract,remote,,US,197800,247300,USD,yearly,,,,,,,,,,,,,
1421,https://job-boards.greenhouse.io/appier/jobs/7267131,"Senior Software Engineer, Backend Development (Playable Ads)",software_engineer,software_engineering,senior,full_time,remote,,US,,,,,,,,,,,,,,,,,
1163,https://job-boards.greenhouse.io/celonis/jobs/7640708003?gh_jid=7640708003,"Manager, Pre-Sales and Solution Engineering - Nordics",sales_representative,management,senior,full_time,hybrid,Copenhagen,,,,,,,,,,,,,,,,,,
1945,https://job-boards.greenhouse.io/capco/jobs/7613220,Solution Architect - Insurance,other,architecture,senior,full_time,hybrid,,,,,,,,,,,,,,,,,,,
814,https://job-boards.greenhouse.io/grafanalabs/jobs/5797491004,Senior GTM Enablement Manager | EMEA | Remote,manager,operations,senior,,remote,,DE,,,,,,,,,,,,,,,,,
1748,https://job-boards.greenhouse.io/capco/jobs/7533826,"Management Consultant - AML Investigations, Sanctions & Fraud",consultant,consulting,senior,full_time,hybrid,London,GB,,,,,,,,,,,,,,,,,
1896,https://job-boards.greenhouse.io/capco/jobs/7637843,Senior Data Architect - Wealth & Asset Management.,data_analyst,data_analytics,senior,unspecified,hybrid,London,GB,,,,,,,,,,,,,,,,,
405,https://job-boards.greenhouse.io/canonical/jobs/7601064,Product Marketing Manager,marketing_specialist,marketing,senior,,,,,,,,,,,,,,,,,,,,,
1582,https://job-boards.greenhouse.io/capco/jobs/5236287,Business Analyst - Payments (She/He/They),business_analyst,business_analysis,senior,full_time,hybrid,,PL,,,,,,,,,,,,,,,,,
403,https://job-boards.greenhouse.io/canonical/jobs/6643483,Product Manager - Security,product_manager,product_management,senior,full_time,remote,,,,,,,,,,,,,,,,,,,
1924,https://job-boards.greenhouse.io/capco/jobs/7621459,Senior Java Backend Developer,backend_engineer,backend,senior,contract,remote,,IN,,,,,,,,,,,,,,,,,
1638,https://job-boards.greenhouse.io/capco/jobs/7606224,Data Engineer - GCP - LBG,data_engineer,data_engineering,senior,,,,IN,,,,,,,,,,,,,,,,,
1037,https://job-boards.greenhouse.io/webflow/jobs/7646540,"Senior IT Support Specialist, EMEA",it_support_specialist,it_operations,senior,full_time,remote,London,GB,,,,,,,,,,,,,,,,,
1125,https://job-boards.greenhouse.io/celonis/jobs/6659660003?gh_jid=6659660003,Finance Business Partner,accountant,finance,senior,full_time,hybrid,Madrid,ES,,,,,,,,,,,,,,,,,
1140,https://job-boards.greenhouse.io/celonis/jobs/6672115003?gh_jid=6672115003,Lead AI Deployment Architect,enterprise_architect,architecture,lead,,hybrid,Madrid,ES,,,,,,,,,,,,,,,,,
913,https://job-boards.greenhouse.io/correlationone/jobs/5815347004,Learning Designer,content_designer,design,junior,full_time,remote,,US,,,,,,,,,,,,,,,,,
1535,https://job-boards.greenhouse.io/capco/jobs/7435497,Applied AI Data Scientist,data_scientist,data_science,senior,full_time,onsite,Dallas,US,,,,,,,,,,,,,,,,,
1780,https://job-boards.greenhouse.io/capco/jobs/7525374,Mid Data Analytics - Python + AI/ML Engineer,ml_engineer,machine_learning,mid,full_time,onsite,Bengaluru,IN,,,,,,,,,,,,,,,,,
782,https://job-boards.greenhouse.io/grafanalabs/jobs/5762323004,People Business Partner | 12 Month Contract | Sydney or Melbourne | Remote,hr_business_partner,hr,lead,contract,remote,,AU,,,,,,,,,,,,,,,,,
1720,https://job-boards.greenhouse.io/capco/jobs/7621539,Java Full Stack Developer,fullstack_engineer,fullstack,lead,full_time,onsite,Bengaluru,IN,,,,,,,,,,,,,,,,,
319,https://job-boards.greenhouse.io/canonical/jobs/6856788,Enterprise Customer Success Manager,customer_success_manager,customer_success,manager,,remote,,,,,,,,,,,,,,,,,,,
463,https://job-boards.greenhouse.io/canonical/jobs/5535122,Site Reliability Engineering Manager,site_reliability_engineer,sre,lead,full_time,remote,,,,,,,,,,,,,,,,,,,
465,https://job-boards.greenhouse.io/canonical/jobs/6397940,Software Alliance Ecosystem Manager,alliance_manager,partnerships,manager,,remote,,,,,,,,,,,,,,,,,,,
256,https://job-boards.greenhouse.io/gomotive/jobs/8240269002,Technology Program Analyst II,program_analyst,program management,manager,,remote,,,,,,,,,,,,,,,,,,,
1452,https://job-boards.greenhouse.io/aurosglobal/jobs/4647159005,Senior Technical Recruiter,technical_recruiter,recruiting,senior,full_time,onsite,,GB,,,,,,,,,,,,,,,,,
1667,https://job-boards.greenhouse.io/capco/jobs/7559854,DevOps SME - Remoto,devops_engineer,devops,senior,unspecified,remote,Sao Paulo,BR,,,,,,,,,,,,,,,,,
920,https://job-boards.greenhouse.io/truebill/jobs/7607577003,Associate Counsel,legal_counsel,legal,unspecified,full_time,hybrid,Washington,US,120000,165000,USD,yearly,,,,,,,,,,,,,
1284,https://job-boards.greenhouse.io/celonis/jobs/7506864003?gh_jid=7506864003,Senior Vulnerability Management Engineer,software_engineer,software_engineering,senior,,hybrid,Madrid,ES,,,,,,,,,,,,,,,,,
229,https://job-boards.greenhouse.io/gomotive/jobs/8388775002,Senior Sales Development Representative,business_development_representative,sales,senior,full_time,hybrid,United States - Austin,US,,,,,,,,,,,,,,,,,
1955,https://job-boards.greenhouse.io/capco/jobs/7578199,System & Defect Management (She/He/They),other,IT Management,senior,full_time,hybrid,,PL,,,,,,,,,,,,,,,,,
815,https://job-boards.greenhouse.io/grafanalabs/jobs/5793598004,Senior GTM Enablement Manager | EMEA | Remote,manager,operations,senior,,remote,,NL,,,,,,,,,,,,,,,,,
1242,https://job-boards.greenhouse.io/celonis/jobs/7648584003?gh_jid=7648584003,Senior Process Intelligence and Automation Consultant Consultant - Banking,consultant,consulting,senior,,hybrid,London,GB,,,,,,,,,,,,,,,,,
1745,https://job-boards.greenhouse.io/capco/jobs/7464308,Linux & Data Platform Administrator,data_analyst,,,,,Milan,IT,,,,,,,,,,,,,,,,,
1243,https://job-boards.greenhouse.io/celonis/jobs/6610627003?gh_jid=6610627003,Senior Product Marketing Manager - IT Modernization,marketing_specialist,marketing,senior,full_time,hybrid,Munich,DE,,,,,,,,,,,,,,,,,
1563,https://job-boards.greenhouse.io/capco/jobs/7667754,Business Analysis - SR-BA - Cloud migration (AWS),business_analyst,business_analysis,senior,full_time,hybrid,,IN,,,,,,,,,,,,,,,,,
399,https://job-boards.greenhouse.io/canonical/jobs/5029257,Product Manager,product_manager,product_management,senior,,remote,,,,,,,,,,,,,,,,,,,
1866,https://job-boards.greenhouse.io/capco/jobs/7529731,Senior Backend Developer/Full Stack Developer,backend_engineer,backend,senior,,remote,,,,,,,,,,,,,,,,,,,
1897,https://job-boards.greenhouse.io/capco/jobs/7461931,Senior Data Engineer,data_engineer,data_engineering,senior,,onsite,Pune,IN,,,,,,,,,,,,,,,,,
255,https://job-boards.greenhouse.io/gomotive/jobs/6533318002,Technical Support Specialist - Spanish,it_support_specialist,it_operations,,,remote,,,,,,,,,,,,,,,,,,,
324,https://job-boards.greenhouse.io/canonical/jobs/4181031,Financial Analyst,financial_analyst,finance,junior,unspecified,remote,,,,,,,,,,,,,,,,,,,
1693,https://job-boards.greenhouse.io/capco/jobs/7566040,GEN AI Architect,enterprise_architect,architecture,senior,,onsite,India - Bengaluru,IN,,,,,,,,,,,,,,,,,
912,https://job-boards.greenhouse.io/correlationone/jobs/5815345004,Learning Designer,content_designer,design,junior,full_time,remote,,US,,,,,,,,,,,,,,,,,
1904,https://job-boards.greenhouse.io/capco/jobs/7549466,Senior Data Scientist,data_scientist,data_science,senior,full_time,hybrid,London,GB,,,,,,,,,,,,,,,,,
943,https://job-boards.greenhouse.io/nansen/jobs/5118185004,Senior AI/ML Engineer,ml_engineer,machine_learning,senior,full_time,remote,,,,,,,,,,,,,,,,,,,
344,https://job-boards.greenhouse.io/canonical/jobs/5100204,Head of Talent Development,hr_manager,management,lead,,,,,,,,,,,,,,,,,,,,,
1466,https://job-boards.greenhouse.io/datacamp/jobs/7630615,Full Stack Engineer Intern (TypeScript/JS),fullstack_engineer,fullstack,intern,internship,,Leuven,,,,,,,,,,,,,,,,,,
1007,https://job-boards.greenhouse.io/webflow/jobs/7488576,"Customer Success Manager, EMEA",customer_success_manager,customer_success,manager,full_time,hybrid,London,GB,,,,,,,,,,,,,,,,,
1302,https://job-boards.greenhouse.io/celonis/jobs/6534873003?gh_jid=6534873003,Staff Software Engineer - Site Reliability,site_reliability_engineer,sre,unspecified,full_time,hybrid,New York,US,,,,,,,,,,,,,,,,,
461,https://job-boards.greenhouse.io/canonical/jobs/7561124,Silicon Alliances Ecosystem Development Manager - Shanghai or Beijing,alliance_manager,partnerships,manager,full_time,onsite,Shanghai or Beijing,CN,,,,,,,,,,,,,,,,,
677,https://job-boards.greenhouse.io/gleanwork/jobs/4628714005,"Senior Technical Program Manager, Infrastructure (TPM)",technical_program_manager,program_management,senior,full_time,hybrid,Palo Alto,CA,198000,235500,USD,yearly,,,,,,,,,,,,,
1961,https://job-boards.greenhouse.io/capco/jobs/7592033,Technical Recruiter - Contract Hiring,technical_recruiter,recruiting,senior,contract,onsite,Orlando,US,,,,,,,,,,,,,,,,,
1911,https://job-boards.greenhouse.io/capco/jobs/7366771,Senior DevOps Engineer - AWS,devops_engineer,devops,senior,unspecified,hybrid,London,GB,,,,,,,,,,,,,,,,,
241,https://job-boards.greenhouse.io/gomotive/jobs/7284384002,"Solutions Engineer, Mid Market — CA/OR/WA",software_engineer,software_engineering,mid,,remote,,US,,,,,,,,,,,,,,,,,
49,https://job-boards.greenhouse.io/smartsheet/jobs/7608763,Enterprise Account Executive,account_executive,sales,senior,full_time,remote,,US,,,,,,,,,,,,,,,,,
1128,https://job-boards.greenhouse.io/celonis/jobs/7614464003?gh_jid=7614464003,Global Events (Senior) Specialist,other,Marketing/Events,senior,full_time,hybrid,Munich,DE,,,,,,,,,,,,,,,,,
93,https://job-boards.greenhouse.io/smartsheet/jobs/7593216,Services Operations Analyst (Remote Elegible - Costa Rica),operations_specialist,operations,senior,full_time,remote,,CR,,,,,,,,,,,,,,,,,
1217,https://job-boards.greenhouse.io/celonis/jobs/6645943003?gh_jid=6645943003,Senior Consultant - Supply Chain Management,consultant,consulting,senior,,hybrid,Milan,IT,,,,,,,,,,,,,,,,,
1220,https://job-boards.greenhouse.io/celonis/jobs/7570041003?gh_jid=7570041003,Senior Data Analytics and Supply Chain Transformation - Automotive / Manufacturing,consultant,data_analytics,senior,full_time,hybrid,Stockholm,,,,,,,,,,,,,,,,,,
1223,https://job-boards.greenhouse.io/celonis/jobs/7565713003?gh_jid=7565713003,Senior Field Marketing Manager - Public Sector,marketing_specialist,marketing,senior,full_time,hybrid,Raleigh,US,,,,,,,,,,,,,,,,,
1577,https://job-boards.greenhouse.io/capco/jobs/5697864,Business Analyst - Financial Services,business_analyst,business_analysis,senior,full_time,onsite,Milan,IT,,,,,,,,,,,,,,,,,
380,https://job-boards.greenhouse.io/canonical/jobs/6458166,"Manager, Product Manager",product_manager,product_management,senior,,remote,,,,,,,,,,,,,,,,,,,
796,https://job-boards.greenhouse.io/grafanalabs/jobs/5783167004,Senior Backend Engineer | Mimir OSS | Germany | Remote,backend_engineer,backend,senior,,remote,,DE,,,,,,,,,,,,,,,,,
1640,https://job-boards.greenhouse.io/capco/jobs/7436197,Data Engineer - Scala,data_engineer,data_engineering,senior,,onsite,Bengaluru,IN,,,,,,,,,,,,,,,,,
384,https://job-boards.greenhouse.io/canonical/jobs/6391434,NetSuite Administrator,systems_administrator,it_operations,,,,,,,,,,,,,,,,,,,,,,
264,https://job-boards.greenhouse.io/canonical/jobs/5569916,Accountant,accountant,finance,unspecified,full_time,remote,,GB,,,,,,,,,,,,,,,,,
1524,https://job-boards.greenhouse.io/capco/jobs/7651043,AI Technical Architect,enterprise_architect,architecture,senior,full_time,onsite,Orlando,US,,,,,,,,,,,,,,,,,
48,https://job-boards.greenhouse.io/smartsheet/jobs/7630792,"Director, Product Design (Remote Eligible)",product_designer,management,lead,full_time,remote,,US,,,,,,,,,,,,,,,,,
979,https://job-boards.greenhouse.io/gofundme/jobs/7494744,"Staff Data Scientist, Pricing",data_scientist,data_science,senior,full_time,hybrid,San Francisco,CA,179500,269500,USD,yearly,,,,,,,,,,,,,
980,https://job-boards.greenhouse.io/gofundme/jobs/7456574,Staff Machine Learning Engineer,ml_engineer,machine_learning,unspecified,,hybrid,Buenos Aires,,,,,,,,,,,,,,,,,,
509,https://job-boards.greenhouse.io/canonical/jobs/7214510,Talent Scientist - Graduate Lead,talent_analytics_specialist,,junior,,remote,,,,,,,,,,,,,,,,,,,
1686,https://job-boards.greenhouse.io/capco/jobs/7548507,Full-stack Engineer - Remoto,fullstack_engineer,fullstack,senior,,remote,Sao Paulo,BR,,,,,,,,,,,,,,,,,
320,https://job-boards.greenhouse.io/canonical/jobs/7084000,Enterprise Customer Success Manager (French speaker),customer_success_manager,customer_success,manager,,remote,,,,,,,,,,,,,,,,,,,
246,https://job-boards.greenhouse.io/gomotive/jobs/8137075002,Staff Site Reliability Engineer,site_reliability_engineer,sre,unspecified,full_time,remote,,US,,,,,,,,,,,,,,,,,
352,https://job-boards.greenhouse.io/canonical/jobs/7607749,ISV Technical Alliance Manager,alliance_manager,partnerships,manager,,remote,,,,,,,,,,,,,,,,,,,
676,https://job-boards.greenhouse.io/gleanwork/jobs/4657161005,"Senior Technical Program Manager, Billing (TPM)",technical_program_manager,program_management,senior,full_time,hybrid,Palo Alto,CA,198000,235500,USD,yearly,,,,,,,,,,,,,
1562,https://job-boards.greenhouse.io/capco/jobs/7607670,Bilingual Talent Acquisition Partner - Montreal or Toronto,technical_recruiter,recruiting,junior,internship,onsite,"Montreal, Toronto",CA,,,,,,,,,,,,,,,,,
1912,https://job-boards.greenhouse.io/capco/jobs/7563697,Senior DevOps Engineer (AWS) - Payments (She/ He/ They),devops_engineer,devops,senior,full_time,onsite,,PL,,,,,,,,,,,,,,,,,
1433,https://job-boards.greenhouse.io/appier/jobs/7588024,"Software Engineer, General Backend Development, Enterprise Solution - Tokyo,Japan",software_engineer,software_engineering,senior,full_time,onsite,Tokyo,US,,,,,,,,,,,,,,,,,
395,https://job-boards.greenhouse.io/canonical/jobs/5572475,"Partner Sales Manager - Hewlett Packard Enterprise, India",sales_representative,sales,senior,full_time,onsite,,IN,,,,,,,,,,,,,,,,,
1823,https://job-boards.greenhouse.io/capco/jobs/7653279,Product Owner (Agile/Scrum),other,product_management,senior,full_time,hybrid,Brussels,,,,,,,,,,,,,,,,,,
411,https://job-boards.greenhouse.io/canonical/jobs/4732475,Public Cloud Project Manager,manager,operations,senior,full_time,remote,,,,,,,,,,,,,,,,,,,
1229,https://job-boards.greenhouse.io/celonis/jobs/7479634003?gh_jid=7479634003,Senior Management & Technology Consultant - Supply Chain,consultant,consulting,senior,,hybrid,Amsterdam,NL,,,,,,,,,,,,,,,,,
1893,https://job-boards.greenhouse.io/capco/jobs/7570817,Senior Data Architect,data_analyst,data_analytics,senior,full_time,hybrid,London,GB,,,,,,,,,,,,,,,,,
105,https://job-boards.greenhouse.io/smartsheet/jobs/7642923,"Sr. Director, Product Marketing",marketing_specialist,marketing,senior,full_time,hybrid,,US,,,,,,,,,,,,,,,,,
994,https://job-boards.greenhouse.io/levio/jobs/8425563002,HRIS Business Analyst,business_analyst,business_analysis,junior,full_time,hybrid,Montreal,CA,,,,,,,,,,,,,,,,,
1933,https://job-boards.greenhouse.io/capco/jobs/7519425,Senior Product Manager - Product & Experience,product_manager,product_management,senior,full_time,hybrid,London,GB,,,,,,,,,,,,,,,,,
1925,https://job-boards.greenhouse.io/capco/jobs/7657648,Senior Java Backend Developer,backend_engineer,backend,senior,,,,IN,,,,,,,,,,,,,,,,,
1641,https://job-boards.greenhouse.io/capco/jobs/7310122,Data Engineer - Snowflake,data_engineer,data_engineering,unspecified,full_time,onsite,Zurich,CH,,,,,,,,,,,,,,,,,
577,https://job-boards.greenhouse.io/gleanwork/jobs/4520716005,Designated Technical Support Engineer,it_support_specialist,it_operations,junior,unspecified,remote,,US,,,,,,,,,,,,,,,,,
424,https://job-boards.greenhouse.io/canonical/jobs/3830645,Revenue Accountant,accountant,finance,junior,full_time,remote,,GB,,,,,,,,,,,,,,,,,
1941,https://job-boards.greenhouse.io/capco/jobs/7615415,Senior Solutions and Enterprise Architect,enterprise_architect,architecture,senior,unspecified,hybrid,London,GB,,,,,,,,,,,,,,,,,
1528,https://job-boards.greenhouse.io/capco/jobs/7609970,AI UX/UI Designer (She/He/They),product_designer,design,lead,contract,hybrid,,PL,,,,,,,,,,,,,,,,,
1354,https://job-boards.greenhouse.io/thumbtack/jobs/7308675,"Staff Data Scientist, Marketing",data_scientist,data_science,senior,full_time,remote,,US,193800,250800,USD,yearly,,,,,,,,,,,,,
1406,https://job-boards.greenhouse.io/appier/jobs/6986240,Senior Machine Learning Scientist (Enterprise Solution),ml_scientist,machine_learning,senior,full_time,onsite,Taipei,TW,,,,,,,,,,,,,,,,,
334,https://job-boards.greenhouse.io/canonical/jobs/7048263,Graduate HR Generalist - AMER,hr_generalist,hr,junior,internship,remote,,US,,,,,,,,,,,,,,,,,
929,https://job-boards.greenhouse.io/truebill/jobs/7571604003,"Senior Full Stack Engineer, Horizon",fullstack_engineer,fullstack,senior,full_time,onsite,,US,150000,185000,USD,yearly,,,,,,,,,,,,,
1332,https://job-boards.greenhouse.io/thumbtack/jobs/7278601,Customer Success Manager (Retention & Growth),customer_success_manager,customer_success,manager,full_time,remote,,US,,,,,,,,,,,,,,,,,
619,https://job-boards.greenhouse.io/gleanwork/jobs/4654833005,Lead Site Reliability Engineer,site_reliability_engineer,sre,senior,full_time,hybrid,Palo Alto,,200000,260000,USD,yearly,,,,,,,,,,,,,
467,https://job-boards.greenhouse.io/canonical/jobs/6300377,"Software Alliances Director, EMEA",alliance_manager,partnerships,director,full_time,onsite,,,,,,,,,,,,,,,,,,,
678,https://job-boards.greenhouse.io/gleanwork/jobs/4628879005,Senior Technical Program Manager (TPM),technical_program_manager,program_management,senior,full_time,hybrid,Palo Alto,CA,198000,235500,USD,yearly,,,,,,,,,,,,,
1709,https://job-boards.greenhouse.io/capco/jobs/7657119,Intern -Talent Acquisition - Scheduler,technical_recruiter,recruiting,intern,internship,onsite,Bengaluru,IN,,,,,,,,,,,,,,,,,
1816,https://job-boards.greenhouse.io/capco/jobs/7366770,Principal DevOps Engineer - AWS,devops_engineer,devops,unspecified,unspecified,hybrid,London,GB,,,,,,,,,,,,,,,,,
398,https://job-boards.greenhouse.io/canonical/jobs/5792361,Performance Engineer - Open Source,software_engineer,software_engineering,junior,unspecified,remote,,,,,,,,,,,,,,,,,,,
894,https://job-boards.greenhouse.io/grafanalabs/jobs/5769728004,"Strategic Account Executive, Growth | Bay Area | Remote",account_executive,sales,senior,full_time,remote,,US,,,,,,,,,,,,,,,,,
995,https://job-boards.greenhouse.io/levio/jobs/8425939002,HRIS PMO Coordinator,other,other,,full_time,hybrid,Montreal,CA,,,,,,,,,,,,,,,,,
816,https://job-boards.greenhouse.io/grafanalabs/jobs/5793596004,Senior GTM Enablement Manager | EMEA | Remote,manager,operations,senior,,remote,,GB,,,,,,,,,,,,,,,,,
1287,https://job-boards.greenhouse.io/celonis/jobs/7562875003?gh_jid=7562875003,Services Consultant,consultant,consulting,,full_time,onsite,Bangalore,IN,,,,,,,,,,,,,,,,,
76,https://job-boards.greenhouse.io/smartsheet/jobs/7395033,Principal Analytics Engineer (Data Architect) - Hybrid in Bangalore,analytics_engineer,data_analytics,senior,full_time,hybrid,Bangalore,IN,,,,,,,,,,,,,,,,,
176,https://job-boards.greenhouse.io/gomotive/jobs/8382162002,Field Marketing Specialist,field_marketing_specialist,marketing,senior,full_time,hybrid,Mexico City,,,,,,,,,,,,,,,,,,
1567,https://job-boards.greenhouse.io/capco/jobs/7667896,Business Analyst (Banking),business_analyst,business_analysis,junior,full_time,onsite,Bangkok,,,,,,,,,,,,,,,,,,
132,https://job-boards.greenhouse.io/smartsheet/jobs/7398296,"VP, Product Management (Hybrid in Bangalore)",product_manager,product_management,senior,full_time,hybrid,Bangalore,IN,,,,,,,,,,,,,,,,,
789,https://job-boards.greenhouse.io/grafanalabs/jobs/5711140004,Senior Backend Engineer - Grafana App Platform | Canada | Remote,backend_engineer,backend,senior,,remote,,CA,,,,,,,,,,,,,,,,,
1637,https://job-boards.greenhouse.io/capco/jobs/5576791,Data Engineer for Banking,data_engineer,data_engineering,lead,contract,onsite,Bratislava,,,,,,,,,,,,,,,,,,
435,https://job-boards.greenhouse.io/canonical/jobs/6371231,Salesforce Administrator,systems_administrator,it_operations,,,,,,,,,,,,,,,,,,,,,,
505,https://job-boards.greenhouse.io/canonical/jobs/7556942,Systems & Controls Accountant,accountant,finance,lead,,remote,,,,,,,,,,,,,,,,,,,
1525,https://job-boards.greenhouse.io/capco/jobs/7651013,AI Technical Architect,enterprise_architect,architecture,senior,full_time,onsite,New York,US,,,,,,,,,,,,,,,,,
636,https://job-boards.greenhouse.io/gleanwork/jobs/4389568005,Product Designer,product_designer,design,junior,full_time,onsite,Bangalore,IN,,,,,,,,,,,,,,,,,
1334,https://job-boards.greenhouse.io/thumbtack/jobs/7565623,"Data Scientist II, Marketing",data_scientist,data_science,senior,full_time,remote,,US,150500,194700,USD,yearly,,,,,,,,,,,,,
1407,https://job-boards.greenhouse.io/appier/jobs/6914984,"Senior Machine Learning Scientist, LLM",ml_scientist,machine_learning,senior,full_time,onsite,Taipei,TW,,,,,,,,,,,,,,,,,
335,https://job-boards.greenhouse.io/canonical/jobs/5253092,Graduate HR Generalist - APAC,hr_generalist,hr,junior,internship,remote,,,,,,,,,,,,,,,,,,,
1495,https://job-boards.greenhouse.io/kalepa/jobs/5737411004,Senior Full Stack Engineer - Core UX (Europe),fullstack_engineer,fullstack,senior,full_time,remote,,,85000,155000,USD,yearly,,,,,,,,,,,,,
1370,https://job-boards.greenhouse.io/appier/jobs/7562958,Customer Success Manager(Enterprise),customer_success_manager,customer_success,manager,,unspecified,Tokyo,,,,,,,,,,,,,,,,,,
831,https://job-boards.greenhouse.io/grafanalabs/jobs/5808860004,"Senior Software Engineer - Grafana Databases, SRE | Spain | Remote",site_reliability_engineer,sre,senior,,remote,,ES,82988,99586,EUR,yearly,,,,,,,,,,,,,
466,https://job-boards.greenhouse.io/canonical/jobs/7607786,"Software Alliances Director, Americas",alliance_manager,partnerships,director,,remote,,,,,,,,,,,,,,,,,,,
938,https://job-boards.greenhouse.io/truebill/jobs/7619953003,"Technical Program Manager, Data",technical_program_manager,program_management,lead,,onsite,San Francisco,OR,100000,150000,USD,yearly,,,,,,,,,,,,,
724,https://job-boards.greenhouse.io/gleanwork/jobs/4627687005,Technical Recruiter (Contractor- 6 months),technical_recruiter,recruiting,,contract,hybrid,Palo Alto,,80,100,USD,hourly,,,,,,,,,,,,,
1817,https://job-boards.greenhouse.io/capco/jobs/7530599,Principal DevOps Engineer - Azure,devops_engineer,devops,unspecified,unspecified,hybrid,London,GB,,,,,,,,,,,,,,,,,
477,https://job-boards.greenhouse.io/canonical/jobs/2614095,Software Engineer - Industrial IoT,software_engineer,software engineering,junior,unspecified,remote,,,,,,,,,,,,,,,,,,,
1202,https://job-boards.greenhouse.io/celonis/jobs/7577394003?gh_jid=7577394003,Sales Director Benelux,sales_representative,management,senior,full_time,onsite,Amsterdam,NL,,,,,,,,,,,,,,,,,
185,https://job-boards.greenhouse.io/gomotive/jobs/8387980002,Instructional Designer,other,other,unspecified,unspecified,remote,,US,,,,,,,,,,,,,,,,,
1232,https://job-boards.greenhouse.io/celonis/jobs/7530137003?gh_jid=7530137003,"Senior Manager, Executive Programs",manager,,manager,full_time,onsite,Madrid,ES,,,,,,,,,,,,,,,,,
180,https://job-boards.greenhouse.io/gomotive/jobs/8379119002,Implementation Consultant,implementation_consultant,consulting,,,remote,,,,,,,,,,,,,,,,,,,
1894,https://job-boards.greenhouse.io/capco/jobs/7570775,Senior Data Architect,data_analyst,data_analytics,senior,full_time,hybrid,Edinburgh,GB,,,,,,,,,,,,,,,,,
1224,https://job-boards.greenhouse.io/celonis/jobs/6524477003?gh_jid=6524477003,Senior Field Marketing Manager - Public Sector,marketing_specialist,marketing,senior,full_time,hybrid,New York,US,,,,,,,,,,,,,,,,,
1540,https://job-boards.greenhouse.io/capco/jobs/7645324,Automation BA - Glasgow,business_analyst,business_analysis,,full_time,hybrid,Glasgow,,,,,,,,,,,,,,,,,,
223,https://job-boards.greenhouse.io/gomotive/jobs/8367361002,"Senior Product Manager, Financial Products",product_manager,product_management,senior,,onsite,Bangalore,IN,,,,,,,,,,,,,,,,,
800,https://job-boards.greenhouse.io/grafanalabs/jobs/5799744004,Senior Backend Engineer - Mimir | USA | Remote,backend_engineer,backend,senior,,remote,,US,,,,,,,,,,,,,,,,,
1636,https://job-boards.greenhouse.io/capco/jobs/5576792,Data Engineer for Banking,data_engineer,data_engineering,senior,contract,onsite,Kosice,,,,,,,,,,,,,,,,,,
727,https://job-boards.greenhouse.io/gleanwork/jobs/4603038005,Technical Support Engineer,it_support_specialist,it_operations,junior,full_time,onsite,Bangalore,IN,,,,,,,,,,,,,,,,,
1538,https://job-boards.greenhouse.io/capco/jobs/7663207,Assistant Controller - US Region,accountant,finance,senior,full_time,onsite,"Charlotte, New York, Chicago, Orlando",US,,,,,,,,,,,,,,,,,
1177,https://job-boards.greenhouse.io/celonis/jobs/5950671003?gh_jid=5950671003,Principal Enterprise Architect,enterprise_architect,architecture,unspecified,full_time,hybrid,New York,US,,,,,,,,,,,,,,,,,
1972,https://job-boards.greenhouse.io/capco/jobs/7577903,UI Designer (She/He/They),,design,,contract,,,PL,,,,,,,,,,,,,,,,,
1333,https://job-boards.greenhouse.io/thumbtack/jobs/7565622,"Data Scientist II, Marketing",data_scientist,data_science,senior,full_time,remote,,US,164900,213400,USD,yearly,,,,,,,,,,,,,
1521,https://job-boards.greenhouse.io/capco/jobs/7349055,AI/ML Engineer / Solution Designer – Toronto - Hybrid,ml_engineer,machine_learning,,full_time,hybrid,Canada - Toronto,CA,118000,135000,USD,yearly,,,,,,,,,,,,,
342,https://job-boards.greenhouse.io/canonical/jobs/6464146,Graduate Talent Scientist,talent_analytics_specialist,,junior,internship,remote,,,,,,,,,,,,,,,,,,,
926,https://job-boards.greenhouse.io/truebill/jobs/7637297003,"Senior Full Stack Engineer, AI & Data Products",fullstack_engineer,fullstack,senior,full_time,remote,,US,150000,185000,USD,yearly,,,,,,,,,,,,,
321,https://job-boards.greenhouse.io/canonical/jobs/7549144,Enterprise Customer Success Manager (Japanese speaker),customer_success_manager,customer_success,manager,,remote,,,,,,,,,,,,,,,,,,,
833,https://job-boards.greenhouse.io/grafanalabs/jobs/5808862004,"Senior Software Engineer - Grafana Databases, SRE | United Kingdom | Remote",site_reliability_engineer,sre,senior,,remote,,GB,91755,110106,GBP,yearly,,,,,,,,,,,,,
29,https://job-boards.greenhouse.io/omadahealth/jobs/7540354,Strategic Alliance Manager,alliance_manager,partnerships,senior,,remote,,US,174504,208100,USD,yearly,,,,,,,,,,,,,
723,https://job-boards.greenhouse.io/gleanwork/jobs/4657199005,"Technical Program Manager, Connectors (TPM)",technical_program_manager,program_management,unspecified,full_time,hybrid,Palo Alto,CA,198000,235500,USD,yearly,,,,,,,,,,,,,
288,https://job-boards.greenhouse.io/canonical/jobs/5143011,Developer Relations Engineer,software_engineer,software_engineering,junior,unspecified,remote,,,,,,,,,,,,,,,,,,,
154,https://job-boards.greenhouse.io/gomotive/jobs/8304034002,Business Development Representative - Mexico City,business_development_representative,sales,junior,full_time,onsite,Mexico City,,,,,,,,,,,,,,,,,,
1976,https://job-boards.greenhouse.io/capco/jobs/7578368,Workstation Configuration Specialist (She/He/They),,,,contract,remote,,PL,,,,,,,,,,,,,,,,,
1836,https://job-boards.greenhouse.io/capco/jobs/7440215,Project Manager - Core Banking (Avaloq) (She/He/They),manager,management,senior,contract,hybrid,,PL,,,,,,,,,,,,,,,,,
293,https://job-boards.greenhouse.io/canonical/jobs/6224403,Embedded Linux Consultant - Japan,consultant,consulting,,unspecified,remote,,,,,,,,,,,,,,,,,,,
377,https://job-boards.greenhouse.io/canonical/jobs/6177790,MAAS Data Center Infrastructure Engineer (Toronto area),,engineering,mid,full_time,onsite,Toronto,CA,,,,,,,,,,,,,,,,,
966,https://job-boards.greenhouse.io/gofundme/jobs/7524144,"Senior Director, Content Risk",marketing_manager,management,director,full_time,onsite,Dublin,IE,,,,,,,,,,,,,,,,,
1569,https://job-boards.greenhouse.io/capco/jobs/7653212,Business Analyst - Card Issuing (She/He/They),business_analyst,business_analysis,senior,full_time,hybrid,,PL,,,,,,,,,,,,,,,,,
644,https://job-boards.greenhouse.io/gleanwork/jobs/4597178005,"Product Manager, Connectors",product_manager,product_management,senior,,onsite,Bangalore,IN,,,,,,,,,,,,,,,,,
736,https://job-boards.greenhouse.io/dv01/jobs/8427825002,Sr. Backend Engineer,backend_engineer,backend,senior,full_time,remote,,US,,,,,,,,,,,,,,,,,
1634,https://job-boards.greenhouse.io/capco/jobs/5576793,Data Engineer for Banking,data_engineer,data_engineering,senior,contract,onsite,Prague,,,,,,,,,,,,,,,,,,
728,https://job-boards.greenhouse.io/gleanwork/jobs/4666849005,Technical Support Engineer (PST shift hours 9:30PM - 6:30AM IST),it_support_specialist,it_operations,,,onsite,Bangalore,IN,,,,,,,,,,,,,,,,,
1537,https://job-boards.greenhouse.io/capco/jobs/7663121,Assistant Controller - US Region,accountant,finance,senior,full_time,onsite,"New York, Chicago, Charlotte, or Orlando",US,,,,,,,,,,,,,,,,,
1183,https://job-boards.greenhouse.io/celonis/jobs/7479313003?gh_jid=7479313003,Principal Enterprise Architect (Public Sector),enterprise_architect,architecture,unspecified,full_time,hybrid,,US,,,,,,,,,,,,,,,,,
1430,https://job-boards.greenhouse.io/appier/jobs/7525624,Senior/Staff Product designer,product_designer,design,senior,full_time,onsite,Taipei,TW,,,,,,,,,,,,,,,,,
1346,https://job-boards.greenhouse.io/thumbtack/jobs/7576128,"Senior Data Scientist, People Analytics",data_scientist,data_science,senior,full_time,remote,,US,168300,217800,USD,yearly,,,,,,,,,,,,,
621,https://job-boards.greenhouse.io/gleanwork/jobs/4605215005,"Machine Learning Engineer, AI Assistant + Autonomous AI Agents",ml_engineer,machine_learning,senior,full_time,hybrid,San Francisco Bay Area,US,240000,300000,USD,yearly,,,,,,,,,,,,,
151,https://job-boards.greenhouse.io/gomotive/jobs/8329430002,Associate People Business Partner,hr_business_partner,hr,unspecified,full_time,hybrid,Islamabad,,,,,,,,,,,,,,,,,,
930,https://job-boards.greenhouse.io/truebill/jobs/7641073003,"Senior Full Stack Engineer, Product",fullstack_engineer,fullstack,senior,full_time,unspecified,"Silver Spring, NYC, SF, Miami, Denver",US,150000,185000,USD,yearly,,,,,,,,,,,,,
333,https://job-boards.greenhouse.io/canonical/jobs/6103331,Graduate Customer Success Manager,customer_success_manager,customer_success,manager,full_time,remote,,,,,,,,,,,,,,,,,,,
830,https://job-boards.greenhouse.io/grafanalabs/jobs/5808863004,"Senior Software Engineer - Grafana Databases, SRE | Germany | Remote",site_reliability_engineer,sre,senior,,remote,,DE,97034,116441,EUR,yearly,,,,,,,,,,,,,
472,https://job-boards.greenhouse.io/canonical/jobs/4398031,Software Engineer - Cloud Images,software_engineer,software_engineering,junior,,remote,,,,,,,,,,,,,,,,,,,
39,https://job-boards.greenhouse.io/smartsheet/jobs/5955645,Business Development Representative,business_development_representative,sales,,,remote,,AU,,,,,,,,,,,,,,,,,
468,https://job-boards.greenhouse.io/canonical/jobs/5881447,Software Architect - Containers / Virtualisation,other,architecture,senior,full_time,remote,,,,,,,,,,,,,,,,,,,
156,https://job-boards.greenhouse.io/gomotive/jobs/8307807002,Business Strategy & Operations Analyst II-4,operations_specialist,operations,,,hybrid,Lahore,,,,,,,,,,,,,,,,,,
903,https://job-boards.greenhouse.io/correlationone/jobs/5639774004,GenAI Curriculum Consultant,consultant,consulting,junior,full_time,remote,,US,,,,,,,,,,,,,,,,,
1105,https://job-boards.greenhouse.io/celonis/jobs/7211726003?gh_jid=7211726003,"Director, Data & AI Partnerships",analytics_director,management,lead,full_time,hybrid,New York,US,,,,,,,,,,,,,,,,,
283,https://job-boards.greenhouse.io/canonical/jobs/6943565,Content marketing team manager,marketing_specialist,marketing,lead,,remote,,,,,,,,,,,,,,,,,,,
1580,https://job-boards.greenhouse.io/capco/jobs/7570364,Business Analyst (Insurance),business_analyst,business_analysis,mid,full_time,onsite,Bangkok,,,,,,,,,,,,,,,,,,
401,https://job-boards.greenhouse.io/canonical/jobs/6643965,Product Manager - Cloud,product_manager,product_management,lead,,remote,,,,,,,,,,,,,,,,,,,
864,https://job-boards.greenhouse.io/grafanalabs/jobs/5801257004,Staff Backend Engineer - Adaptive Telemetry | UK | Remote,backend_engineer,backend,senior,,remote,,GB,,,,,,,,,,,,,,,,,
1635,https://job-boards.greenhouse.io/capco/jobs/6299632,Data Engineer for Banking,data_engineer,data_engineering,lead,contract,onsite,Brno,,,,,,,,,,,,,,,,,,
253,https://job-boards.greenhouse.io/gomotive/jobs/6903824002,Technical Support Engineer,technical_support_engineer,it_operations,lead,,remote,,,,,,,,,,,,,,,,,,,
1678,https://job-boards.greenhouse.io/capco/jobs/7241776,"Executive Director- Leading Finance, Risk & Regulatory Function",accountant,finance,senior,,onsite,Bengaluru,IN,,,,,,,,,,,,,,,,,
1175,https://job-boards.greenhouse.io/celonis/jobs/7618605003?gh_jid=7618605003,Principal AI Deployment Architect,enterprise_architect,architecture,unspecified,,onsite,Madrid,ES,,,,,,,,,,,,,,,,,
535,https://job-boards.greenhouse.io/canonical/jobs/7043026,UX Designer - Developer experience,,design,manager,,,,,,,,,,,,,,,,,,,,,
674,https://job-boards.greenhouse.io/gleanwork/jobs/4658096005,"Senior/Staff Data Scientist, Infrastructure",data_scientist,data_science,senior,full_time,hybrid,San Francisco Bay Area,US,175000,250000,USD,yearly,,,,,,,,,,,,,
968,https://job-boards.greenhouse.io/gofundme/jobs/7456572,Senior Machine Learning Engineer,ml_engineer,machine_learning,senior,full_time,hybrid,San Francisco,CA,181000,271000,USD,yearly,,,,,,,,,,,,,
125,https://job-boards.greenhouse.io/smartsheet/jobs/7565491,Talent Development Partner,hr_business_partner,hr,senior,,onsite,Bangalore,IN,,,,,,,,,,,,,,,,,
928,https://job-boards.greenhouse.io/truebill/jobs/7590626003,"Senior Full Stack Engineer, Credit Products",fullstack_engineer,fullstack,senior,full_time,onsite,San Francisco,US,150000,185000,USD,yearly,,,,,,,,,,,,,
160,https://job-boards.greenhouse.io/gomotive/jobs/8129164002,Customer Success Manager,customer_success_manager,customer_success,manager,,hybrid,Mexico City,US,,,,,,,,,,,,,,,,,
417,https://job-boards.greenhouse.io/canonical/jobs/3658005,Python Software Engineer - Ubuntu Hardware Certification Team,software_engineer,software_engineering,,,remote,,,,,,,,,,,,,,,,,,,
1062,https://job-boards.greenhouse.io/celonis/jobs/6675655003?gh_jid=6675655003,Account Executive (New Business),account_executive,sales,junior,full_time,onsite,London,GB,,,,,,,,,,,,,,,,,
537,https://job-boards.greenhouse.io/canonical/jobs/5326986,Visual Designer,other,design,,contract,remote,,,,,,,,,,,,,,,,,,,
155,https://job-boards.greenhouse.io/gomotive/jobs/7761424002,Business Strategy and Operations Analyst II,operations_specialist,operations,lead,,hybrid,Islamabad,,,,,,,,,,,,,,,,,,
898,https://job-boards.greenhouse.io/correlationone/jobs/5500295004,"AI Coach (Gemini, Copilot, ChatGPT, Claude)",consultant,consulting,junior,full_time,remote,,US,,,,,,,,,,,,,,,,,
1653,https://job-boards.greenhouse.io/capco/jobs/7362526,Data Science Manager,analytics_manager,data_analytics,lead,full_time,hybrid,London,GB,,,,,,,,,,,,,,,,,
2,https://job-boards.greenhouse.io/found/jobs/4665181005,Growth Marketing Manager,marketing_specialist,marketing,lead,full_time,remote,,US,,,,,,,,,,,,,,,,,
1604,https://job-boards.greenhouse.io/capco/jobs/7026042,Capital Markets Post Trade Securities - Business Analyst / Project Manager,business_analyst,business_analysis,lead,unspecified,hybrid,London,GB,,,,,,,,,,,,,,,,,
1191,https://job-boards.greenhouse.io/celonis/jobs/7116942003?gh_jid=7116942003,"Product Manager, Composable Enterprise Applications",product_manager,product_management,lead,,hybrid,Madrid,ES,,,,,,,,,,,,,,,,,
792,https://job-boards.greenhouse.io/grafanalabs/jobs/5693690004,Senior Backend Engineer - Grafana k6 | Spain | Remote,backend_engineer,backend,senior,,remote,,ES,,,,,,,,,,,,,,,,,
349,https://job-boards.greenhouse.io/canonical/jobs/4581200,IoT Data Engineer,data_engineer,data_engineering,junior,,remote,,,,,,,,,,,,,,,,,,,
579,https://job-boards.greenhouse.io/gleanwork/jobs/4520713005,Designated Technical Support Engineer,it_support_specialist,it_operations,junior,full_time,onsite,New York City,US,,,,,,,,,,,,,,,,,
1536,https://job-boards.greenhouse.io/capco/jobs/7663199,Assistant Controller - US Region,accountant,finance,senior,full_time,onsite,"Chicago, New York, Charlotte, or Orlando",US,,,,,,,,,,,,,,,,,
1180,https://job-boards.greenhouse.io/celonis/jobs/6339402003?gh_jid=6339402003,Principal Enterprise Architect,enterprise_architect,architecture,unspecified,,hybrid,Bangalore,IN,,,,,,,,,,,,,,,,,
536,https://job-boards.greenhouse.io/canonical/jobs/6072086,UX Designer - Infrastructure,,design,manager,,remote,,,,,,,,,,,,,,,,,,,
1345,https://job-boards.greenhouse.io/thumbtack/jobs/7607782,Senior Data Scientist,data_scientist,data_science,senior,full_time,remote,,US,168300,217800,USD,yearly,,,,,,,,,,,,,
624,https://job-boards.greenhouse.io/gleanwork/jobs/4006735005,"Machine Learning Engineer, Search Quality",ml_engineer,machine_learning,junior,full_time,hybrid,San Francisco Bay Area,US,140000,265000,USD,yearly,,,,,,,,,,,,,
616,https://job-boards.greenhouse.io/gleanwork/jobs/4599935005,HR Business Partner (HRBP),hr_business_partner,hr,,full_time,hybrid,Palo Alto,CA,150000,165000,USD,yearly,,,,,,,,,,,,,
925,https://job-boards.greenhouse.io/truebill/jobs/7601490003,"Senior Full Stack Engineer, Account Linking",fullstack_engineer,fullstack,senior,full_time,onsite,San Francisco,US,150000,185000,USD,yearly,,,,,,,,,,,,,
1371,https://job-boards.greenhouse.io/appier/jobs/7436249,Customer Success Manager - Enterprise Solution,customer_success_manager,customer_success,manager,contract,onsite,Taipei,TW,,,,,,,,,,,,,,,,,
486,https://job-boards.greenhouse.io/canonical/jobs/3257589,Software Engineer - Python - Cloud - graduate level,software_engineer,software_engineering,junior,contract,remote,,,,,,,,,,,,,,,,,,,
1097,https://job-boards.greenhouse.io/celonis/jobs/6273079003?gh_jid=6273079003,Corporate Account Executive - MEA,account_executive,sales,,contract,hybrid,Madrid,ES,,,,,,,,,,,,,,,,,
410,https://job-boards.greenhouse.io/canonical/jobs/7490812,Public Cloud Enablement Professional,other,other,lead,,remote,,,,,,,,,,,,,,,,,,,
267,https://job-boards.greenhouse.io/canonical/jobs/7267406,Beijing Office Administrator,office_administrator,operations,,full_time,onsite,Beijing,CN,,,,,,,,,,,,,,,,,
1758,https://job-boards.greenhouse.io/capco/jobs/7657990,Management Consultant – Life & Pensions,consultant,consulting,senior,full_time,hybrid,London,GB,,,,,,,,,,,,,,,,,
732,https://job-boards.greenhouse.io/dv01/jobs/8362790002,"Data Analyst, II Collateral Data Solutions",data_analyst,data_analytics,senior,full_time,remote,,US,,,,,,,,,,,,,,,,,
1294,https://job-boards.greenhouse.io/celonis/jobs/7258563003?gh_jid=7258563003,Solutions Marketing Director,marketing_specialist,marketing,lead,,hybrid,Madrid,ES,,,,,,,,,,,,,,,,,
1969,https://job-boards.greenhouse.io/capco/jobs/7642364,Trade and Transaction Reporting Business Analyst / Project Manager,business_analyst,business_analysis,lead,unspecified,hybrid,Edinburgh,GB,,,,,,,,,,,,,,,,,
113,https://job-boards.greenhouse.io/smartsheet/jobs/7325786,"Sr. Product Manager, Policy & Governance (Hybrid in Bangalore)",product_manager,product_management,senior,,hybrid,Bangalore,IN,,,,,,,,,,,,,,,,,
793,https://job-boards.greenhouse.io/grafanalabs/jobs/5693691004,Senior Backend Engineer - Grafana k6 | Sweden | Remote,backend_engineer,backend,senior,full_time,remote,,FR,,,,,,,,,,,,,,,,,
356,https://job-boards.greenhouse.io/canonical/jobs/6642917,Junior Data Engineer,data_engineer,data_engineering,junior,,remote,,,,,,,,,,,,,,,,,,,
86,https://job-boards.greenhouse.io/smartsheet/jobs/7603997,Salesforce Administrator (Remote Eligible - Costa Rica),systems_administrator,it_operations,manager,full_time,remote,,CR,,,,,,,,,,,,,,,,,
1380,https://job-boards.greenhouse.io/appier/jobs/7139682,Investment Analyst,investment_analyst,finance,senior,full_time,onsite,Taipei,TW,,,,,,,,,,,,,,,,,
1181,https://job-boards.greenhouse.io/celonis/jobs/7539075003?gh_jid=7539075003,Principal Enterprise Architect,enterprise_architect,architecture,unspecified,,hybrid,Munich,DE,,,,,,,,,,,,,,,,,
635,https://job-boards.greenhouse.io/gleanwork/jobs/4577381005,Product Designer,product_designer,design,mid,full_time,hybrid,San Francisco Bay Area,US,150000,200000,USD,yearly,,,,,,,,,,,,,
1347,https://job-boards.greenhouse.io/thumbtack/jobs/7576083,"Senior Data Scientist, People Analytics",data_scientist,data_science,senior,full_time,remote,,US,197200,255200,USD,yearly,,,,,,,,,,,,,
623,https://job-boards.greenhouse.io/gleanwork/jobs/4501783005,"Machine Learning Engineer, Infrastructure",ml_engineer,machine_learning,junior,full_time,hybrid,San Francisco Bay Area,US,175000,270000,USD,yearly,,,,,,,,,,,,,
615,https://job-boards.greenhouse.io/gleanwork/jobs/4661632005,HR Business Partner (HRBP),hr_business_partner,hr,senior,full_time,onsite,Nashville,TN,127500,142000,USD,yearly,,,,,,,,,,,,,
927,https://job-boards.greenhouse.io/truebill/jobs/7592100003,"Senior Full Stack Engineer, Compass",fullstack_engineer,fullstack,senior,full_time,onsite,San Francisco,US,150000,185000,USD,yearly,,,,,,,,,,,,,
275,https://job-boards.greenhouse.io/canonical/jobs/6132532,Cloud Field Engineer,software_engineer,engineering,mid,full_time,remote,,,,,,,,,,,,,,,,,,,
708,https://job-boards.greenhouse.io/gleanwork/jobs/4652365005,Strategic Account Executive - Netherlands,account_executive,sales,,,remote,,NL,,,,,,,,,,,,,,,,,
1826,https://job-boards.greenhouse.io/capco/jobs/7348649,Product Owner (Specialty Insurance) - Product & Experience,other,product_management,lead,unspecified,hybrid,London,GB,,,,,,,,,,,,,,,,,
504,https://job-boards.greenhouse.io/canonical/jobs/3737190,Sustaining Operations Engineer,operations_specialist,operations,mid,full_time,remote,,,,,,,,,,,,,,,,,,,
1751,https://job-boards.greenhouse.io/capco/jobs/7658016,Management Consultant – Commercial & Specialty Insurance,consultant,consulting,lead,full_time,hybrid,London,GB,,,,,,,,,,,,,,,,,
733,https://job-boards.greenhouse.io/dv01/jobs/8345559002,"Data Analyst, Securitizations Reporting",data_analyst,data_analytics,senior,full_time,remote,,US,,,,,,,,,,,,,,,,,
953,https://job-boards.greenhouse.io/gofundme/jobs/7587323,Lead International SEO,seo_specialist,marketing,lead,,hybrid,London,GB,,,,,,,,,,,,,,,,,
1705,https://job-boards.greenhouse.io/capco/jobs/7664921,HR Business Analyst - 6 Month FTC,business_analyst,business_analysis,senior,contract,hybrid,London,GB,,,,,,,,,,,,,,,,,
1207,https://job-boards.greenhouse.io/celonis/jobs/6575819003?gh_jid=6575819003,Senior Application Product Manager - Production Planning,product_manager,product_management,senior,,onsite,Bangalore,IN,,,,,,,,,,,,,,,,,
799,https://job-boards.greenhouse.io/grafanalabs/jobs/5783164004,Senior Backend Engineer | Mimir OSS | United Kingdom | Remote,backend_engineer,backend,senior,,remote,,GB,,,,,,,,,,,,,,,,,
1815,https://job-boards.greenhouse.io/capco/jobs/7588673,Principal Data Engineer - GCP,data_engineer,data_engineering,senior,unspecified,hybrid,London,GB,,,,,,,,,,,,,,,,,
726,https://job-boards.greenhouse.io/gleanwork/jobs/4448955005,Technical Support Engineer,it_support_specialist,it_operations,junior,,,Nashville,TN,,,,,,,,,,,,,,,,,
66,https://job-boards.greenhouse.io/smartsheet/jobs/7592404,Indirect Tax Accountant (Remote Elegible - Costa Rica),accountant,finance,senior,full_time,remote,,CR,,,,,,,,,,,,,,,,,
1178,https://job-boards.greenhouse.io/celonis/jobs/7539074003?gh_jid=7539074003,Principal Enterprise Architect,enterprise_architect,architecture,unspecified,,hybrid,London,GB,,,,,,,,,,,,,,,,,
1500,https://job-boards.greenhouse.io/kalepa/jobs/5748962004,Senior Product Designer,product_designer,design,senior,full_time,remote,,NY,135000,155000,USD,yearly,,,,,,,,,,,,,
1344,https://job-boards.greenhouse.io/thumbtack/jobs/7607781,Senior Data Scientist,data_scientist,data_science,senior,full_time,remote,,US,197200,255200,USD,yearly,,,,,,,,,,,,,
622,https://job-boards.greenhouse.io/gleanwork/jobs/4632997005,"Machine Learning Engineer, Enterprise Brain",ml_engineer,machine_learning,junior,full_time,hybrid,San Francisco Bay Area,US,200000,300000,USD,yearly,,,,,,,,,,,,,
496,https://job-boards.greenhouse.io/canonical/jobs/6635593,Software Support Engineer,software_engineer,software_engineering,,,remote,,,,,,,,,,,,,,,,,,,
427,https://job-boards.greenhouse.io/canonical/jobs/5906570,インサイドセールス/ Sales Development Representative,business_development_representative,sales,,,remote,,,,,,,,,,,,,,,,,,,
540,https://job-boards.greenhouse.io/gleanwork/jobs/4656031005,Accounting Apprentice,other,other,junior,full_time,onsite,Bangalore,IN,,,,,,,,,,,,,,,,,
507,https://job-boards.greenhouse.io/canonical/jobs/7364802,Taipei Office Administrator,office_administrator,operations,,full_time,onsite,Taipei,TW,,,,,,,,,,,,,,,,,
1144,https://job-boards.greenhouse.io/celonis/jobs/7532064003?gh_jid=7532064003,Lead Consultant - Data Science & Artificial Intelligence,consultant,consulting,lead,full_time,hybrid,Madrid,ES,,,,,,,,,,,,,,,,,
734,https://job-boards.greenhouse.io/dv01/jobs/8287661002,"Manager, Data Analytics Engineering",analytics_manager,data_analytics,lead,full_time,remote,,US,,,,,,,,,,,,,,,,,
961,https://job-boards.greenhouse.io/gofundme/jobs/7298988,"Product Marketing Lead, Nonprofits",marketing_specialist,marketing,lead,full_time,hybrid,San Francisco,CA,,,,,,,,,,,,,,,,,
1581,https://job-boards.greenhouse.io/capco/jobs/7544448,Business Analyst - OpenLink - Houston,business_analyst,business_analysis,junior,full_time,onsite,Houston,US,,,,,,,,,,,,,,,,,
222,https://job-boards.greenhouse.io/gomotive/jobs/8350176002,"Senior Product Manager, Analytics",product_manager,product_management,senior,full_time,onsite,Bangalore,IN,,,,,,,,,,,,,,,,,
863,https://job-boards.greenhouse.io/grafanalabs/jobs/5801260004,Staff Backend Engineer - Adaptive Telemetry | Sweden | Remote,backend_engineer,backend,senior,full_time,remote,,GB,,,,,,,,,,,,,,,,,
1898,https://job-boards.greenhouse.io/capco/jobs/7588472,Senior Data Engineer - AWS,data_engineer,data_engineering,senior,unspecified,hybrid,London,GB,,,,,,,,,,,,,,,,,
153,https://job-boards.greenhouse.io/gomotive/jobs/8175044002,Associate Systems Administrator (Salesforce),systems_administrator,it_operations,unspecified,,remote,,,,,,,,,,,,,,,,,,,
601,https://job-boards.greenhouse.io/gleanwork/jobs/4643390005,Finance Systems Trainee,accountant,finance,junior,,onsite,Bangalore,IN,,,,,,,,,,,,,,,,,
1179,https://job-boards.greenhouse.io/celonis/jobs/6719678003?gh_jid=6719678003,Principal Enterprise Architect,enterprise_architect,architecture,unspecified,,hybrid,Raleigh,US,,,,,,,,,,,,,,,,,
972,https://job-boards.greenhouse.io/gofundme/jobs/7398239,Senior Product Designer,product_designer,design,senior,full_time,hybrid,San Francisco,CA,145000,218000,USD,yearly,,,,,,,,,,,,,
1355,https://job-boards.greenhouse.io/thumbtack/jobs/7308673,"Staff Data Scientist, Marketing",data_scientist,data_science,senior,full_time,remote,,US,223100,288800,USD,yearly,,,,,,,,,,,,,
935,https://job-boards.greenhouse.io/truebill/jobs/6657749003,"Staff ML Engineer, Product",ml_engineer,machine_learning,unspecified,full_time,onsite,San Francisco,US,210000,260000,USD,yearly,,,,,,,,,,,,,
332,https://job-boards.greenhouse.io/canonical/jobs/4960407,Golang System Software Engineer - Containers / Virtualisation,software_engineer,software_engineering,,,,,,,,,,,,,,,,,,,,,,
893,https://job-boards.greenhouse.io/grafanalabs/jobs/5748589004,"Strategic Account Executive, Growth | Bay Area | Remote",account_executive,sales,senior,full_time,remote,,US,,,,,,,,,,,,,,,,,
348,https://job-boards.greenhouse.io/canonical/jobs/4551832,Information Systems - Open Source Technical Architect,other,technical_architect,lead,full_time,remote,,,,,,,,,,,,,,,,,,,
65,https://job-boards.greenhouse.io/smartsheet/jobs/7395150,Fulfillment Operations Coordinator II,operations_specialist,operations,mid,,remote,,IN,,,,,,,,,,,,,,,,,
1146,https://job-boards.greenhouse.io/celonis/jobs/7562851003?gh_jid=7562851003,Lead Services Consultant,consultant,consulting,lead,full_time,onsite,Bangalore,IN,,,,,,,,,,,,,,,,,
162,https://job-boards.greenhouse.io/gomotive/jobs/8378193002,Data Annotator (rotational shifts w/ weekends),data_analyst,data_analytics,junior,unspecified,,City of Mexico,,,,,,,,,,,,,,,,,,
1467,https://job-boards.greenhouse.io/datacamp/jobs/7372415,Lifecycle Marketing Manager,marketing_specialist,marketing,lead,,,,PT,,,,,,,,,,,,,,,,,
1589,https://job-boards.greenhouse.io/capco/jobs/7650118,Business Analyst - Retail Energy,business_analyst,business_analysis,,full_time,onsite,Dallas,US,,,,,,,,,,,,,,,,,
1068,https://job-boards.greenhouse.io/celonis/jobs/6605731003?gh_jid=6605731003,Application Product Manager - Accounts Payable,product_manager,product_management,senior,,onsite,Bangalore,IN,,,,,,,,,,,,,,,,,
1549,https://job-boards.greenhouse.io/capco/jobs/7548524,Backend Engineer - Remoto,backend_engineer,backend,senior,unspecified,remote,Sao Paulo,BR,,,,,,,,,,,,,,,,,
1814,https://job-boards.greenhouse.io/capco/jobs/7588474,Principal Data Engineer - AWS,data_engineer,data_engineering,senior,unspecified,hybrid,London,GB,,,,,,,,,,,,,,,,,
150,https://job-boards.greenhouse.io/gomotive/jobs/8360626002,Associate Manager - Technical Support Engineering,it_support_specialist,management,unspecified,,remote,,,,,,,,,,,,,,,,,,,
1367,https://job-boards.greenhouse.io/appier/jobs/7552171,Associate Finance Manager,manager,finance,unspecified,,onsite,Taipei,TW,,,,,,,,,,,,,,,,,
1742,https://job-boards.greenhouse.io/capco/jobs/7613777,"Lead Solutions Architect - legacy codebases, especially C# and/or Delphi - Cloud (Toronto - Hybrid)",solutions_architect,architecture,senior,contract,hybrid,Canada - Toronto,CA,,,,,,,,,,,,,,,,,
637,https://job-boards.greenhouse.io/gleanwork/jobs/4600865005,"Product Design Lead, AI Products",product_designer,design,senior,full_time,hybrid,San Francisco Bay Area,US,235000,280000,USD,yearly,,,,,,,,,,,,,
978,https://job-boards.greenhouse.io/gofundme/jobs/7379251,"Staff Data Scientist, Finance",data_scientist,data_science,unspecified,full_time,hybrid,San Francisco,CA,179500,269500,USD,yearly,,,,,,,,,,,,,
532,https://job-boards.greenhouse.io/canonical/jobs/6707824,Ubuntu Software Engineer,software_engineer,software engineering,lead,,remote,,,,,,,,,,,,,,,,,,,
437,https://job-boards.greenhouse.io/canonical/jobs/4122239,Sales Operations Analyst,sales_representative,sales,lead,full_time,remote,,,,,,,,,,,,,,,,,,,
1973,https://job-boards.greenhouse.io/capco/jobs/7297411,Validation & Prod Testing,other,other,,,,,IN,,,,,,,,,,,,,,,,,
895,https://job-boards.greenhouse.io/grafanalabs/jobs/5728176004,Strategic Channel Manager | Japan | Remote,manager,,lead,full_time,remote,,JP,,,,,,,,,,,,,,,,,
897,https://job-boards.greenhouse.io/correlationone/jobs/5427890004,"AI Coach (Gemini, Copilot, ChatGPT, Claude)",consultant,consulting,junior,full_time,remote,,CA,,,,,,,,,,,,,,,,,
1374,https://job-boards.greenhouse.io/appier/jobs/7497826,Data Analyst / Senior Data Analyst (Enterprise Solution),data_analyst,data_analytics,senior,full_time,onsite,Taipei,TW,,,,,,,,,,,,,,,,,
541,https://job-boards.greenhouse.io/gleanwork/jobs/4666200005,AI Content Strategist,marketing_specialist,marketing,lead,,onsite,Bangalore,IN,,,,,,,,,,,,,,,,,
1566,https://job-boards.greenhouse.io/capco/jobs/7504958,Business Analyst - Allegro,business_analyst,business_analysis,junior,full_time,onsite,Houston,US,,,,,,,,,,,,,,,,,
1410,https://job-boards.greenhouse.io/appier/jobs/7114724,Senior RTB Product Manager,product_manager,product_management,senior,,onsite,Tokyo,,,,,,,,,,,,,,,,,,
1926,https://job-boards.greenhouse.io/capco/jobs/7433547,Senior Java Backend Developer,backend_engineer,backend,senior,full_time,onsite,Bengaluru,IN,,,,,,,,,,,,,,,,,
1899,https://job-boards.greenhouse.io/capco/jobs/7559773,Senior Data Engineer (ETL / Talend / Erwin) (She/He/They),data_engineer,data_engineering,senior,contract,onsite,Warsaw,PL,,,,,,,,,,,,,,,,,
1055,https://job-boards.greenhouse.io/webflow/jobs/7484178,"Technical Support Associate, Weekends (Australia)",it_support_specialist,it_operations,unspecified,full_time,remote,,AU,,,,,,,,,,,,,,,,,
1539,https://job-boards.greenhouse.io/capco/jobs/7253483,Associate Director Finance process - Anaplan Lead,accountant,finance,unspecified,,onsite,Bengaluru,IN,,,,,,,,,,,,,,,,,
1511,https://job-boards.greenhouse.io/capco/jobs/7613775,AI Architect (Polish is Mandatory) (She/He/They),enterprise_architect,architecture,senior,contract,onsite,Warsaw,PL,,,,,,,,,,,,,,,,,
981,https://job-boards.greenhouse.io/gofundme/jobs/7592223,Staff Product Designer,product_designer,design,unspecified,full_time,hybrid,San Francisco,CA,181000,271000,USD,yearly,,,,,,,,,,,,,
281,https://job-boards.greenhouse.io/canonical/jobs/3275433,Community Engineer (multiple roles and seniority levels),software_engineer,community_management,lead,full_time,remote,,,,,,,,,,,,,,,,,,,
1096,https://job-boards.greenhouse.io/celonis/jobs/7553502003?gh_jid=7553502003,Corporate Account Executive (LATAM),account_executive,sales,,contract,hybrid,Madrid,ES,,,,,,,,,,,,,,,,,
941,https://job-boards.greenhouse.io/nansen/jobs/5678529004,Head of BD Staking - NYC,other,Business Development,lead,full_time,onsite,NYC,US,,,,,,,,,,,,,,,,,
518,https://job-boards.greenhouse.io/canonical/jobs/7364810,Tokyo Office Administrator,office_administrator,operations,junior,full_time,onsite,Tokyo,,,,,,,,,,,,,,,,,,
1644,https://job-boards.greenhouse.io/capco/jobs/7526533,Data Management Consultant,consultant,consulting,senior,unspecified,hybrid,London,GB,,,,,,,,,,,,,,,,,
1461,https://job-boards.greenhouse.io/datacamp/jobs/7325833,Data Science Editor,data_analyst,data_analytics,lead,contract,remote,,GB,,,,,,,,,,,,,,,,,
1021,https://job-boards.greenhouse.io/webflow/jobs/7371064,"Marketing Lead, EMEA",marketing_specialist,marketing,lead,full_time,remote,London,GB,,,,,,,,,,,,,,,,,
1587,https://job-boards.greenhouse.io/capco/jobs/7398372,Business Analyst - Retail Energy,business_analyst,business_analysis,,full_time,onsite,New York,US,,,,,,,,,,,,,,,,,
1409,https://job-boards.greenhouse.io/appier/jobs/7486380,Senior Product Manager – AI Agents,product_manager,product_management,senior,,onsite,Taipei,TW,,,,,,,,,,,,,,,,,
1950,https://job-boards.greenhouse.io/capco/jobs/7621505,Sr. Java Backend Developer,backend_engineer,backend,senior,,,,IN,,,,,,,,,,,,,,,,,
918,https://job-boards.greenhouse.io/correlationone/jobs/5753967004,Staff Data Engineer,data_engineer,data_engineering,unspecified,full_time,remote,,US,,,,,,,,,,,,,,,,,
129,https://job-boards.greenhouse.io/smartsheet/jobs/7654140,Tier 1 Security & Desktop Systems Specialist (Hybrid in Bangalore),it_support_specialist,it_security_and_operations,unspecified,full_time,hybrid,Bangalore,IN,,,,,,,,,,,,,,,,,
712,https://job-boards.greenhouse.io/gleanwork/jobs/4641833005,Strategic Finance Lead,financial_analyst,finance,lead,full_time,hybrid,San Francisco,US,170000,230000,USD,yearly,,,,,,,,,,,,,
695,https://job-boards.greenhouse.io/gleanwork/jobs/4508312005,Solutions Architect,solutions_architect,architecture,senior,full_time,hybrid,,US,160000,225000,USD,yearly,,,,,,,,,,,,,
26,https://job-boards.greenhouse.io/omadahealth/jobs/7235663,Staff Product Designer,product_designer,design,unspecified,full_time,remote,,US,174800,218500,USD,yearly,,,,,,,,,,,,,
1454,https://job-boards.greenhouse.io/aurosglobal/jobs/4469627005,"Strategy Developer, HFT - UK",software_engineer,finance_and_trading,senior,full_time,remote,,GB,,,,,,,,,,,,,,,,,
1132,https://job-boards.greenhouse.io/celonis/jobs/6313846003?gh_jid=6313846003,Head of Industry - Banking,industry_lead,,lead,full_time,hybrid,New York,US,,,,,,,,,,,,,,,,,
1802,https://job-boards.greenhouse.io/capco/jobs/6870240,PM - Channels Contact Center Automation,,project_management,senior,full_time,onsite,,IN,,,,,,,,,,,,,,,,,
519,https://job-boards.greenhouse.io/canonical/jobs/5075146,Travel Operations Specialist,operations_specialist,operations,,,remote,,,,,,,,,,,,,,,,,,,
1241,https://job-boards.greenhouse.io/celonis/jobs/7500473003?gh_jid=7500473003,Senior Process Intelligence and Automation Consultant - Automotive / Manufacturing,consultant,consulting,senior,,hybrid,Stockholm,,,,,,,,,,,,,,,,,,
1462,https://job-boards.greenhouse.io/datacamp/jobs/7627690,Data Science Editor,data_analyst,data_analytics,lead,contract,remote,,GB,,,,,,,,,,,,,,,,,
1376,https://job-boards.greenhouse.io/appier/jobs/6854145,Digital Marketing (Campaign Management team),marketing_specialist,marketing,junior,full_time,onsite,Taipei,TW,,,,,,,,,,,,,,,,,
1707,https://job-boards.greenhouse.io/capco/jobs/7546989,Intelligent Automation Business Analyst,business_analyst,business_analysis,senior,full_time,hybrid,London,GB,,,,,,,,,,,,,,,,,
1484,https://job-boards.greenhouse.io/datacamp/jobs/7541294,Senior Product Manager,product_manager,product_management,senior,,,,GB,,,,,,,,,,,,,,,,,
1810,https://job-boards.greenhouse.io/capco/jobs/7526625,Principal Backend Engineer - Java,backend_engineer,backend,junior,full_time,hybrid,London,GB,,,,,,,,,,,,,,,,,
917,https://job-boards.greenhouse.io/correlationone/jobs/5759581004,Staff Data Engineer,data_engineer,data_engineering,unspecified,,remote,,CA,,,,,,,,,,,,,,,,,
1053,https://job-boards.greenhouse.io/webflow/jobs/7543012,"Technical Support Associate, Argentina",it_support_specialist,it_operations,unspecified,full_time,remote,,US,,,,,,,,,,,,,,,,,
973,https://job-boards.greenhouse.io/gofundme/jobs/7584501,Senior Revenue Accountant,accountant,finance,senior,full_time,hybrid,,US,85500,128500,USD,yearly,,,,,,,,,,,,,
974,https://job-boards.greenhouse.io/gofundme/jobs/7298279,Senior Solutions Architect,solutions_architect,architecture,senior,full_time,hybrid,San Francisco,CA,137000,206000,USD,yearly,,,,,,,,,,,,,
1730,https://job-boards.greenhouse.io/capco/jobs/7582627,Kafka / S3 Engineer,software_engineer,software_engineering,junior,contract,onsite,,PL,,,,,,,,,,,,,,,,,
142,https://job-boards.greenhouse.io/gomotive/jobs/7812263002,"Account Executive, Enterprise - Texas",account_executive,sales,lead,full_time,remote,,US,,,,,,,,,,,,,,,,,
1792,https://job-boards.greenhouse.io/capco/jobs/7553881,Murex Credit Risk SME,other,other,,full_time,onsite,India - Bengaluru,IN,,,,,,,,,,,,,,,,,
773,https://job-boards.greenhouse.io/grafanalabs/jobs/5598635004,"Manager, Foundation Observability Architects | USA | Remote",manager,operations,lead,,remote,,US,,,,,,,,,,,,,,,,,
1619,https://job-boards.greenhouse.io/capco/jobs/7522164,Consultant | Data Analyst,consultant,consulting,junior,full_time,onsite,,,,,,,,,,,,,,,,,,,
298,https://job-boards.greenhouse.io/canonical/jobs/7646448,Engineering Director - Business Data,analytics_director,data_analytics,director,full_time,remote,,,,,,,,,,,,,,,,,,,
225,https://job-boards.greenhouse.io/gomotive/jobs/8235620002,"Senior Product Marketing Manager, México",marketing_specialist,marketing,senior,full_time,onsite,Mexico City,MX,,,,,,,,,,,,,,,,,
1565,https://job-boards.greenhouse.io/capco/jobs/7295516,Business Analyst,business_analyst,business_analysis,unspecified,full_time,onsite,Dallas,US,,,,,,,,,,,,,,,,,
1483,https://job-boards.greenhouse.io/datacamp/jobs/7541295,Senior Product Manager,product_manager,product_management,senior,,,,GB,,,,,,,,,,,,,,,,,
868,https://job-boards.greenhouse.io/grafanalabs/jobs/5778252004,Staff Backend Engineer - Observability Knowledge Graph Backend | USA | Remote,backend_engineer,backend,unspecified,full_time,remote,,US,,,,,,,,,,,,,,,,,
1691,https://job-boards.greenhouse.io/capco/jobs/7546958,GCP Data Engineer,data_engineer,data_engineering,junior,,onsite,Pune,IN,,,,,,,,,,,,,,,,,
1054,https://job-boards.greenhouse.io/webflow/jobs/7531244,"Technical Support Associate, EMEA (German Speaking)",it_support_specialist,it_operations,unspecified,full_time,remote,,GB,,,,,,,,,,,,,,,,,
11,https://job-boards.greenhouse.io/omadahealth/jobs/7473994,"Senior Analyst, Strategic Finance",financial_analyst,finance,senior,full_time,remote,,US,101200,126500,USD,yearly,,,,,,,,,,,,,
1326,https://job-boards.greenhouse.io/celonis/jobs/6512917003?gh_jid=6512917003,Value Engineering Manager - Orbit Program,software_engineer,management,senior,,hybrid,Bangalore,IN,,,,,,,,,,,,,,,,,
238,https://job-boards.greenhouse.io/gomotive/jobs/6056466002,"SMB Account Executive, Outbound Sales",account_executive,sales,junior,full_time,onsite,Islamabad & Lahore,PK,,,,,,,,,,,,,,,,,
1947,https://job-boards.greenhouse.io/capco/jobs/7267324,SPO Offshore Team Lead,other,other,lead,full_time,onsite,Bengaluru,IN,,,,,,,,,,,,,,,,,
1835,https://job-boards.greenhouse.io/capco/jobs/7624681,Project Manager,manager,management,lead,full_time,onsite,Dallas,US,,,,,,,,,,,,,,,,,
993,https://job-boards.greenhouse.io/levio/jobs/8422292002,Change Management Consultant,consultant,consulting,,full_time,hybrid,Ottawa,,,,,,,,,,,,,,,,,,
1890,https://job-boards.greenhouse.io/capco/jobs/7587875,Senior Data Analyst | Banking,data_analyst,data_analytics,senior,full_time,onsite,,,,,,,,,,,,,,,,,,,
406,https://job-boards.greenhouse.io/canonical/jobs/5326649,Product Marketing Manager – IoT & Embedded Systems,marketing_specialist,marketing,lead,full_time,remote,,,,,,,,,,,,,,,,,,,
1590,https://job-boards.greenhouse.io/capco/jobs/7476442,Business Analyst - Retail Energy,business_analyst,business_analysis,,full_time,onsite,Baltimore,US,,,,,,,,,,,,,,,,,
1411,https://job-boards.greenhouse.io/appier/jobs/7119975,Senior RTB Product Manager (Taiwan),product_manager,product_management,senior,full_time,,Taipei,US,,,,,,,,,,,,,,,,,
867,https://job-boards.greenhouse.io/grafanalabs/jobs/5778253004,Staff Backend Engineer - Observability Knowledge Graph Backend | Canada | Remote,backend_engineer,backend,unspecified,full_time,remote,,CA,,,,,,,,,,,,,,,,,
1633,https://job-boards.greenhouse.io/capco/jobs/7576688,Data Engineer - Fabric Solution | Inglês,data_engineer,data_engineering,unspecified,,onsite,Sao Paulo,BR,,,,,,,,,,,,,,,,,
19,https://job-boards.greenhouse.io/omadahealth/jobs/7648699,Senior Salesforce Administrator,systems_administrator,it_operations,senior,,remote,,US,129720,162150,USD,yearly,,,,,,,,,,,,,
10,https://job-boards.greenhouse.io/omadahealth/jobs/7565149,"Senior Accountant, Financial Reporting & Technical Accounting",accountant,finance,senior,full_time,remote,,US,103960,129950,USD,yearly,,,,,,,,,,,,,
1292,https://job-boards.greenhouse.io/celonis/jobs/6561949003?gh_jid=6561949003,Software Engineer - Machine Learning,software_engineer,software_engineering,,full_time,hybrid,Redwood City,US,,,,,,,,,,,,,,,,,
392,https://job-boards.greenhouse.io/canonical/jobs/6861259,"Partner Sales Executive, ANZ Channel",sales_representative,sales,lead,full_time,onsite,,AU,,,,,,,,,,,,,,,,,
731,https://job-boards.greenhouse.io/gleanwork/jobs/4657292005,Website Designer,other,other,junior,full_time,onsite,Bangalore,IN,,,,,,,,,,,,,,,,,
1158,https://job-boards.greenhouse.io/celonis/jobs/6583519003?gh_jid=6583519003,"Manager, Cloud Security",manager,,lead,full_time,hybrid,Raleigh,US,,,,,,,,,,,,,,,,,
902,https://job-boards.greenhouse.io/correlationone/jobs/5657817004,GenAI Curriculum Consultant,consultant,consulting,,,remote,,,,,,,,,,,,,,,,,,,
1655,https://job-boards.greenhouse.io/capco/jobs/7185459,Data Strategy & Advisory Leader (Managing Principal),data_analyst,data_strategy,senior,full_time,onsite,Frankfurt am Main,DE,,,,,,,,,,,,,,,,,
646,https://job-boards.greenhouse.io/gleanwork/jobs/4665663005,Product Marketing Manager (Competitive Intelligence),marketing_specialist,marketing,manager,,hybrid,Bangalore,IN,,,,,,,,,,,,,,,,,
1571,https://job-boards.greenhouse.io/capco/jobs/7601800,Business Analyst – Cash Management & Intraday Liquidity,business_analyst,business_analysis,senior,full_time,onsite,,IN,,,,,,,,,,,,,,,,,
639,https://job-boards.greenhouse.io/gleanwork/jobs/4629292005,Product Manager,product_manager,product_management,manager,full_time,onsite,Bangalore,IN,,,,,,,,,,,,,,,,,
866,https://job-boards.greenhouse.io/grafanalabs/jobs/5807096004,Staff Backend Engineer - Databases Pyroscope | US | Remote,backend_engineer,backend,unspecified,,remote,,US,,,,,,,,,,,,,,,,,
1809,https://job-boards.greenhouse.io/capco/jobs/7588659,Principal Azure Data Engineer (Databricks),data_engineer,data_engineering,unspecified,unspecified,hybrid,London,GB,,,,,,,,,,,,,,,,,
578,https://job-boards.greenhouse.io/gleanwork/jobs/4520700005,Designated Technical Support Engineer,it_support_specialist,it_operations,junior,full_time,onsite,Palo Alto,CA,120000,190000,USD,yearly,,,,,,,,,,,,,
896,https://job-boards.greenhouse.io/grafanalabs/jobs/5811992004,Strategic Finance & Analytics Manager | USA | Remote,financial_analyst,finance,senior,full_time,remote,,US,143000,172000,USD,yearly,,,,,,,,,,,,,
372,https://job-boards.greenhouse.io/canonical/jobs/3262042,Linux Enablement - Software Engineering Manager,software_engineer,software_engineering,lead,full_time,onsite,,US,,,USD,yearly,,,,,,,,,,,,,
174,https://job-boards.greenhouse.io/gomotive/jobs/8367411002,Enterprise Account Executive,account_executive,sales,senior,full_time,onsite,London,GB,,,,,,,,,,,,,,,,,
948,https://job-boards.greenhouse.io/gofundme/jobs/7460504,"Director, Customer Care",other,management,senior,full_time,hybrid,Dublin,IE,,,,,,,,,,,,,,,,,
408,https://job-boards.greenhouse.io/canonical/jobs/5422728,Project Manager - Ubuntu Embedded Systems,manager,management,manager,contract,remote,,,,,,,,,,,,,,,,,,,
1708,https://job-boards.greenhouse.io/capco/jobs/6108229,Intelligent Automation Consultant - Microsoft Power Platform Specialist,consultant,consulting,lead,unspecified,hybrid,London,GB,,,,,,,,,,,,,,,,,
1642,https://job-boards.greenhouse.io/capco/jobs/7533330,Data Experts (Data Analysts + Data Modelers),data_analyst,data_analytics,junior,full_time,onsite,India - Bengaluru,IN,,,,,,,,,,,,,,,,,
336,https://job-boards.greenhouse.io/canonical/jobs/4981249,Graduate Partner Marketing Manager,marketing_specialist,marketing,manager,,,,,,,,,,,,,,,,,,,,,
1859,https://job-boards.greenhouse.io/capco/jobs/7423237,Securities Services Business Analyst (She/He/They),business_analyst,business_analysis,senior,contract,onsite,,PL,,,,,,,,,,,,,,,,,
642,https://job-boards.greenhouse.io/gleanwork/jobs/4525518005,"Product Manager, AI Quality",product_manager,product_management,manager,full_time,hybrid,San Francisco Bay Area,US,,,,,,,,,,,,,,,,,
865,https://job-boards.greenhouse.io/grafanalabs/jobs/5807088004,Staff Backend Engineer - Databases Pyroscope | Canada | Remote,backend_engineer,backend,unspecified,,remote,,CA,,,,,,,,,,,,,,,,,
1512,https://job-boards.greenhouse.io/capco/jobs/7349075,AI Data Engineer – Toronto - Hybrid,data_engineer,data_engineering,unspecified,full_time,hybrid,Canada - Toronto,CA,118000,135000,USD,yearly,,,,,,,,,,,,,
725,https://job-boards.greenhouse.io/gleanwork/jobs/4372145005,Technical Support Engineer,it_support_specialist,it_operations,junior,,hybrid,Nashville,TN,75000,180000,USD,yearly,,,,,,,,,,,,,
1741,https://job-boards.greenhouse.io/capco/jobs/7544157,"Lead Software Engineer (.NET, WPF) (She/ He/ They)",software_engineer,software_engineering,lead,contract,onsite,,PL,,,,,,,,,,,,,,,,,
751,https://job-boards.greenhouse.io/grafanalabs/jobs/5718842004,"Director, Global Sales Strategy & Operations | United Kingdom | Remote",sales_representative,management,director,full_time,remote,,GB,,,,,,,,,,,,,,,,,
1661,https://job-boards.greenhouse.io/capco/jobs/7391344,Desenvolvedor(a) Full Stack Senior | Inglês,,other,senior,full_time,onsite,Sao Paulo,BR,,,,,,,,,,,,,,,,,
596,https://job-boards.greenhouse.io/gleanwork/jobs/4655552005,Field Enablement Manager,manager,operations,manager,full_time,remote,,US,,,,,,,,,,,,,,,,,
1712,https://job-boards.greenhouse.io/capco/jobs/7518781,IT Consultant – Artificial Intelligence (AI) (She/He/They),consultant,consulting,,contract,onsite,,PL,,,,,,,,,,,,,,,,,
1449,https://job-boards.greenhouse.io/aurosglobal/jobs/4548239005,Market Data Services Team Lead,analytics_manager,data_analytics,lead,full_time,onsite,,EU,,,,,,,,,,,,,,,,,
1221,https://job-boards.greenhouse.io/celonis/jobs/7627746003?gh_jid=7627746003,Senior Field Marketing Manager - Consumer & Life Sciences Industries,marketing_specialist,marketing,senior,full_time,hybrid,Raleigh,US,,,,,,,,,,,,,,,,,
1596,https://job-boards.greenhouse.io/capco/jobs/7657886,Business Analyst – Wealth & Asset Management,business_analyst,business_analysis,junior,full_time,onsite,London,GB,,,,,,,,,,,,,,,,,
645,https://job-boards.greenhouse.io/gleanwork/jobs/4641940005,Product Manager - Glean Protect (Security & Governance),product_manager,product_management,manager,full_time,hybrid,Bangalore,IN,,,,,,,,,,,,,,,,,
1492,https://job-boards.greenhouse.io/kalepa/jobs/5737344004,Senior Backend Engineer - Client integrations (USA),backend_engineer,backend,senior,full_time,remote,,US,170000,210000,USD,yearly,,,,,,,,,,,,,
1342,https://job-boards.greenhouse.io/thumbtack/jobs/7592414,Senior Data Engineer,data_engineer,data_engineering,senior,full_time,remote,,US,210800,272800,USD,yearly,,,,,,,,,,,,,
1738,https://job-boards.greenhouse.io/capco/jobs/7574766,Lead .NET Engineer (She/ He/ They),software_engineer,software_engineering,lead,contract,onsite,,PL,,,,,,,,,,,,,,,,,
1117,https://job-boards.greenhouse.io/celonis/jobs/7627966003?gh_jid=7627966003,Enterprise Business Development Representative (German Speaking),business_development_representative,sales,junior,full_time,onsite,Munich,DE,,,,,,,,,,,,,,,,,
992,https://job-boards.greenhouse.io/inthepocket/jobs/7102192,Team Lead,other,other,lead,contract,onsite,,,,,,,,,,,,,,,,,,,
1099,https://job-boards.greenhouse.io/celonis/jobs/7627604003?gh_jid=7627604003,Corporate Accounting Manager,manager,management,manager,full_time,hybrid,New York,US,,,,,,,,,,,,,,,,,
1623,https://job-boards.greenhouse.io/capco/jobs/5348563,Consultant Wealth and Asset Management,consultant,consulting,junior,full_time,onsite,Geneva,CH,,,,,,,,,,,,,,,,,
1457,https://job-boards.greenhouse.io/datacamp/jobs/7261634,Curriculum Manager - Data Science,analytics_manager,data_analytics,manager,full_time,remote,,US,,,,,,,,,,,,,,,,,
1222,https://job-boards.greenhouse.io/celonis/jobs/6524475003?gh_jid=6524475003,Senior Field Marketing Manager - Public Sector,marketing_specialist,marketing,senior,full_time,hybrid,,US,,,,,,,,,,,,,,,,,
1564,https://job-boards.greenhouse.io/capco/jobs/7597792,Business Analyst,business_analyst,business_analysis,lead,full_time,onsite,Bengaluru,IN,,,,,,,,,,,,,,,,,
79,https://job-boards.greenhouse.io/smartsheet/jobs/7403194,Principal Product Manager - Enterprise Solutions (Remote Eligible),product_manager,product_management,senior,full_time,remote,,US,,,,,,,,,,,,,,,,,
1491,https://job-boards.greenhouse.io/kalepa/jobs/5737349004,Senior Backend Engineer - Client integrations (New York),backend_engineer,backend,senior,full_time,hybrid,New York,NY,185000,215000,USD,yearly,,,,,,,,,,,,,
1343,https://job-boards.greenhouse.io/thumbtack/jobs/7592408,Senior Data Engineer,data_engineer,data_engineering,senior,full_time,remote,,US,180200,233200,USD,yearly,,,,,,,,,,,,,
1977,https://job-boards.greenhouse.io/mavensecuritiesholdingltd/jobs/7249177,AI / LLM Engineer (Python) - London (243),software_engineer,software_engineering,junior,full_time,onsite,London,GB,,,,,,,,,,,,,,,,,
1396,https://job-boards.greenhouse.io/appier/jobs/1510668,"Sales Manager(IC, Hunter), Ad Cloud",,sales,manager,full_time,onsite,Tokyo,,,,,,,,,,,,,,,,,,
1329,https://job-boards.greenhouse.io/thumbtack/jobs/7610880,Commercial Ops Analyst,operations_specialist,other,senior,full_time,remote,,US,,,,,,,,,,,,,,,,,
1676,https://job-boards.greenhouse.io/capco/jobs/7609656,ESG- PM/ Reporting Manager,manager,management,manager,full_time,onsite,,IN,,,,,,,,,,,,,,,,,
1627,https://job-boards.greenhouse.io/capco/jobs/7653536,Cybersecurity consultant,consultant,consulting,mid,full_time,onsite,Brussels,,,,,,,,,,,,,,,,,,
1463,https://job-boards.greenhouse.io/datacamp/jobs/7627695,Data Science Editor,data_analyst,data_analytics,lead,contract,remote,,GB,,,,,,,,,,,,,,,,,
990,https://job-boards.greenhouse.io/inthepocket/jobs/7273769,Marketing Manager,marketing_specialist,marketing,lead,contract,onsite,,,,,,,,,,,,,,,,,,,
1586,https://job-boards.greenhouse.io/capco/jobs/7476180,Business Analyst - Retail Energy,business_analyst,business_analysis,unspecified,full_time,onsite,Washington DC,US,,,,,,,,,,,,,,,,,
358,https://job-boards.greenhouse.io/canonical/jobs/6980706,Junior Product Manager,product_manager,product_management,junior,,remote,,,,,,,,,,,,,,,,,,,
795,https://job-boards.greenhouse.io/grafanalabs/jobs/5799745004,Senior Backend Engineer - Mimir | Canada | Remote,backend_engineer,backend,senior,,remote,,CA,146000,175000,CAD,yearly,,,,,,,,,,,,,
1353,https://job-boards.greenhouse.io/thumbtack/jobs/7380261,"Staff Data Engineer, Marketing Technology",data_engineer,data_engineering,unspecified,full_time,remote,,US,249900,323400,USD,yearly,,,,,,,,,,,,,
1137,https://job-boards.greenhouse.io/celonis/jobs/7507758003?gh_jid=7507758003,IT Service Engineer,software_engineer,software_engineering,junior,full_time,onsite,Bangalore,IN,,,,,,,,,,,,,,,,,
38,https://job-boards.greenhouse.io/smartsheet/jobs/7657151,Business Development Representative,business_development_representative,sales,manager,,hybrid,Munich,DE,,,,,,,,,,,,,,,,,
1522,https://job-boards.greenhouse.io/capco/jobs/7649251,AI Product Analyst | Bank,other,other,senior,full_time,onsite,,,,,,,,,,,,,,,,,,,
1831,https://job-boards.greenhouse.io/capco/jobs/7532969,Programme Manager (Principal Consultant) - Financial Services,manager,,senior,unspecified,hybrid,London,GB,,,,,,,,,,,,,,,,,
1624,https://job-boards.greenhouse.io/capco/jobs/7411438,Consultant - Wealth & Asset Management,consultant,consulting,manager,full_time,onsite,New York,US,,,,,,,,,,,,,,,,,
309,https://job-boards.greenhouse.io/canonical/jobs/4810491,Engineering Manager - MLOps & Analytics,analytics_manager,management,lead,full_time,remote,,,,,,,,,,,,,,,,,,,
633,https://job-boards.greenhouse.io/gleanwork/jobs/4657395005,Partner Marketing Manager,marketing_specialist,marketing,manager,full_time,onsite,Bangalore,IN,,,,,,,,,,,,,,,,,
1588,https://job-boards.greenhouse.io/capco/jobs/7407471,Business Analyst - Retail Energy,business_analyst,business_analysis,junior,full_time,onsite,Houston,US,,,,,,,,,,,,,,,,,
245,https://job-boards.greenhouse.io/gomotive/jobs/8305505002,"Staff Product Manager, Vision (Founding New Product)",product_manager,product_management,unspecified,full_time,remote,,US,,,,,,,,,,,,,,,,,
1490,https://job-boards.greenhouse.io/kalepa/jobs/5737333004,Senior Backend Engineer - Client integrations (Europe),backend_engineer,backend,senior,full_time,remote,,,85000,155000,USD,yearly,,,,,,,,,,,,,
1352,https://job-boards.greenhouse.io/thumbtack/jobs/7380267,"Staff Data Engineer, Marketing Technology",data_engineer,data_engineering,unspecified,full_time,remote,,US,221000,286000,USD,yearly,,,,,,,,,,,,,
1187,https://job-boards.greenhouse.io/celonis/jobs/7142327003?gh_jid=7142327003,Principal Value Engineer - Insurance,software_engineer,engineering,senior,full_time,hybrid,New York,US,,,,,,,,,,,,,,,,,
654,https://job-boards.greenhouse.io/gleanwork/jobs/4540862005,Sales Development Manager,sales_representative,sales,lead,full_time,onsite,Bangalore,IN,,,,,,,,,,,,,,,,,
714,https://job-boards.greenhouse.io/gleanwork/jobs/4624272005,Talent Sourcer,other,other,junior,full_time,onsite,Bangalore,IN,,,,,,,,,,,,,,,,,
1615,https://job-boards.greenhouse.io/capco/jobs/7606980,Compliance Project Manager - Capital Markets,manager,operations,manager,full_time,onsite,New York,US,,,,,,,,,,,,,,,,,
1726,https://job-boards.greenhouse.io/capco/jobs/7643997,Junior Project Management Consultant,consultant,consulting,junior,contract,hybrid,Canada - Toronto,CA,,,,,,,,,,,,,,,,,
1643,https://job-boards.greenhouse.io/capco/jobs/7559855,Data Lead - Remoto,analytics_manager,data_analytics,senior,full_time,remote,São Paulo,BR,,,,,,,,,,,,,,,,,
1336,https://job-boards.greenhouse.io/thumbtack/jobs/7278486,"Head of Brand Production Studio, Brand Marketing",marketing_specialist,marketing,lead,full_time,remote,,US,,,,,,,,,,,,,,,,,
1559,https://job-boards.greenhouse.io/capco/jobs/7573514,BA- Reference Data - Mumbai,business_analyst,business_analysis,,,onsite,Mumbai,IN,,,,,,,,,,,,,,,,,
244,https://job-boards.greenhouse.io/gomotive/jobs/8303849002,"Staff Product Manager, Telematics",product_manager,product_management,unspecified,full_time,remote,,US,,,,,,,,,,,,,,,,,
1493,https://job-boards.greenhouse.io/kalepa/jobs/5755011004,Senior Backend Engineer – Submission Processing Team (Europe),backend_engineer,backend,senior,full_time,remote,,,85000,155000,USD,yearly,,,,,,,,,,,,,
965,https://job-boards.greenhouse.io/gofundme/jobs/7298922,Senior AI Engineer,software_engineer,software_engineering,senior,,hybrid,Buenos Aires,,,,,,,,,,,,,,,,,,
204,https://job-boards.greenhouse.io/gomotive/jobs/8385142002,Regional Sales Manager,sales_representative,sales,lead,full_time,hybrid,Austin,US,,,,,,,,,,,,,,,,,
1666,https://job-boards.greenhouse.io/capco/jobs/7578353,Device Management Process Owner (She/He/They),,,manager,contract,onsite,,PL,,,,,,,,,,,,,,,,,
1164,https://job-boards.greenhouse.io/celonis/jobs/7633386003?gh_jid=7633386003,Manager Services,manager,management,senior,full_time,hybrid,Paris,FR,,,,,,,,,,,,,,,,,
1791,https://job-boards.greenhouse.io/capco/jobs/7585830,Murex Consultant,consultant,consulting,unspecified,full_time,onsite,Kosice,,,,,,,,,,,,,,,,,,
1690,https://job-boards.greenhouse.io/capco/jobs/7570937,GCP Data Architect,data_analyst,data_architecture,senior,full_time,onsite,Bengaluru,IN,,,,,,,,,,,,,,,,,
389,https://job-boards.greenhouse.io/canonical/jobs/6812436,Partner Marketing Manager,marketing_specialist,marketing,manager,full_time,remote,,,,,,,,,,,,,,,,,,,
1958,https://job-boards.greenhouse.io/capco/jobs/7513649,Technical Business Analyst,business_analyst,business_analysis,lead,full_time,onsite,Dallas,US,,,,,,,,,,,,,,,,,
1073,https://job-boards.greenhouse.io/celonis/jobs/7493569003?gh_jid=7493569003,Associate Principal Product Manager - Process Intelligence Graph,product_manager,product_management,unspecified,full_time,hybrid,Los Angeles,US,,,,,,,,,,,,,,,,,
1494,https://job-boards.greenhouse.io/kalepa/jobs/5755122004,Senior Backend Engineer – Submission Processing Team (USA),backend_engineer,backend,senior,full_time,remote,,US,170000,210000,USD,yearly,,,,,,,,,,,,,
1517,https://job-boards.greenhouse.io/capco/jobs/7493779,AI Engineer - COM INGLÊS - Remoto,software_engineer,software_engineering,,,remote,Sao Paulo,BR,,,,,,,,,,,,,,,,,
1134,https://job-boards.greenhouse.io/celonis/jobs/6313860003?gh_jid=6313860003,Head of Industry - Retail & CPG,industry_lead,management,lead,full_time,hybrid,New York,US,,,,,,,,,,,,,,,,,
354,https://job-boards.greenhouse.io/canonical/jobs/6642933,Junior Ads Specialist,other,marketing,junior,full_time,remote,,,,,,,,,,,,,,,,,,,
1993,https://job-boards.greenhouse.io/mavensecuritiesholdingltd/jobs/2453640,Portfolio Manager - Generalist - Fundamental Long Short Equities (HK),manager,,manager,full_time,onsite,Hong Kong,,,,,,,,,,,,,,,,,,
1155,https://job-boards.greenhouse.io/celonis/jobs/7626353003?gh_jid=7626353003,Lead Value Realisation & Transformation Consultant,consultant,consulting,senior,full_time,hybrid,London,GB,,,,,,,,,,,,,,,,,
1647,https://job-boards.greenhouse.io/capco/jobs/7533349,Data Modeler,data_analyst,data_analytics,junior,full_time,onsite,Bengaluru,IN,,,,,,,,,,,,,,,,,
337,https://job-boards.greenhouse.io/canonical/jobs/4981245,Graduate Product Marketing Manager,marketing_specialist,marketing,junior,,,,,,,,,,,,,,,,,,,,,
1970,https://job-boards.greenhouse.io/capco/jobs/7534076,Trade and Transaction Reporting Business Analyst / Project Manager,business_analyst,business_analysis,lead,unspecified,hybrid,London,GB,,,,,,,,,,,,,,,,,
1822,https://job-boards.greenhouse.io/capco/jobs/7601725,Product Manager,product_manager,product_management,junior,,onsite,India - Pune,IN,,,,,,,,,,,,,,,,,
1501,https://job-boards.greenhouse.io/kalepa/jobs/5737445004,Staff Backend Engineer - New Products (Europe),backend_engineer,backend,unspecified,full_time,remote,,,145000,185000,USD,yearly,,,,,,,,,,,,,
1715,https://job-boards.greenhouse.io/capco/jobs/5886720,Java Developer,software_engineer,software_engineering,junior,,onsite,Milan,IT,,,,,,,,,,,,,,,,,
746,https://job-boards.greenhouse.io/grafanalabs/jobs/5746317004,"Commercial Account Executive, Acquisition | Bengaluru, India | Remote",account_executive,sales,,,remote,Bengaluru,IN,,,,,,,,,,,,,,,,,
1677,https://job-boards.greenhouse.io/capco/jobs/6856413,Executive Director | Insurance (Transformation Consulting),other,other,senior,full_time,onsite,,,,,,,,,,,,,,,,,,,
260,https://job-boards.greenhouse.io/gomotive/jobs/8376107002,Trial Success Manager (UK/EU),manager,management,lead,full_time,onsite,London,GB,,,,,,,,,,,,,,,,,
183,https://job-boards.greenhouse.io/gomotive/jobs/8381121002,Install Coordinator-1 (Spanish),implementation_coordinator,consulting,manager,,remote,,,,,,,,,,,,,,,,,,,
1781,https://job-boards.greenhouse.io/capco/jobs/7645940,Mid Data Governance,data_analyst,data_analytics,mid,full_time,onsite,Bengaluru,IN,,,,,,,,,,,,,,,,,
1188,https://job-boards.greenhouse.io/celonis/jobs/7547001003?gh_jid=7547001003,Procurement Manager - Marketing,marketing_specialist,marketing,senior,,hybrid,Madrid,ES,,,,,,,,,,,,,,,,,
1591,https://job-boards.greenhouse.io/capco/jobs/7433436,Business Analyst - Securities Services,business_analyst,business_analysis,junior,full_time,onsite,Kuala Lumpur,,,,,,,,,,,,,,,,,,
641,https://job-boards.greenhouse.io/gleanwork/jobs/4525297005,"Product Manager, Agent Security and Governance",product_manager,product_management,manager,full_time,hybrid,San Francisco Bay Area,US,160000,240000,USD,yearly,,,,,,,,,,,,,
1503,https://job-boards.greenhouse.io/kalepa/jobs/5739149004,Staff Backend Engineer - New Products (USA),backend_engineer,backend,unspecified,full_time,remote,NY,US,200000,235000,USD,yearly,,,,,,,,,,,,,
91,https://job-boards.greenhouse.io/smartsheet/jobs/7588854,Senior Software Engineer I - Finance Systems (Remote Eligible),software_engineer,software_engineering,senior,full_time,remote,,US,,,,,,,,,,,,,,,,,
44,https://job-boards.greenhouse.io/smartsheet/jobs/6286035,Commercial Account Executive - Growth,account_executive,sales,lead,contract,hybrid,Munich,DE,,,,,,,,,,,,,,,,,
1785,https://job-boards.greenhouse.io/capco/jobs/7649449,MSIM - Billing Ops -Mumbai,operations_specialist,operations,unspecified,full_time,onsite,Mumbai,IN,,,,,,,,,,,,,,,,,
359,https://job-boards.greenhouse.io/canonical/jobs/5861481,Junior Project Manager,manager,operations,junior,,remote,,,,,,,,,,,,,,,,,,,
1617,https://job-boards.greenhouse.io/capco/jobs/7536407,Consultant - Capital Markets Credit Risk,consultant,consulting,senior,full_time,onsite,New York,US,,,,,,,,,,,,,,,,,
730,https://job-boards.greenhouse.io/gleanwork/jobs/4659383005,Website Data Analyst,data_analyst,data_analytics,senior,full_time,onsite,Bangalore,IN,,,,,,,,,,,,,,,,,
381,https://job-boards.greenhouse.io/canonical/jobs/6110691,Marketing Manager,marketing_specialist,marketing,lead,full_time,remote,,,,,,,,,,,,,,,,,,,
1561,https://job-boards.greenhouse.io/capco/jobs/7185835,BA - Trading solutions,business_analyst,business_analysis,,,onsite,India - Pune,IN,,,,,,,,,,,,,,,,,
982,https://job-boards.greenhouse.io/gofundme/jobs/7565917,"Staff Product Manager, GoFundMe Pro (Checkout/Donation Flow)",product_manager,product_management,senior,full_time,hybrid,San Francisco,CA,181000,240000,USD,yearly,,,,,,,,,,,,,
1502,https://job-boards.greenhouse.io/kalepa/jobs/5739150004,Staff Backend Engineer - New Products (New York),backend_engineer,backend,unspecified,full_time,onsite,New York,US,220000,260000,USD,yearly,,,,,,,,,,,,,
757,https://job-boards.greenhouse.io/grafanalabs/jobs/5740377004,"Director, Solutions Engineering | EMEA | Remote",software_engineer,management,manager,full_time,remote,,GB,,,,,,,,,,,,,,,,,
1391,https://job-boards.greenhouse.io/appier/jobs/7510874,"Sales Development Associate (Inside Sales, TW)",sales_representative,sales,junior,internship,onsite,Taipei,TW,,,,,,,,,,,,,,,,,
511,https://job-boards.greenhouse.io/canonical/jobs/3798310,Technical Author (multiple roles and seniority levels),,,junior,,,,,,,,,,,,,,,,,,,,,
1796,https://job-boards.greenhouse.io/capco/jobs/7657896,Operational Excellence Lead – Wealth Operations,operations_specialist,operations,lead,full_time,onsite,London,GB,,,,,,,,,,,,,,,,,
1761,https://job-boards.greenhouse.io/capco/jobs/7533836,Management Consultant - Operational Resilience & Cyber,consultant,consulting,senior,unspecified,hybrid,London,GB,,,,,,,,,,,,,,,,,
1648,https://job-boards.greenhouse.io/capco/jobs/7533347,Data Modeler,data_analyst,data_analytics,unspecified,full_time,onsite,Bengaluru,IN,,,,,,,,,,,,,,,,,
420,https://job-boards.greenhouse.io/canonical/jobs/6180822,Regional Marketing Manager - EMEA,marketing_specialist,marketing,lead,,remote,,,,,,,,,,,,,,,,,,,
40,https://job-boards.greenhouse.io/smartsheet/jobs/7547203,Business NetSuite Analyst II (Remote Elegible - Costa Rica),business_systems_analyst,business_analysis,senior,full_time,remote,,CR,,,,,,,,,,,,,,,,,
603,https://job-boards.greenhouse.io/gleanwork/jobs/4659409005,Forward Deployed Product Manager,product_manager,product_management,senior,full_time,hybrid,New York City,US,170000,280000,USD,yearly,,,,,,,,,,,,,
1532,https://job-boards.greenhouse.io/capco/jobs/7590732,Angular Developer,software_engineer,software_engineering,senior,,onsite,India - Bengaluru,IN,,,,,,,,,,,,,,,,,
581,https://job-boards.greenhouse.io/gleanwork/jobs/4619072005,Enterprise Account Executive,account_executive,sales,,,hybrid,San Francisco,US,260000,310000,USD,yearly,,,,,,,,,,,,,
1978,https://job-boards.greenhouse.io/mavensecuritiesholdingltd/jobs/7208381,Amsterdam Trader Summer Internship 2026,other,finance/trading,intern,internship,onsite,Amsterdam,NL,,,,,,,,,,,,,,,,,
269,https://job-boards.greenhouse.io/canonical/jobs/5798264,Business Services Team Manager,manager,management,junior,full_time,remote,,,,,,,,,,,,,,,,,,,
554,https://job-boards.greenhouse.io/gleanwork/jobs/4637752005,Business Value Consultant,consultant,consulting,senior,full_time,hybrid,San Francisco,US,200000,250000,USD,yearly,,,,,,,,,,,,,
1456,https://job-boards.greenhouse.io/datacamp/jobs/7067243,Curriculum Manager - Data Science,analytics_manager,data_analytics,manager,full_time,remote,,US,,,,,,,,,,,,,,,,,
599,https://job-boards.greenhouse.io/gleanwork/jobs/4654906005,Field Marketing Programs Manager,marketing_specialist,marketing,lead,full_time,hybrid,San Francisco,CA,132000,175000,USD,yearly,,,,,,,,,,,,,
1560,https://job-boards.greenhouse.io/capco/jobs/7095488,BA - Reg Reporting,business_analyst,business_analysis,manager,,onsite,India - Mumbai,IN,,,,,,,,,,,,,,,,,
638,https://job-boards.greenhouse.io/gleanwork/jobs/4559476005,"Product Management Lead, Core Experience",product_manager,product_management,lead,full_time,hybrid,San Francisco Bay Area,US,210000,240000,USD,yearly,,,,,,,,,,,,,
494,https://job-boards.greenhouse.io/canonical/jobs/6635681,Software Maintenance Engineer,software_engineer,software_engineering,,,remote,,,,,,,,,,,,,,,,,,,
208,https://job-boards.greenhouse.io/gomotive/jobs/8435398002,Sales Development Intern,sales_representative,sales,intern,internship,,London,GB,,,,,,,,,,,,,,,,,
783,https://job-boards.greenhouse.io/grafanalabs/jobs/5796016004,People Technology Analyst | EST or CST USA | Remote,other,analyst,mid,full_time,remote,,US,100000,120000,USD,yearly,,,,,,,,,,,,,
771,https://job-boards.greenhouse.io/grafanalabs/jobs/5796306004,Global Billing Operations (Collections) Manager | PST or CST | Remote,operations_manager,operations,manager,full_time,remote,,US,88000,106000,USD,yearly,,,,,,,,,,,,,
1074,https://job-boards.greenhouse.io/celonis/jobs/6657178003?gh_jid=6657178003,Associate Technology and Management Consultant (Japan) - Orbit Program,consultant,consulting,junior,internship,onsite,,ES,,,,,,,,,,,,,,,,,
924,https://job-boards.greenhouse.io/truebill/jobs/7616062003,Senior Data Platform Engineer,analytics_engineer,data_engineering,senior,full_time,onsite,San Francisco,CO,160000,200000,USD,yearly,,,,,,,,,,,,,
1476,https://job-boards.greenhouse.io/datacamp/jobs/7083060,Product Marketing Manager,marketing_specialist,marketing,manager,full_time,onsite,Belgium,GB,,,,,,,,,,,,,,,,,
1593,https://job-boards.greenhouse.io/capco/jobs/6368594,Business Analyst/Senior Business Analyst (Banking),business_analyst,business_analysis,senior,,onsite,Kuala Lumpur,,,,,,,,,,,,,,,,,,
602,https://job-boards.greenhouse.io/gleanwork/jobs/4651950005,Forward Deployed Product Manager,product_manager,product_management,senior,full_time,hybrid,,US,170000,280000,USD,yearly,,,,,,,,,,,,,
696,https://job-boards.greenhouse.io/gleanwork/jobs/4006909005,Solutions Engineer- Central,software_engineer,software_engineering,lead,full_time,remote,,US,110000,235000,USD,yearly,,,,,,,,,,,,,
662,https://job-boards.greenhouse.io/gleanwork/jobs/4666997005,Sales Recruiter (Contract - Nashville),sales_representative,sales,,contract,hybrid,Nashville,,50,65,USD,hourly,,,,,,,,,,,,,
1387,https://job-boards.greenhouse.io/appier/jobs/6967119,Quality Assurance Intern,other,other,intern,internship,,Taipei,TW,,,,,,,,,,,,,,,,,
409,https://job-boards.greenhouse.io/canonical/jobs/2808065,Project Manager - Ubuntu Embedded Systems,manager,management,manager,contract,remote,,,,,,,,,,,,,,,,,,,
1884,https://job-boards.greenhouse.io/capco/jobs/7572673,"Senior Consultant - Group Life Underwriting, Operations & Technology",consultant,consulting,junior,full_time,hybrid,New York,US,,,,,,,,,,,,,,,,,
937,https://job-boards.greenhouse.io/truebill/jobs/7598590003,"Team Leader, Data Analytics - Product",data_analyst,data_analytics,lead,full_time,onsite,San Francisco,CO,160000,190000,USD,yearly,,,,,,,,,,,,,
722,https://job-boards.greenhouse.io/gleanwork/jobs/4626951005,"Technical Marketing Engineer, Agents",marketing_specialist,marketing,senior,full_time,hybrid,Palo Alto,CA,200000,225000,USD,yearly,,,,,,,,,,,,,
1556,https://job-boards.greenhouse.io/capco/jobs/7649093,BA-Payment,business_analyst,business_analysis,senior,full_time,onsite,,IN,,,,,,,,,,,,,,,,,
7,https://job-boards.greenhouse.io/omadahealth/jobs/7402427,"Director, Product Management",product_manager,product_management,senior,full_time,remote,,US,202400,253000,USD,yearly,,,,,,,,,,,,,
846,https://job-boards.greenhouse.io/grafanalabs/jobs/5740512004,Senior Solutions Engineer | Mid Atlantic or Southeast | Remote,software_engineer,software_engineering,senior,full_time,remote,,US,204000,254000,USD,yearly,,,,,,,,,,,,,
1081,https://job-boards.greenhouse.io/celonis/jobs/6300202003?gh_jid=6300202003,Business Development Representative Intern,business_development_representative,sales,intern,full_time,hybrid,New York,US,,,,,,,,,,,,,,,,,
942,https://job-boards.greenhouse.io/nansen/jobs/5783711004,Product Analyst,other,product management,unspecified,full_time,remote,,,,,,,,,,,,,,,,,,,
1784,https://job-boards.greenhouse.io/capco/jobs/7392301,(Morgan Stanley) Technical Project Manager (91066),manager,management,manager,full_time,hybrid,Canada - Montreal,CA,118000,135000,USD,yearly,,,,,,,,,,,,,
1790,https://job-boards.greenhouse.io/capco/jobs/7585826,Murex Consultant,consultant,consulting,unspecified,full_time,onsite,Bratislava,,,,,,,,,,,,,,,,,,
364,https://job-boards.greenhouse.io/canonical/jobs/6394147,Lead Data Governance Engineer,analytics_manager,data_engineering,lead,full_time,remote,,,,,,,,,,,,,,,,,,,
647,https://job-boards.greenhouse.io/gleanwork/jobs/4661658005,Product Marketing Manager (Pricing & Packaging),marketing_specialist,marketing,manager,full_time,hybrid,San Francisco Bay Area,US,160000,200000,USD,yearly,,,,,,,,,,,,,
1547,https://job-boards.greenhouse.io/capco/jobs/7387942,BA - Capital Market,business_analyst,business_analysis,lead,full_time,onsite,Bengaluru,IN,,,,,,,,,,,,,,,,,
923,https://job-boards.greenhouse.io/truebill/jobs/7631807003,Product Manager - Billing,product_manager,product_management,manager,full_time,onsite,Washington,FL,120000,160000,USD,yearly,,,,,,,,,,,,,
843,https://job-boards.greenhouse.io/grafanalabs/jobs/5784532004,"Senior Solutions Engineer, Acquisition | IL, MI, OH, MN | Remote",software_engineer,software_engineering,senior,full_time,remote,,US,204000,254000,USD,yearly,,,,,,,,,,,,,
1194,https://job-boards.greenhouse.io/celonis/jobs/7614803003?gh_jid=7614803003,Sales Development Program (Benelux market),sales_representative,sales,intern,full_time,,Madrid,ES,,,,,,,,,,,,,,,,,
879,https://job-boards.greenhouse.io/grafanalabs/jobs/5777812004,Staff Product Analyst | USA | Remote,other,product analysis,unspecified,full_time,remote,,US,162275,194730,USD,yearly,,,,,,,,,,,,,
608,https://job-boards.greenhouse.io/gleanwork/jobs/4654403005,Global Mobility and Operations Specialist,operations_specialist,operations,,,hybrid,San Francisco Bay Area,,115000,125000,USD,yearly,,,,,,,,,,,,,
1616,https://job-boards.greenhouse.io/capco/jobs/7573533,Consultant | AI Product Analyst,consultant,consulting,junior,full_time,onsite,,,,,,,,,,,,,,,,,,,
1373,https://job-boards.greenhouse.io/appier/jobs/7495834,Data Analyst Intern,data_analyst,data_analytics,intern,internship,,Taipei,TW,,,,,,,,,,,,,,,,,
826,https://job-boards.greenhouse.io/grafanalabs/jobs/5783877004,"Senior Product Marketing Manager | USA (EST, CST) | Remote",marketing_specialist,marketing,senior,full_time,remote,,US,183858,220630,USD,yearly,,,,,,,,,,,,,
1548,https://job-boards.greenhouse.io/capco/jobs/6282334,BA - Capital Market,business_analyst,business_analysis,lead,full_time,onsite,Bengaluru,IN,,,,,,,,,,,,,,,,,
643,https://job-boards.greenhouse.io/gleanwork/jobs/4482380005,"Product Manager, Connectors",product_manager,product_management,manager,full_time,hybrid,San Francisco Bay Area,US,130000,240000,USD,yearly,,,,,,,,,,,,,
193,https://job-boards.greenhouse.io/gomotive/jobs/8209651002,Master Builder – Engineering,software_engineer,software_engineering,unspecified,,remote,,IN,,,,,,,,,,,,,,,,,
561,https://job-boards.greenhouse.io/gleanwork/jobs/4601354005,"Commercial Account Executive, Central",account_executive,sales,,,hybrid,Austin,US,180000,230000,USD,yearly,,,,,,,,,,,,,
1980,https://job-boards.greenhouse.io/mavensecuritiesholdingltd/jobs/7556228,Campus Recruitment Coordinator,other,other,junior,internship,onsite,Chicago,US,70000,100000,USD,yearly,,,,,,,,,,,,,
449,https://job-boards.greenhouse.io/canonical/jobs/5391149,Senior Security Operations Engineer,operations_specialist,operations,senior,,,,,,,,,,,,,,,,,,,,,
1216,https://job-boards.greenhouse.io/celonis/jobs/7609030003?gh_jid=7609030003,Senior Consultant - Public Sector,consultant,consulting,senior,full_time,hybrid,,US,,,,,,,,,,,,,,,,,
940,https://job-boards.greenhouse.io/nansen/jobs/5783726004,Analytics Engineer,analytics_engineer,data_analytics,unspecified,,remote,,,,,,,,,,,,,,,,,,,
952,https://job-boards.greenhouse.io/gofundme/jobs/7531353,Lead International SEO,seo_specialist,marketing,lead,full_time,hybrid,,US,128500,192500,USD,yearly,,,,,,,,,,,,,
1592,https://job-boards.greenhouse.io/capco/jobs/7518370,Business Analyst | Securities Services/Capital Markets,business_analyst,business_analysis,senior,full_time,onsite,,,,,,,,,,,,,,,,,,,
640,https://job-boards.greenhouse.io/gleanwork/jobs/4007711005,Product Manager,product_manager,product_management,manager,full_time,hybrid,San Francisco Bay Area,US,105000,240000,USD,yearly,,,,,,,,,,,,,
858,https://job-boards.greenhouse.io/grafanalabs/jobs/5725860004,Solutions Engineer | Singapore | Remote,software_engineer,software_engineering,mid,full_time,remote,,FR,193000,245000,USD,yearly,,,,,,,,,,,,,
194,https://job-boards.greenhouse.io/gomotive/jobs/8142795002,"Mid-Market Account Executive, New Business",account_executive,sales,lead,full_time,onsite,United States - San Francisco,US,142000,197000,USD,yearly,,,,,,,,,,,,,
1602,https://job-boards.greenhouse.io/capco/jobs/7191275,Capco Summer Internship Program - Dallas Summer 2026,other,other,intern,internship,onsite,Dallas,US,,,,,,,,,,,,,,,,,
501,https://job-boards.greenhouse.io/canonical/jobs/6485081,Staff Security Operations Engineer,operations_specialist,operations,junior,,remote,,,,,,,,,,,,,,,,,,,
553,https://job-boards.greenhouse.io/gleanwork/jobs/4654837005,Business Value Consultant,consultant,consulting,senior,full_time,hybrid,New York,US,200000,250000,USD,yearly,,,,,,,,,,,,,
414,https://job-boards.greenhouse.io/canonical/jobs/4536726,Python Engineer - Data Center Hardware Integration (Taipei),,software_engineering,junior,full_time,onsite,Taipei,TW,,,,,,,,,,,,,,,,,
1335,https://job-boards.greenhouse.io/thumbtack/jobs/7649054,Growth Marketing Associate,marketing_specialist,marketing,unspecified,full_time,remote,,US,,,,,,,,,,,,,,,,,
1574,https://job-boards.greenhouse.io/capco/jobs/7478572,Business Analyst - Crude/Liquid Logistics,business_analyst,business_analysis,senior,full_time,onsite,Houston,US,,,,,,,,,,,,,,,,,
604,https://job-boards.greenhouse.io/gleanwork/jobs/4659407005,Forward Deployed Product Manager,product_manager,product_management,senior,full_time,hybrid,San Francisco Bay Area,US,170000,280000,USD,yearly,,,,,,,,,,,,,
27,https://job-boards.greenhouse.io/omadahealth/jobs/7611424,Staff Software Engineer,software_engineer,software_engineering,unspecified,,remote,,US,202400,253000,USD,yearly,,,,,,,,,,,,,
197,https://job-boards.greenhouse.io/gomotive/jobs/7788016002,"New Business Account Executive, Mid-Market",account_executive,sales,lead,full_time,onsite,United States - Nashville,US,142000,197000,USD,yearly,,,,,,,,,,,,,
1966,https://job-boards.greenhouse.io/capco/jobs/7615804,Tester AI QA (Polish is Mandatory) (She/He/They),,,unspecified,contract,onsite,Warsaw,PL,,,,,,,,,,,,,,,,,
770,https://job-boards.greenhouse.io/grafanalabs/jobs/5802655004,Event Manager | EST or CST USA | Remote,manager,operations,junior,full_time,remote,,US,112072,134486,USD,yearly,,,,,,,,,,,,,
1075,https://job-boards.greenhouse.io/celonis/jobs/7494205003?gh_jid=7494205003,"Associate Technology and Management Consultant (Turkish-Speaking, Growth) - Orbit Program",consultant,consulting,junior,full_time,onsite,Madrid,ES,,,,,,,,,,,,,,,,,
1,https://job-boards.greenhouse.io/found/jobs/4652575005,Data Analytics Director,analytics_director,data_analytics,director,full_time,remote,,US,,,,,,,,,,,,,,,,,
954,https://job-boards.greenhouse.io/gofundme/jobs/7531351,Lead Technical SEO,seo_specialist,technical,lead,full_time,hybrid,,US,118500,177500,USD,yearly,,,,,,,,,,,,,
1797,https://job-boards.greenhouse.io/capco/jobs/7649214,Payment with Pega Business Analyst,business_analyst,business_analysis,senior,full_time,onsite,,IN,,,,,,,,,,,,,,,,,
1743,https://job-boards.greenhouse.io/capco/jobs/7621525,LEA Product Manager,product_manager,product_management,unspecified,full_time,onsite,Pune,IN,,,,,,,,,,,,,,,,,
880,https://job-boards.greenhouse.io/grafanalabs/jobs/5800230004,Staff Software Engineer - Grafana Cloud k6 | Canada | Remote,software_engineer,software_engineering,unspecified,,remote,,CA,186368,223642,CAD,yearly,,,,,,,,,,,,,
656,https://job-boards.greenhouse.io/gleanwork/jobs/4006925005,Sales Development Representative,business_development_representative,sales,,,hybrid,San Francisco,CA,80000,100000,USD,yearly,,,,,,,,,,,,,
1846,https://job-boards.greenhouse.io/capco/jobs/7656698,QA Automation Tester (5 days on-site) - All levels,other,Engineering and Technical,unspecified,full_time,onsite,Bangkok,,,,,,,,,,,,,,,,,,
625,https://job-boards.greenhouse.io/gleanwork/jobs/4667085005,"Manager, AI Outcomes",manager,,manager,,remote,,US,270000,300000,USD,yearly,,,,,,,,,,,,,
1776,https://job-boards.greenhouse.io/capco/jobs/7362581,Managing Principal - Institutional Payments Lead,,consulting,senior,full_time,onsite,New York,US,,,,,,,,,,,,,,,,,
75,https://job-boards.greenhouse.io/smartsheet/jobs/7425784,People Analytics Analyst - (Hybrid in Bangalore),data_analyst,data_analytics,senior,full_time,hybrid,Bangalore,IN,,,,,,,,,,,,,,,,,
959,https://job-boards.greenhouse.io/gofundme/jobs/7166369,Principal Product Marketing Manager,marketing_specialist,marketing,unspecified,full_time,hybrid,San Francisco,CA,183000,275000,USD,yearly,,,,,,,,,,,,,
1872,https://job-boards.greenhouse.io/capco/jobs/7660344,Senior Business Analyst | Corporate Banking,business_analyst,business_analysis,senior,full_time,onsite,,,,,,,,,,,,,,,,,,,
1028,https://job-boards.greenhouse.io/webflow/jobs/7456857,"Principal Product Manager, AI",product_manager,product_management,unspecified,full_time,remote,,US,,,,,,,,,,,,,,,,,
884,https://job-boards.greenhouse.io/grafanalabs/jobs/5809258004,"Staff Software Engineer - Grafana Cloud Observability, Kubernetes Monitoring | Spain | Remote",software_engineer,software_engineering,unspecified,,remote,,ES,94025,112830,EUR,yearly,,,,,,,,,,,,,
1052,https://job-boards.greenhouse.io/webflow/jobs/7527380,Strategic Account Executive - West,account_executive,sales,senior,full_time,,,US,368000,460000,USD,yearly,,,,,,,,,,,,,
1984,https://job-boards.greenhouse.io/mavensecuritiesholdingltd/jobs/7227500,Chicago Graduate Trader Programme 2026,,,junior,internship,onsite,Chicago,US,150000,200000,USD,yearly,,,,,,,,,,,,,
1995,https://job-boards.greenhouse.io/mavensecuritiesholdingltd/jobs/7388712,Portfolio Manager (Monaco),manager,finance,manager,,onsite,Monaco,,,,,,,,,,,,,,,,,,
182,https://job-boards.greenhouse.io/gomotive/jobs/8367414002,Installations Specialist,implementation_consultant,consulting,lead,full_time,onsite,,US,,,,,,,,,,,,,,,,,
956,https://job-boards.greenhouse.io/gofundme/jobs/7488758,"Manager, Data Science",analytics_manager,data_analytics,senior,full_time,hybrid,San Francisco,CA,202000,303000,USD,yearly,,,,,,,,,,,,,
1385,https://job-boards.greenhouse.io/appier/jobs/7192666,Product Marketing Associate (Personalization/Data Cloud),marketing_specialist,marketing,unspecified,full_time,remote,,,,,,,,,,,,,,,,,,,
1578,https://job-boards.greenhouse.io/capco/jobs/7624761,Business Analyst-Gen AI,business_analyst,business_analysis,senior,,onsite,India - Bengaluru,IN,,,,,,,,,,,,,,,,,
1184,https://job-boards.greenhouse.io/celonis/jobs/7540471003?gh_jid=7540471003,Principal Product Manager - Celonis Data Core,product_manager,product_management,unspecified,,hybrid,Madrid,ES,,,,,,,,,,,,,,,,,
845,https://job-boards.greenhouse.io/grafanalabs/jobs/5784560004,"Senior Solutions Engineer, Growth | SoCal | Remote",software_engineer,software_engineering,senior,full_time,remote,,US,204000,254000,USD,yearly,,,,,,,,,,,,,
1477,https://job-boards.greenhouse.io/datacamp/jobs/7104071,Senior BDR & SDR Manager,business_development_representative,sales,senior,full_time,onsite,New York,US,116000,150000,USD,yearly,,,,,,,,,,,,,
1022,https://job-boards.greenhouse.io/webflow/jobs/7369238,Partner Development Representative (PDR),,,director,full_time,remote,,US,95000,110000,USD,yearly,,,,,,,,,,,,,
922,https://job-boards.greenhouse.io/truebill/jobs/7645902003,Operations Associate,operations_specialist,operations,unspecified,full_time,onsite,Phoenix AZ,US,20,22,USD,yearly,,,,,,,,,,,,,
181,https://job-boards.greenhouse.io/gomotive/jobs/8386120002,Installations Specialist,implementation_consultant,consulting,lead,full_time,onsite,,US,,,,,,,,,,,,,,,,,
161,https://job-boards.greenhouse.io/gomotive/jobs/8355403002,Data Annotator,data_analyst,data_analytics,junior,full_time,onsite,Mexico City,,,,,,,,,,,,,,,,,,
721,https://job-boards.greenhouse.io/gleanwork/jobs/4660113005,Technical Marketing Engineer (Agent Development),marketing_specialist,marketing,senior,full_time,hybrid,Palo Alto,CA,150000,200000,USD,yearly,,,,,,,,,,,,,
1876,https://job-boards.greenhouse.io/capco/jobs/7648976,Senior Business Analyst | TOM Delivery (CIB),business_analyst,business_analysis,senior,full_time,onsite,,,,,,,,,,,,,,,,,,,
78,https://job-boards.greenhouse.io/smartsheet/jobs/7651508,"Principal Product Manager, Brandfolder (Hybrid in Bangalore)",product_manager,product_management,unspecified,full_time,hybrid,Bangalore,IN,,,,,,,,,,,,,,,,,
878,https://job-boards.greenhouse.io/grafanalabs/jobs/5800234004,Staff Mobile Engineer: Instrumentation SDK (iOS/Android) - Observability | US | Remote,software_engineer,software_engineering,unspecified,,remote,,US,174986,209983,USD,yearly,,,,,,,,,,,,,
785,https://job-boards.greenhouse.io/grafanalabs/jobs/5796295004,"Regional Sales Director, Majors Growth | CA | Remote",sales_representative,sales,director,full_time,remote,,US,425000,450000,USD,yearly,,,,,,,,,,,,,
