row_id,source_job_id,title_clean
1,4652575005,Data Analytics Director
2,4665181005,Growth Marketing Manager
3,4642180005,Marketing & Communications Manager
4,4501664005,Telehealth Provider (MD & DO)
5,6630931,"Accounting Manager, Corporate Accounting"
6,7565197,"Director of Engineering, Member Experience – Core User Experience (B2C)"
7,7402427,"Director, Product Management"
8,7597061,"Program Manager, Strategy and Operations"
9,7347080,"Regional Vice President, GLP-1 Sales"
10,7565149,"Senior Accountant, Financial Reporting & Technical Accounting"
11,7473994,"Senior Analyst, Strategic Finance"
12,7543805,Senior Commercial Counsel
13,7371153,"Senior Data Analyst, B2B Analytics"
14,7351285,Senior Director Client Reporting and Analytics
15,7396423,Senior Employment Counsel
16,7551558,"Senior Manager, Commercial Operations"
17,7550773,"Senior Manager, Health Information Management"
18,7562427,Senior Member Growth Manager
19,7648699,Senior Salesforce Administrator
20,7235659,Senior Software Engineer
21,7137954,Senior Software Engineer
22,7415707,Senior Systems Automation Engineer
23,7395163,Senior Workforce Management Analyst
24,7567588,Software Engineer II
25,7235657,"Software Engineer II, Android"
26,7235663,Staff Product Designer
27,7611424,Staff Software Engineer
28,7381236,Strategic Account Executive - Mid-Market
29,7540354,Strategic Alliance Manager
30,6718388,"Account Executive, Commercial - Mid Market"
31,6718395,"Account Executive, Commercial - Mid Market"
32,7644646,"Account Executive, Commercial - New Business"
33,6470457,Account Executive - Enterprise (Japan)
34,7637509,"Account Executive, Enterprise - New Business"
35,3788031,"Account Executive, SMB"
36,7291129,"Account Executive, SMB"
37,7590172,"Account Executive, Strategic Accounts - New Business"
38,7657151,Business Development Representative
39,5955645,Business Development Representative
40,7547203,Business NetSuite Analyst II (Remote Elegible - Costa Rica)
41,7630247,Client Services Director
42,7585064,Commercial Account Executive - Danish Speaking
43,7585029,Commercial Account Executive - French Speaking
44,6286035,Commercial Account Executive - Growth
45,7453306,Corporate Counsel I
46,7167997,Data Scientist II (Hybrid in Bangalore)
47,7578148,"Director, Engineering (Hybrid in Bangalore)"
48,7630792,"Director, Product Design (Remote Eligible)"
49,7608763,Enterprise Account Executive
50,7663183,Enterprise Account Executive
51,7608802,Enterprise Account Executive
52,7584954,Enterprise Account Executive
53,7297639,Enterprise Account Executive
54,7584948,Enterprise Account Executive - French Speaking
55,7205498,Enterprise Account Executive- Healthcare
56,7611311,Enterprise Account Executive- Healthcare
57,6795378,Enterprise Account Executive- SLED
58,7484283,Enterprise Account Executive - State/Local Government
59,6693156,Enterprise Account Executive - State/Local Government
60,7505609,Enterprise Account Executive - State/Local Government
61,7505608,Enterprise Account Executive - State/Local Government
62,7538936,Enterprise Account Executive-Strategic Accounts
63,7538940,Enterprise Account Executive-Strategic Accounts
64,6680241,Enterprise Account Executive - UK Public Sector
65,7395150,Fulfillment Operations Coordinator II
66,7592404,Indirect Tax Accountant (Remote Elegible - Costa Rica)
67,7647675,Inside Account Executive
68,7629449,Inside Account Executive - Public Sector
69,7629443,Inside Account Executive - Public Sector
70,7645517,Inside Sales Representative
71,7560195,"Manager, Engineering"
72,7475545,"Manager, Engineering (Hybrid in Bangalore)"
73,7648752,"Manager, Solution Services (Remote elegible - Costa Rica)"
74,7571627,Partner Operations Specialist (Remote Elegible - Costa Rica)
75,7425784,People Analytics Analyst - (Hybrid in Bangalore)
76,7395033,Principal Analytics Engineer (Data Architect) - Hybrid in Bangalore
77,7491110,Principal Partner Account Manager
78,7651508,"Principal Product Manager, Brandfolder (Hybrid in Bangalore)"
79,7403194,Principal Product Manager - Enterprise Solutions (Remote Eligible)
80,7538281,Principal SE - Big Data Platform
81,7386364,Product Manager II (Remote from Bulgaria)
82,7662195,"Program Manager, Localization"
83,6160665,"Regional Director, Commercial Sales"
84,7594178,"Regional Director, Strategic Accounts- New Business"
85,7133255,Sales Development Representative II - East Coast
86,7603997,Salesforce Administrator (Remote Eligible - Costa Rica)
87,7641389,Senior Auditor (Remote Eligible - Costa Rica)
88,6806756,"Senior Manager, Engineering - Enterprise Audit"
89,7364595,Senior NetSuite Administrator (Hybrid in Bangalore)
90,7475715,Senior NetSuite Administrator (in Bangalore)
91,7588854,Senior Software Engineer I - Finance Systems (Remote Eligible)
92,7388435,"Senior Software Engineer, Platform Security (Remote from Bulgaria)"
93,7593216,Services Operations Analyst (Remote Elegible - Costa Rica)
94,6658934,Software Engineer (Hybrid in Bangalore)
95,6366658,Software Engineer II (Remote Eligible from Bulgaria)
96,7657178,Solutions Engineer
97,7567092,"Sr. Accountant, Corporate Accounting (Hybrid in Bangalore)"
98,7435911,Sr. Analytics Engineer- Hybrid in Bangalore
99,7515921,Sr. Commissions Analyst
100,7639370,Sr. Compensation Consultant
101,7171724,Sr. Data Scientist (Hybrid in Bangalore)
102,7105333,"Sr. Data Scientist II, Product Analytics (Hybrid in Bangalore)"
103,7102194,"Sr. Data Scientist, Product Analytics (Hybrid in Bangalore)"
104,7385653,Sr. DevSecOps Engineer- Reliability & Security (Remote from Bulgaria)
105,7642923,"Sr. Director, Product Marketing"
106,7490948,"Sr Enterprise Account Executive, Asia"
107,7629370,"Sr. Finance Analyst, WWFO FP&A"
108,7577295,Sr. Machine Learning Operations Engineer
109,7492226,"Sr. Manager, Accounting (Hybrid in Bangalore)"
110,7539081,"Sr. Operations Program Manager, Localization (Remote Eligible)"
111,7651359,Sr. Packaging & Pricing Analyst (Hybrid in Bangalore)
112,7634548,Sr. Product Designer (Hybrid in Bangalore)
113,7325786,"Sr. Product Manager, Policy & Governance (Hybrid in Bangalore)"
114,7384222,Sr. Revenue Operations Analyst - Foundations (Hybrid in Bangalore)
115,7573007,"Sr. Sales Enablement Program Manager, Global Onboarding & Ramp (Remote Elegible - Costa Rica)"
116,7593421,Sr. Services Operations Analyst (Remote Elegible - Costa Rica)
117,7515315,Sr Software Engineer I (Hybrid in Bangalore)
118,7610115,Sr Software Engineer II (Hybrid in Bangalore)
119,7599444,Sr. Software Engineer (Remote Eligible from Bulgaria)
120,7317884,Sr. Systems Project Manager (Hybrid in Bangalore)
121,7571887,Sr. Tax Accountant - International
122,7369444,Sr. Technical Program Manager (Hybrid in Bangalore)
123,7638863,Strategic Account Executive - Midwest
124,7638866,Strategic Account Executive - Midwest
125,7565491,Talent Development Partner
126,7551022,"Team Manager, Technical Support"
127,7569386,Technical Account Management (Remote Elegible - Costa Rica)
128,7569344,Technical Lead (Remote Elegible - Costa Rica)
129,7654140,Tier 1 Security & Desktop Systems Specialist (Hybrid in Bangalore)
130,7562088,"Vice President, GTM Strategy & Operations"
131,7599802,"VP, People Business Partnerships"
132,7398296,"VP, Product Management (Hybrid in Bangalore)"
133,8235635002,"Account Executive, CMRL - MX"
134,7116411002,"Account Executive, Enterprise"
135,7688059002,"Account Executive, Enterprise"
136,7812320002,"Account Executive, Enterprise - Central"
137,7812301002,"Account Executive, Enterprise - Great Lakes (KY & IN)"
138,7812270002,"Account Executive, Enterprise - Mid-Atlantic (MD, NJ, PA, NY, MI)"
139,8404846002,"Account Executive, Enterprise - Northeast (CT, MA, ME, NH, OH, MI)"
140,7812312002,"Account Executive, Enterprise - Southeast"
141,7812327002,"Account Executive, Enterprise - Tennessee"
142,7812263002,"Account Executive, Enterprise - Texas"
143,7812348002,"Account Executive, Enterprise - West"
144,7213840002,"Account Executive, Mid-Market"
145,7083315002,"Account Executive, SLED (Washington, Colorado, Northeast)"
146,8344647002,"Account Executive, SMB New Logo – Spanish Speaking"
147,8143192002,Associate Enterprise Systems QA Engineer
148,8399242002,"Associate Manager, Deal Desk - (Remote)"
149,8161939002,"Associate Manager, Sales Development (Public Sector)"
150,8360626002,Associate Manager - Technical Support Engineering
151,8329430002,Associate People Business Partner
152,7251832002,"Associate Solutions Engineer, Commercial (Nashville - Onsite)"
153,8175044002,Associate Systems Administrator (Salesforce)
154,8304034002,Business Development Representative - Mexico City
155,7761424002,Business Strategy and Operations Analyst II
156,8307807002,Business Strategy & Operations Analyst II-4
157,5796845002,"Commercial Account Executive, Outbound Sales"
158,6050374002,Commercial Account Manager
159,6717948002,Computer Vision Engineer
160,8129164002,Customer Success Manager
161,8355403002,Data Annotator
162,8378193002,Data Annotator (rotational shifts w/ weekends)
163,8213266002,Data Engineer
164,8213262002,Data Engineer
165,8097707002,"Director, Commercial Sales Engineering"
166,8400368002,"Director, Networks Sales & Account Management"
167,8394651002,Director of CMRL Sales & Account Management
168,8419784002,"Director of Customer Success, Canada"
169,8047012002,"Director of Strategic Accounts, Central U.S."
170,8047035002,"Director of Strategic Accounts, Western U.S."
171,8287447002,"Director of TPM, Connected Devices"
172,8324209002,Enablement Program Manager
173,8177902002,Engineering Manager
174,8367411002,Enterprise Account Executive
175,8071081002,ENT Regional Director - Enterprise West Sales
176,8382162002,Field Marketing Specialist
177,8325871002,French Speaking Commercial Outbound Account Executive
178,8367923002,French Speaking SDR
179,8367344002,Implementation Consultant
180,8379119002,Implementation Consultant
181,8386120002,Installations Specialist
182,8367414002,Installations Specialist
183,8381121002,Install Coordinator-1 (Spanish)
184,8381125002,Install Operations Associate-1
185,8387980002,Instructional Designer
186,8402716002,Integration Engineer
187,8402712002,Integrations Engineer
188,5476318002,Interested in joining our team?
189,5466892002,Interested in joining our team?
190,6854597002,"Manager, Commercial Sales - Outbound"
191,8387634002,"Manager, of Customer Success Mexico"
192,6854599002,"Manager, SMB Account Management"
193,8209651002,Master Builder – Engineering
194,8142795002,"Mid-Market Account Executive, New Business"
195,7857381002,"Mid-Market Account Manager, Expansion"
196,8301398002,Networks EE Account Manager
197,7788016002,"New Business Account Executive, Mid-Market"
198,8384147002,Partner Success Manager - Installations
199,8381716002,Partner Success Manager - Installations
200,8384761002,Principal Commodity Manager
201,8395284002,Public Sector Partner Manager
202,7579408002,"Regional Director, Account Management"
203,8395398002,"Regional Partner Manager, Mexico"
204,8385142002,Regional Sales Manager
205,8112579002,"Regional Vice President, Strategic Sales"
206,8384145002,"RVP, Enterprise Sales, Canada"
207,8376465002,Sales Data Engineering Manager
208,8435398002,Sales Development Intern
209,8431778002,Sales Development Intern
210,8303070002,Sales Development Representative
211,7667321002,Sales Development Representative - Mexico City
212,8174963002,"Sales Engineer, Commercial"
213,8097710002,"Sales Engineering Manager, Commercial"
214,8381853002,"Sales Manager, SMB"
215,8324828002,"Senior Business Operations Manager, International"
216,8096781002,Senior Cloud Engineer
217,8368359002,Senior Field Engineer
218,8291209002,Senior Finance Operations Analyst
219,8384543002,Senior Insurance Partner Manager (Carriers)
220,7870024002,"Senior Manager, Account Management"
221,8372736002,Senior Netsuite Admin / Developer
222,8350176002,"Senior Product Manager, Analytics"
223,8367361002,"Senior Product Manager, Financial Products"
224,8387963002,"Senior Product Manager, Fleet Management"
225,8235620002,"Senior Product Marketing Manager, México"
226,8235467002,Senior Product Operations Manager - International
227,8365243002,Senior Role Readiness Specialist
228,6739928002,Senior Sales Development Representative
229,8388775002,Senior Sales Development Representative
230,7784063002,Senior Salesforce Engineer (CPQ)
231,8371605002,"Senior Software Engineer, Backend"
232,8349913002,"Senior Solutions Engineer, Enterprise (Great Lakes)"
233,8349910002,"Senior Solutions Engineer, Enterprise (Mid-Atlantic)"
234,8376363002,"Senior Solutions Engineer, Enterprise (Northeast)"
235,8403604002,Senior Technical Support Engineer
236,8360620002,Senior Technical Support Engineer - Spanish
237,6056462002,SMB Account Executive - Outbound Sales
238,6056466002,"SMB Account Executive, Outbound Sales"
239,6056440002,SMB Account Manager
240,7959019002,SMB Account Manager - Spanish
241,7284384002,"Solutions Engineer, Mid Market — CA/OR/WA"
242,8137073002,SRE
243,7817945002,Sr. Sales Engineer
244,8303849002,"Staff Product Manager, Telematics"
245,8305505002,"Staff Product Manager, Vision (Founding New Product)"
246,8137075002,Staff Site Reliability Engineer
247,7941129002,"Strategic Account Executive, Mexico"
248,8416916002,"Strategic Product Sales Specialist, Equipment Monitoring"
249,8355409002,Team Lead Data Annotator
250,8021084002,Technical Account Manager
251,8021079002,Technical Account Manager - Enterprise
252,8021070002,Technical Account Manager - MMC
253,6903824002,Technical Support Engineer
254,8021088002,Technical Support Eng- MM/CMRL
255,6533318002,Technical Support Specialist - Spanish
256,8240269002,Technology Program Analyst II
257,7814541002,Trial Success Manager (Central)
258,8376670002,Trial Success Manager (East)
259,8376673002,Trial Success Manager (Mountains)
260,8376107002,Trial Success Manager (UK/EU)
261,8374451002,Vehicle Coverage Engineer
262,8342277002,Winback Specialist
263,8400370002,Workplace Experience Specialist - Taiwan
264,5569916,Accountant
265,3433732,Alliances Field Engineer
266,6448444,Associate Linux Support Engineer
267,7267406,Beijing Office Administrator
268,6713184,Business Development Representative
269,5798264,Business Services Team Manager
270,4124053,"C, Golang Software Engineer working on dqlite, a Raft extension for SQLite"
271,6861186,"Channel Partner Sales Executive, Japan"
272,5750137,Chief Revenue Officer
273,4934551,Cloud Alliances Business Development Lead
274,4676649,Cloud Engineering Manager
275,6132532,Cloud Field Engineer
276,7410479,Cloud Field Engineering Manager
277,6283017,Cloud Professional Services Manager
278,5915936,Cloud Solutions Architect - Alliances
279,2456563,Cloud Support Engineer
280,5279390,"Cloud Support Engineer, Japan"
281,3275433,Community Engineer (multiple roles and seniority levels)
282,5172247,Containerization & Virtualisation Engineer
283,6943565,Content marketing team manager
284,4439935,C++/Rust Graphics and Windowing System Software Engineer - Mir
285,7599651,"Dedicated Cloud Support Engineer, Saudi Arabia"
286,6366166,Dell Global Alliance Director
287,7566317,Design Manager (Visual)
288,5143011,Developer Relations Engineer
289,6460571,"Director, Talent Science"
290,2969042,"Distributed Systems Testing Software Engineer, Python / Go"
291,3821346,Embedded & Desktop Linux Systems Engineer - Optimisation
292,5823852,"Embedded IoT / Edge Solutions Sales Representative, Manager and Director"
293,6224403,Embedded Linux Consultant - Japan
294,3362765,Embedded Linux Field Engineer for Devices/IoT
295,3756791,Embedded Linux Field Engineering Manager (Americas only)
296,6994398,Embedded Linux Field Engineer (Mandarin speaking)
297,6189337,Embedded Linux Senior Software Engineer - Optimisation
298,7646448,Engineering Director - Business Data
299,7646454,Engineering Director - Commercial Systems
300,7074861,"Engineering Director, Devices Software Engineering"
301,5188002,Engineering Manager
302,6215502,Engineering Manager - AppArmor
303,5127399,Engineering Manager - App Stores
304,4175808,Engineering Manager- Ceph & Distributed Storage
305,3657756,"Engineering Manager, Commercial Systems"
306,5667860,Engineering Manager - Data Platform
307,5869156,Engineering Manager for IAM (Identity and Access Management)
308,4676823,"Engineering Manager, Managed Services"
309,4810491,Engineering Manager - MLOps & Analytics
310,4144793,"Engineering Manager - Public Cloud, Python, Golang"
311,3740499,Engineering Manager - Python and K8s
312,6215514,Engineering Manager - Security Standards and Hardening
313,3313558,Engineering Manager - Solutions Engineering
314,5612564,Engineering Manager - Ubuntu Core
315,5996326,Engineering Manager - Ubuntu Hardware Certification Quality and Test Engineering
316,4192903,Engineering Manager - Ubuntu Security
317,4754075,Engineering Manager - Web
318,7124193,Enterprise Account Executive
319,6856788,Enterprise Customer Success Manager
320,7084000,Enterprise Customer Success Manager (French speaker)
321,7549144,Enterprise Customer Success Manager (Japanese speaker)
322,3256589,Enterprise Project Manager
323,7064135,Executive Search Lead - Technology
324,4181031,Financial Analyst
325,5894889,GitOps Engineering Manager
326,2383894,Global Head of Cloud Alliances
327,4517179,Global Head of GSI Alliances
328,4857458,"Go (Golang) Software Engineer, Developer Tooling and Containers"
329,5146709,Golang Engineer
330,5692058,"Golang Engineering Manager, Commercial Systems"
331,4827747,"Golang Software Engineer, Commercial Systems"
332,4960407,Golang System Software Engineer - Containers / Virtualisation
333,6103331,Graduate Customer Success Manager
334,7048263,Graduate HR Generalist - AMER
335,5253092,Graduate HR Generalist - APAC
336,4981249,Graduate Partner Marketing Manager
337,4981245,Graduate Product Marketing Manager
338,5915299,Graduate Sales Development Representative
339,7645833,Graduate Sales Development Representative (AU/NZ)
340,7661586,Graduate Sales Development Representative (UK)
341,7522509,"Graduate Software Engineer, Open Source and Linux, Canonical Ubuntu"
342,6464146,Graduate Talent Scientist
343,4209375,Head of Security Operations
344,5100204,Head of Talent Development
345,5291040,HPC Software Engineer
346,7055576,HR Generalist
347,6950222,IBM Global Alliance Director
348,4551832,Information Systems - Open Source Technical Architect
349,4581200,IoT Data Engineer
350,2169848,IoT Field Engineer - China & Region
351,6587365,IoT Solutions Architecture Manager (Americas only)
352,7607749,ISV Technical Alliance Manager
353,6426388,Juju Software Engineer (Go)
354,6642933,Junior Ads Specialist
355,6492597,Junior Campaign Manager
356,6642917,Junior Data Engineer
357,5370815,Junior Linux Kernel Engineer - Ubuntu
358,6980706,Junior Product Manager
359,5861481,Junior Project Manager
360,2166631,Junior Software Developer - Observability
361,6707669,Junior Ubuntu Software Engineer
362,7334725,Kernel Build Automation Engineer - Ubuntu Linux
363,7440256,LATAM Enterprise Account Executive - Spanish speaker
364,6394147,Lead Data Governance Engineer
365,6484410,Lead HR Generalist - Americas
366,6010955,Lead Linux Kernel Engineer - Ubuntu
367,4717512,Linux Cryptography and Security Engineer
368,7569101,Linux Desktop Support Engineer (London UK office)
369,5140562,Linux Devices Software Engineer
370,4394058,Linux devices software engineer - snapd
371,5560182,Linux Enablement - Software Engineering Manager
372,3262042,Linux Enablement - Software Engineering Manager
373,3666345,Linux Engineering Manager - Optimisation for Latest Hardware
374,5151903,Linux Kernel Engineer
375,6062471,Linux Platform Integration - Ubuntu Systems Senior Engineer
376,7432750,Linux Software Engineer - Ubuntu for Next-Gen Silicon (multiple roles and seniority levels)
377,6177790,MAAS Data Center Infrastructure Engineer (Toronto area)
378,6177794,MAAS Systems Engineer - Python (Toronto area)
379,7267884,Manager of Enterprise Open Source Sales Team
380,6458166,"Manager, Product Manager"
381,6110691,Marketing Manager
382,5191982,Microservices Engineer
383,6783943,MLOps Field Engineer
384,6391434,NetSuite Administrator
385,5739500,Observability Engineering Manager
386,6633605,Open Source Enterprise Sales / Alliances
387,5660661,Open Source Networking Software Engineer - ToR Switch / SmartNIC / DPU
388,4676858,OpenStack Engineering Manager
389,6812436,Partner Marketing Manager
390,3572118,Partner Sales Director - Global System Integrator (GSI)
391,4126502,Partner Sales Director - IHV Alliances
392,6861259,"Partner Sales Executive, ANZ Channel"
393,6749072,"Partner Sales Executive, North America Channel"
394,6173361,Partner Sales Manager - Dell
395,5572475,"Partner Sales Manager - Hewlett Packard Enterprise, India"
396,6950219,Partner Sales Manager - IHV Alliances
397,5396437,PC Platforms Kernel Engineer - Ubuntu Linux
398,5792361,Performance Engineer - Open Source
399,5029257,Product Manager
400,6643476,Product Manager - AI
401,6643965,Product Manager - Cloud
402,6643484,Product Manager - Data
403,6643483,Product Manager - Security
404,6643481,Product Manager - Ubuntu
405,7601064,Product Marketing Manager
406,5326649,Product Marketing Manager – IoT & Embedded Systems
407,4953222,Project Manager - Ubuntu Embedded Systems
408,5422728,Project Manager - Ubuntu Embedded Systems
409,2808065,Project Manager - Ubuntu Embedded Systems
410,7490812,Public Cloud Enablement Professional
411,4732475,Public Cloud Project Manager
412,5703396,"Python and Kubernetes Software Engineer - Data, Workflows, AI/ML & Analytics"
413,5143074,Python Engineer
414,4536726,Python Engineer - Data Center Hardware Integration (Taipei)
415,5692059,"Python Engineering Manager, Commercial Systems"
416,6401160,"Python Software Engineer, Commercial Systems"
417,3658005,Python Software Engineer - Ubuntu Hardware Certification Team
418,4633682,Regional BDR Team Manager
419,6180909,Regional HR Manager - EMEA
420,6180822,Regional Marketing Manager - EMEA
421,7437155,"Renewals Sales Manager, Americas"
422,5906505,Représentant du Développement des Ventes
423,5906490,Representante de Desarrollo de Ventas
424,3830645,Revenue Accountant
425,5830044,Revenue Accounting Manager
426,5833620,Rust Engineering Lead - Linux and Open Source
427,5906570,インサイドセールス/ Sales Development Representative
428,2955155,Sales Development Representative
429,5912833,Sales Development Representative
430,5906452,Sales Development Representative (Dutch Speaker)
431,5906460,Sales Development Representative (German Speaker)
432,5906498,Sales Development Representative (Italian Speaker)
433,6924722,Sales Development Representative (Portuguese Speaker)
434,5648135,Sales Development Representative (Spanish & Portuguese Speaker)
435,6371231,Salesforce Administrator
436,4582078,"Salesforce/NetSuite Engineering Manager, Commercial Systems"
437,4122239,Sales Operations Analyst
438,5422575,Security Risk Management Specialist
439,5146620,Security Software Engineer
440,7303629,Senior Communications Manager - Analyst Relations
441,5995321,Senior Design Manager (Infrastructure)
442,7528950,Senior Design Researcher - User Science
443,5307612,Senior Growth Engineer
444,6762650,Senior HR Generalist - EMEA
445,5920689,Senior Jira Administrator
446,5566674,Senior Juju Software Engineer (Go)
447,7086483,Senior Partner Sales Manager - Global System Integrator (GSI)
448,3109976,Senior Product Marketing Manager
449,5391149,Senior Security Operations Engineer
450,3029798,Senior Site Reliability Engineer
451,5517891,Senior Site Reliability / Gitops Engineer
452,3142044,Senior Software Engineer (Backend)
453,3003389,Senior Software Engineer - MAAS
454,5937947,Senior Software Engineer - Python/MongoDB
455,5142887,Senior/Staff/Principal Engineer
456,6731174,Senior Ubuntu Embedded IoT System Engineer
457,4706463,Senior Ubuntu Embedded IoT System Engineer
458,4417916,Senior Web Engineer
459,5359697,Silicon Alliances Ecosystem Development Manager
460,5570923,Silicon Alliances Ecosystem Development Manager - APAC
461,7561124,Silicon Alliances Ecosystem Development Manager - Shanghai or Beijing
462,4468036,Site Reliability Engineer
463,5535122,Site Reliability Engineering Manager
464,1747487,Site Reliability / Gitops Engineer
465,6397940,Software Alliance Ecosystem Manager
466,7607786,"Software Alliances Director, Americas"
467,6300377,"Software Alliances Director, EMEA"
468,5881447,Software Architect - Containers / Virtualisation
469,4647417,Software Developer (Backend SaaS)
470,3159992,Software Engineer - App Stores
471,1861978,"Software Engineer, Ceph & Distributed Storage"
472,4398031,Software Engineer - Cloud Images
473,3062022,"Software Engineer, Cloud - Sustaining Engineering"
474,3014391,Software Engineer - Data Infrastructure
475,5218601,Software Engineer - Data Infrastructure - Kafka
476,5002072,Software Engineer - Data Infrastructure - OpenSearch/ElasticSearch
477,2614095,Software Engineer - Industrial IoT
478,5211861,Software Engineering Director
479,4283003,Software Engineering Manager (Backend SaaS)
480,4086684,Software Engineering Manager - Container and Virtualisation Infrastructure
481,4410480,Software Engineering Manager - Sustaining Engineering
482,3542384,Software Engineering Manager - Ubuntu Linux Kernel
483,6635671,Software Engineer - L3 Support
484,2579550,Software Engineer - OpenStack
485,3752633,Software Engineer - Python and K8s
486,3257589,Software Engineer - Python - Cloud - graduate level
487,6222476,Software Engineer - Python - Container Images
488,2928962,Software Engineer - Python/Golang - Kubernetes
489,2413329,Software Engineer (Python/Linux/Packaging)
490,3290946,Software Engineer - Solutions Engineering
491,3326693,"Software Engineer, Sustaining Engineering"
492,5560784,"Software Engineer, Ubuntu Commercial Computers"
493,4272811,Software Engineer - Ubuntu Server Certification
494,6635681,Software Maintenance Engineer
495,4279483,Software Platform Engineering Manager - Ubuntu for Next-Gen Silicon
496,6635593,Software Support Engineer
497,5516858,Solution Architecture Manager
498,6292448,Solutions Architect for Automotive
499,7574469,Staff Design Engineer - Cloud Networking UX
500,5103218,"Staff Engineer, Development Lifecycle"
501,6485081,Staff Security Operations Engineer
502,3880952,Staff Software Engineer for Identity Management (Go/Golang)
503,6854119,Support Engineering Manager
504,3737190,Sustaining Operations Engineer
505,7556942,Systems & Controls Accountant
506,7612825,"System Software Engineer - GCC/LLVM compiler, tooling, and ecosystem"
507,7364802,Taipei Office Administrator
508,3137607,Talent Scientist
509,7214510,Talent Scientist - Graduate Lead
510,7568354,Tax Senior Associate
511,3798310,Technical Author (multiple roles and seniority levels)
512,4541445,Technical Manager - Automotive and Industrial
513,6980703,Technical Product Manager
514,6793868,Technical Product Marketing Manager - Cybersecurity
515,3748266,"Telco Cloud Engineer (5G, OpenRan, OpenStack, Python) - Americas"
516,7440248,Telecom Account Executive
517,5144666,Threat Intelligence Lead
518,7364810,Tokyo Office Administrator
519,5075146,Travel Operations Specialist
520,7606934,Treasury Analyst
521,3182672,Ubuntu Core Software Engineer
522,5560823,Ubuntu Enablement Engineer
523,7102393,Ubuntu Enablement Engineer
524,4605464,Ubuntu Enablement - Software Engineering Manager
525,6707885,Ubuntu Engineering Lead
526,7521220,Ubuntu Engineering Manager
527,6076942,Ubuntu Linux Kernel Engineer - BIOS/Firmware
528,6076909,Ubuntu Linux Kernel Engineer - Silicon Enablement
529,6969562,Ubuntu Sales Engineer (English/Spanish Required)
530,5643282,Ubuntu Sales Engineer (Entry-Level)
531,2925180,Ubuntu Security Engineer
532,6707824,Ubuntu Software Engineer
533,7528952,Usability Engineer - User Science
534,7043028,UX Designer - Design systems
535,7043026,UX Designer - Developer experience
536,6072086,UX Designer - Infrastructure
537,5326986,Visual Designer
538,2804965,Web Developer
539,5150422,"Web Frontend Engineer - JS, CSS, React, Flutter"
540,4656031005,Accounting Apprentice
541,4666200005,AI Content Strategist
542,4613925005,AI Outcomes Manager
543,4621972005,AI Outcomes Manager (ANZ)
544,4661913005,AI Outcomes Manager- Central
545,4661912005,AI Outcomes Manager- Central
546,4661933005,AI Outcomes Manager- East
547,4661934005,AI Outcomes Manager- East
548,4605742005,AI Outcomes Manager - Japan
549,4586837005,AI Outcomes Manager - Singapore
550,4661898005,AI Outcomes Manager- West
551,4661899005,AI Outcomes Manager- West
552,4612849005,Application Security Engineer
553,4654837005,Business Value Consultant
554,4637752005,Business Value Consultant
555,4360945005,Channel Partner Manager (Northeast)
556,4547218005,Cloud Infrastructure Engineer
557,4630926005,Cloud Security Engineer
558,4660539005,Commercial Account Executive - Australia
559,4595937005,Commercial Account Executive - Benelux
560,4608948005,"Commercial Account Executive, Central"
561,4601354005,"Commercial Account Executive, Central"
562,4659144005,Commercial Account Executive - India
563,4644028005,Commercial Account Executive - Israel
564,4659616005,Commercial Account Executive - West
565,4659613005,Commercial Account Executive - West
566,4526633005,"Commercial Account Executive, West"
567,4660241005,Corporate Account Executive
568,4660077005,Corporate Account Executive
569,4663798005,Customer Education and Certification Lead
570,4488628005,Customer Reference Specialist (Contract)
571,4521356005,"Data Scientist, Core Product"
572,4661886005,Delivery Excellence Manager- Central
573,4661884005,Delivery Excellence Manager- Central
574,4661878005,Delivery Excellence Manager- East
575,4661879005,Delivery Excellence Manager- East
576,4617109005,Delivery Excellence Manager (East Coast / EMEA hours)
577,4520716005,Designated Technical Support Engineer
578,4520700005,Designated Technical Support Engineer
579,4520713005,Designated Technical Support Engineer
580,4657834005,Enterprise Account Executive
581,4619072005,Enterprise Account Executive
582,4651832005,Enterprise Account Executive - Australia
583,4595900005,Enterprise Account Executive - Benelux
584,4595895005,Enterprise Account Executive - DACH
585,4644018005,Enterprise Account Executive - Italy
586,4657402005,Enterprise Account Executive - Mid-Atlantic
587,4664782005,Enterprise Account Executive - Mid-Atlantic
588,4615117005,Enterprise Account Executive- New York City
589,4595930005,Enterprise Account Executive - Nordics
590,4665752005,Enterprise Account Executive - North Central
591,4615635005,Enterprise Account Executive - Ohio Valley
592,4656591005,Enterprise Account Executive (Remote)
593,4667184005,Enterprise Account Executive - Singapore
594,4644030005,Enterprise Account Executive - Spain
595,4652361005,Enterprise Account Executive - UKI
596,4655552005,Field Enablement Manager
597,4655724005,Field Enablement Manager (Strategic)
598,4656385005,Field GTM Enablement Manager
599,4654906005,Field Marketing Programs Manager
600,4655727005,Field Operations Manager (Strategic)
601,4643390005,Finance Systems Trainee
602,4651950005,Forward Deployed Product Manager
603,4659409005,Forward Deployed Product Manager
604,4659407005,Forward Deployed Product Manager
605,4659412005,Founding Forward Deployed Engineer
606,4651991005,Founding Forward Deployed Engineer
607,4651990005,Founding Forward Deployed Engineer
608,4654403005,Global Mobility and Operations Specialist
609,4663833005,GSI Consulting Partner Manager
610,4648603005,GTM Engineer
611,4648605005,GTM Engineer
612,4653829005,GTM Onboarding & Readiness Manager
613,4628025005,Head of Human Resources (Americas)
614,4619527005,Head of Partnerships - EMEA
615,4661632005,HR Business Partner (HRBP)
616,4599935005,HR Business Partner (HRBP)
617,4641829005,"Industry Principal - CPG, Retail, Manufacturing"
618,4464005005,Lead Quality Assurance
619,4654833005,Lead Site Reliability Engineer
620,4598386005,"Lead Software Engineer, Product Backend"
621,4605215005,"Machine Learning Engineer, AI Assistant + Autonomous AI Agents"
622,4632997005,"Machine Learning Engineer, Enterprise Brain"
623,4501783005,"Machine Learning Engineer, Infrastructure"
624,4006735005,"Machine Learning Engineer, Search Quality"
625,4667085005,"Manager, AI Outcomes"
626,4612814005,"Manager, AI Outcomes"
627,4585960005,"Manager, AI Outcomes"
628,4633420005,"Manager, Delivery Excellence"
629,4646677005,National Channel Partner Manager
630,4658698005,Onboarding & Training Lead
631,4663045005,Partner Innovation Architect
632,4665727005,"Partner Manager, Boutique SI"
633,4657395005,Partner Marketing Manager
634,4549192005,Partner Solutions Engineer
635,4577381005,Product Designer
636,4389568005,Product Designer
637,4600865005,"Product Design Lead, AI Products"
638,4559476005,"Product Management Lead, Core Experience"
639,4629292005,Product Manager
640,4007711005,Product Manager
641,4525297005,"Product Manager, Agent Security and Governance"
642,4525518005,"Product Manager, AI Quality"
643,4482380005,"Product Manager, Connectors"
644,4597178005,"Product Manager, Connectors"
645,4641940005,Product Manager - Glean Protect (Security & Governance)
646,4665663005,Product Marketing Manager (Competitive Intelligence)
647,4661658005,Product Marketing Manager (Pricing & Packaging)
648,4012824005,Quality Assurance Engineer
649,4573741005,Quality Assurance Manager
650,4655509005,Recruiting Coordinator (Contract)
651,4528493005,Regional Partner Manager - Singapore
652,4617980005,Regional Vice President- San Francisco
653,4640862005,Sales Compensation Director
654,4540862005,Sales Development Manager
655,4338812005,Sales Development Representative
656,4006925005,Sales Development Representative
657,4486297005,Sales Development Representative
658,4622149005,Sales Development Representative (Dutch)
659,4651043005,Sales Development Representative (French)
660,4622147005,Sales Development Representative (German)
661,4665968005,Sales Recruiter (Contract - Bay Area)
662,4666997005,Sales Recruiter (Contract - Nashville)
663,4667002005,Sales Recruiter (Contract - NYC)
664,4529774005,"Security Engineer, Application Security"
665,4650994005,"Security Engineer, Cloud Security"
666,4628423005,Senior IT Engineer
667,4657520005,Senior Marketing Campaign Manager
668,4656042005,Senior Partner Marketing Manager (Channel)
669,4649589005,Senior Payroll Analyst - Shift (4 PM – 1 AM IST)
670,4648700005,Senior Salesforce Developer
671,4625106005,Senior Security Technical Program Manager
672,4636294005,Senior Solutions Engineer - LATAM
673,4424103005,Senior/Staff Applied Scientist
674,4658096005,"Senior/Staff Data Scientist, Infrastructure"
675,4611652005,Senior Technical Program Manager
676,4657161005,"Senior Technical Program Manager, Billing (TPM)"
677,4628714005,"Senior Technical Program Manager, Infrastructure (TPM)"
678,4628879005,Senior Technical Program Manager (TPM)
679,4616929005,"Software Engineer, Agentic Runtime"
680,4605446005,"Software Engineer, AI and Security"
681,4581643005,"Software Engineer, Backend"
682,4006731005,"Software Engineer, Backend (India)"
683,4638008005,"Software Engineer, Context Platform"
684,4637208005,"Software Engineer, Data Foundations"
685,4614706005,"Software Engineer, Developer Productivity"
686,4006733005,"Software Engineer, Frontend"
687,4006734005,"Software Engineer, Fullstack"
688,4659229005,"Software Engineer, Insights"
689,4012745005,"Software Engineer, Machine Learning (India)"
690,4636739005,"Software Engineer, Platform"
691,4428090005,"Software Engineer, Product Backend"
692,4012744005,"Software Engineer, Product Backend (India)"
693,4436194005,"Software Engineer, Security"
694,4592324005,"Software Engineer, University Grad"
695,4508312005,Solutions Architect
696,4006909005,Solutions Engineer- Central
697,4622874005,Solutions Engineer - Enterprise
698,4614349005,Solutions Engineer - Enterprise
699,4618982005,Solutions Engineer - Enterprise (Central)
700,4600403005,Solutions Engineering Manager - Enterprise
701,4591195005,"Solutions Engineer, SLED"
702,4251863005,Solutions Engineer - Strategic
703,4620264005,Solutions Engineer - Strategic - East
704,4665150005,Sr. Cloud Partner Sales Manager
705,4633563005,Strategic Account Executive
706,4620038005,Strategic Account Executive- Chicago
707,4638358005,Strategic Account Executive - Melbourne
708,4652365005,Strategic Account Executive - Netherlands
709,4588653005,Strategic Account Executive - Texas
710,4664797005,"Strategic Federal Account Executive, Civilian"
711,4664302005,"Strategic Federal Account Executive, Public Sector (DIB)"
712,4641833005,Strategic Finance Lead
713,4659510005,Strategic Solutions Engineer - Central (Remote)
714,4624272005,Talent Sourcer
715,4656233005,"Tech Lead Manager, Billing and Insights"
716,4585815005,Tech Lead Manager - Data Engineering
717,4378974005,Tech Lead Manager (Full Stack) -- AI Assistant Product
718,4388073005,Tech Lead Manager (TLM) - OpenSearch
719,4549560005,Technical Enablement Manager
720,4656281005,"Technical Lead, Billing and Revenue Platform"
721,4660113005,Technical Marketing Engineer (Agent Development)
722,4626951005,"Technical Marketing Engineer, Agents"
723,4657199005,"Technical Program Manager, Connectors (TPM)"
724,4627687005,Technical Recruiter (Contractor- 6 months)
725,4372145005,Technical Support Engineer
726,4448955005,Technical Support Engineer
727,4603038005,Technical Support Engineer
728,4666849005,Technical Support Engineer (PST shift hours 9:30PM - 6:30AM IST)
729,4529580005,Technical Writer
730,4659383005,Website Data Analyst
731,4657292005,Website Designer
732,8362790002,"Data Analyst, II Collateral Data Solutions"
733,8345559002,"Data Analyst, Securitizations Reporting"
734,8287661002,"Manager, Data Analytics Engineering"
735,8416034002,MLOps Platform Engineer
736,8427825002,Sr. Backend Engineer
737,8360601002,Strategic Account Manager
738,4854550007,"Sr. Fullstack Software Engineer, Platform"
739,5786050004,Associate Observability Architect | USA EST| Remote
740,5799039004,Backend Software Engineer - Mimir Ingest | Germany | Remote
741,5799036004,Backend Software Engineer - Mimir Ingest | Spain | Remote
742,5799037004,Backend Software Engineer - Mimir Ingest | Sweden | Remote
743,5799038004,Backend Software Engineer - Mimir Ingest | UK | Remote
744,5789200004,Business Value Engineer | Germany | Remote
745,5789342004,Business Value Engineer | UK | Remote
746,5746317004,"Commercial Account Executive, Acquisition | Bengaluru, India | Remote"
747,5706304004,"Commercial Account Executive, Acquisition | Netherlands | Remote"
748,5723884004,"Commercial Account Executive, Acquisition | Switzerland | Remote"
749,5775909004,"Commercial Account Executive, Acquisition | Texas | Remote"
750,5810432004,Commercial Solutions Engineer | Germany | Remote
751,5718842004,"Director, Global Sales Strategy & Operations | United Kingdom | Remote"
752,5789034004,"Director, Solutions Engineering | EMEA | Remote"
753,5789043004,"Director, Solutions Engineering | EMEA | Remote"
754,5789039004,"Director, Solutions Engineering | EMEA | Remote"
755,5789038004,"Director, Solutions Engineering | EMEA | Remote"
756,5789037004,"Director, Solutions Engineering | EMEA | Remote"
757,5740377004,"Director, Solutions Engineering | EMEA | Remote"
758,5802819004,Engineering Manager - Adaptive Telemetry | Canada | Remote
759,5802816004,Engineering Manager - Adaptive Telemetry | USA | Remote
760,5813803004,"Engineering Manager, Identity and Access | Canada | Remote"
761,5813790004,"Engineering Manager, Identity and Access | USA | Remote"
762,5748597004,"Enterprise Account Executive, Acquisition | Bay Area | Remote"
763,5799175004,"Enterprise Account Executive, Acquisition | New York | Remote"
764,5806296004,"Enterprise Account Executive, Acquisition | Utah or Colorado | Remote"
765,5755394004,"Enterprise Account Executive, Growth | Atlanta | Remote"
766,5780042004,"Enterprise Account Executive, Growth | Germany | Remote"
767,5723871004,"Enterprise Account Executive, Growth | Italy | Remote"
768,5735634004,"Enterprise Account Executive, Growth | Mexico | Remote"
769,5766331004,"Enterprise Account Executive, New Business Acquisition - ASIA | Singapore | Remote"
770,5802655004,Event Manager | EST or CST USA | Remote
771,5796306004,Global Billing Operations (Collections) Manager | PST or CST | Remote
772,5725454004,Growth Account Director | West Coast | Remote
773,5598635004,"Manager, Foundation Observability Architects | USA | Remote"
774,5790608004,Manager Observability Architect | Germany | Remote
775,5781151004,"Manager, Solutions Engineering | Texas | Remote"
776,5781201004,"Manager, Solutions Engineering | West Coast | Remote"
777,5786033004,Observability Architect | Canada | Remote
778,5790622004,Observability Architect | Sweden | Remote
779,5786038004,Observability Architect | USA EST| Remote
780,5786061004,Observability Architect | USA PST| Remote
781,5786043004,"Observability Architect | Washington, DC | Remote"
782,5762323004,People Business Partner | 12 Month Contract | Sydney or Melbourne | Remote
783,5796016004,People Technology Analyst | EST or CST USA | Remote
784,5781678004,"Regional Sales Director, Enterprise, Growth | East Coast - NC, VA, MD | Remote"
785,5796295004,"Regional Sales Director, Majors Growth | CA | Remote"
786,5805788004,Sales Development Representative | Toronto | Remote
787,5802159004,"Senior AI Engineer - Grafana Ops, AI/ML | USA | Remote"
788,5802160004,"Senior AI Engineer - Grafana Ops, AI/ML | USA | Remote"
789,5711140004,Senior Backend Engineer - Grafana App Platform | Canada | Remote
790,5711137004,Senior Backend Engineer - Grafana App Platform | US (EST) | Remote
791,5785663004,Senior Backend Engineer - Grafana k6 | Germany | Remote
792,5693690004,Senior Backend Engineer - Grafana k6 | Spain | Remote
793,5693691004,Senior Backend Engineer - Grafana k6 | Sweden | Remote
794,5785653004,Senior Backend Engineer - Grafana k6 | UK | Remote
795,5799745004,Senior Backend Engineer - Mimir | Canada | Remote
796,5783167004,Senior Backend Engineer | Mimir OSS | Germany | Remote
797,5783159004,Senior Backend Engineer | Mimir OSS | Spain | Remote
798,5783162004,Senior Backend Engineer | Mimir OSS | Sweden | Remote
799,5783164004,Senior Backend Engineer | Mimir OSS | United Kingdom | Remote
800,5799744004,Senior Backend Engineer - Mimir | USA | Remote
801,5765822004,Senior Deal Manager | Netherlands | Remote
802,5763972004,Senior Deal Manager | UK | Remote
803,5798970004,Senior Engagement Manager | USA | Remote
804,5813621004,Senior Engineering Manager - Platform Metal | Germany | Remote
805,5813620004,Senior Engineering Manager - Platform Metal | Spain | Remote
806,5813618004,Senior Engineering Manager - Platform Metal | Sweden | Remote
807,5813622004,Senior Engineering Manager - Platform Metal | UK | Remote
808,5799188004,"Senior Enterprise Account Executive, Acquisition | Germany | Remote"
809,5601839004,"Senior Enterprise Account Executive, Acquisition | L.A. or Bay Area | Remote"
810,5592708004,"Senior Enterprise Account Executive, Growth | Sweden | Remote"
811,5800335004,Senior Field Engineer | Germany | Remote
812,5800332004,Senior Field Engineer | UK | Remote
813,5802599004,Senior GTM Enablement Manager | EMEA | Remote
814,5797491004,Senior GTM Enablement Manager | EMEA | Remote
815,5793598004,Senior GTM Enablement Manager | EMEA | Remote
816,5793596004,Senior GTM Enablement Manager | EMEA | Remote
817,5777605004,Senior Observability Architect | USA PST| Remote
818,5814154004,Senior Product Counsel | Ireland | Remote
819,5814142004,Senior Product Counsel | United Kingdom | Remote
820,5811263004,Senior Product Counsel | United States | Remote
821,5784736004,"Senior Product Marketing Manager | Canada (EST, CST) | Remote"
822,5783881004,Senior Product Marketing Manager | Germany | Remote
823,5783880004,Senior Product Marketing Manager | Spain | Remote
824,5783882004,Senior Product Marketing Manager | Sweden | Remote
825,5783879004,Senior Product Marketing Manager | United Kingdom | Remote
826,5783877004,"Senior Product Marketing Manager | USA (EST, CST) | Remote"
827,5735539004,Senior Salesforce CPQ Developer| United States |Remote
828,5802047004,"Senior Software Engineer - Grafana Databases, Managed Services | Canada | Remote"
829,5802045004,"Senior Software Engineer - Grafana Databases, Managed Services | USA | Remote"
830,5808863004,"Senior Software Engineer - Grafana Databases, SRE | Germany | Remote"
831,5808860004,"Senior Software Engineer - Grafana Databases, SRE | Spain | Remote"
832,5808861004,"Senior Software Engineer - Grafana Databases, SRE | Sweden | Remote"
833,5808862004,"Senior Software Engineer - Grafana Databases, SRE | United Kingdom | Remote"
834,5764241004,Senior Software Engineer - Grafana k6 | Germany | Remote
835,5764239004,Senior Software Engineer - Grafana k6 | Spain | Remote
836,5764236004,Senior Software Engineer - Grafana k6 | Sweden | Remote
837,5764163004,Senior Software Engineer - Grafana k6 | United Kingdom | Remote
838,5688180004,"Senior Software Security Engineer, Detection Engineering | Germany | Remote"
839,5688185004,"Senior Software Security Engineer, Detection Engineering | Spain | Remote"
840,5688186004,"Senior Software Security Engineer, Detection Engineering | Sweden | Remote"
841,5688182004,"Senior Software Security Engineer, Detection Engineering | UK | Remote"
842,5808690004,"Senior Solutions Engineer, Acquisition | California | Remote"
843,5784532004,"Senior Solutions Engineer, Acquisition | IL, MI, OH, MN | Remote"
844,5697434004,Senior Solutions Engineer | Germany | Remote
845,5784560004,"Senior Solutions Engineer, Growth | SoCal | Remote"
846,5740512004,Senior Solutions Engineer | Mid Atlantic or Southeast | Remote
847,5784526004,Senior Solutions Engineer | Mid Atlantic or Southeast | Remote
848,5798765004,Senior Solutions Engineer | Spain | Remote
849,5789080004,Senior Solutions Engineer | Sweden | Remote
850,5662098004,"Senior Solutions Engineer | Tokyo, Japan | Remote"
851,5791878004,Senior Solutions Engineer | UK | Remote
852,5802431004,Senior Strategy & Planning Analyst | Ireland | Remote
853,5802430004,Senior Strategy & Planning Analyst | United Kingdom | Remote
854,5798426004,Senior Strategy & Planning Analyst | United States | Remote
855,5809025004,Software Engineer - Platform InfraCore | USA | Remote
856,5809023004,Software Engineer - Platform InfraCore | USA | Remote
857,5737085004,"Solutions Engineer, Acquisition | California, Washington, Oregon | Remote"
858,5725860004,Solutions Engineer | Singapore | Remote
859,5689219004,"Staff AI Engineer - Grafana Ops, AI/ML | Canada | Remote"
860,5689218004,"Staff AI Engineer - Grafana Ops, AI/ML | USA | Remote"
861,5801256004,Staff Backend Engineer - Adaptive Telemetry | Germany | Remote
862,5801259004,Staff Backend Engineer - Adaptive Telemetry | Spain | Remote
863,5801260004,Staff Backend Engineer - Adaptive Telemetry | Sweden | Remote
864,5801257004,Staff Backend Engineer - Adaptive Telemetry | UK | Remote
865,5807088004,Staff Backend Engineer - Databases Pyroscope | Canada | Remote
866,5807096004,Staff Backend Engineer - Databases Pyroscope | US | Remote
867,5778253004,Staff Backend Engineer - Observability Knowledge Graph Backend | Canada | Remote
868,5778252004,Staff Backend Engineer - Observability Knowledge Graph Backend | USA | Remote
869,5795323004,Staff Developer Advocacy Engineer | Canada | Remote
870,5795312004,Staff Developer Advocacy Engineer | US | Remote
871,5806327004,Staff GTM Engineer (AI & Automation) | Canada | Remote
872,5806328004,Staff GTM Engineer (AI & Automation) | US | Remote
873,5800233004,Staff Mobile Engineer: Instrumentation SDK (iOS/Android) - Observability | Canada | Remote
874,5804916004,Staff Mobile Engineer: Instrumentation SDK (iOS/Android) - Observability | Germany | Remote
875,5804917004,Staff Mobile Engineer: Instrumentation SDK (iOS/Android) - Observability | Spain | Remote
876,5804920004,Staff Mobile Engineer: Instrumentation SDK (iOS/Android) - Observability | Sweden | Remote
877,5804918004,Staff Mobile Engineer: Instrumentation SDK (iOS/Android) - Observability | United Kingdom | Remote
878,5800234004,Staff Mobile Engineer: Instrumentation SDK (iOS/Android) - Observability | US | Remote
879,5777812004,Staff Product Analyst | USA | Remote
880,5800230004,Staff Software Engineer - Grafana Cloud k6 | Canada | Remote
881,5800213004,Staff Software Engineer - Grafana Cloud k6 | USA | Remote
882,5811265004,"Staff Software Engineer - Grafana Cloud Observability, Kubernetes Monitoring | Canada | Remote"
883,5809261004,"Staff Software Engineer - Grafana Cloud Observability, Kubernetes Monitoring | Germany | Remote"
884,5809258004,"Staff Software Engineer - Grafana Cloud Observability, Kubernetes Monitoring | Spain | Remote"
885,5809259004,"Staff Software Engineer - Grafana Cloud Observability, Kubernetes Monitoring | Sweden | Remote"
886,5809260004,"Staff Software Engineer - Grafana Cloud Observability, Kubernetes Monitoring | United Kingdom | Remote"
887,5811262004,"Staff Software Engineer - Grafana Cloud Observability, Kubernetes Monitoring | USA | Remote"
888,5802016004,"Staff Software Engineer - Grafana Databases, Managed Services | Canada | Remote"
889,5802014004,"Staff Software Engineer - Grafana Databases, Managed Services | USA | Remote"
890,5661810004,"Strategic Account Executive, Acquisition | Bay Area | Remote"
891,5671423004,"Strategic Account Executive, Acquisition | Boston | Remote"
892,5735847004,"Strategic Account Executive, Acquisition | New York | Remote"
893,5748589004,"Strategic Account Executive, Growth | Bay Area | Remote"
894,5769728004,"Strategic Account Executive, Growth | Bay Area | Remote"
895,5728176004,Strategic Channel Manager | Japan | Remote
896,5811992004,Strategic Finance & Analytics Manager | USA | Remote
897,5427890004,"AI Coach (Gemini, Copilot, ChatGPT, Claude)"
898,5500295004,"AI Coach (Gemini, Copilot, ChatGPT, Claude)"
899,5475234004,Career Success Coach
900,5737117004,Career Success Coach: (Bilingual German/English)
901,5671425004,Director of Learning Experience Design
902,5657817004,GenAI Curriculum Consultant
903,5639774004,GenAI Curriculum Consultant
904,5464389004,Lead Instructor: Cloud Support Specialist
905,5466721004,Lead Instructor: Computer Support Specialist
906,5462269004,Lead Instructor: Cybersecurity (General Interest)
907,5812901004,Lead Instructor: Data Analytics (Apprenticeship Program)
908,5462211004,Lead Instructor: Data Analytics (General Interest)
909,5462843004,Lead Instructor: Data Center Technician
910,5459013004,Lead Instructor: GenAI
911,5799850004,Lead Instructor: Machine Learning Data Associate
912,5815345004,Learning Designer
913,5815347004,Learning Designer
914,5760990004,Program Manager
915,5812228004,Sales Development Representative
916,5796167004,Senior Recruiter (Contract)
917,5759581004,Staff Data Engineer
918,5753967004,Staff Data Engineer
919,5802065004,Teaching Assistant: Machine Learning Data Associate
920,7607577003,Associate Counsel
921,7631860003,"Director, Growth Marketing - TV, Offline"
922,7645902003,Operations Associate
923,7631807003,Product Manager - Billing
924,7616062003,Senior Data Platform Engineer
925,7601490003,"Senior Full Stack Engineer, Account Linking"
926,7637297003,"Senior Full Stack Engineer, AI & Data Products"
927,7592100003,"Senior Full Stack Engineer, Compass"
928,7590626003,"Senior Full Stack Engineer, Credit Products"
929,7571604003,"Senior Full Stack Engineer, Horizon"
930,7641073003,"Senior Full Stack Engineer, Product"
931,7590415003,Senior Growth Marketing Manager - Digital
932,7501181003,"Senior ML Engineer, Product"
933,7641075003,"Senior Product Engineer, Compass"
934,7583320003,"Senior Product Engineer, Rocket Ready"
935,6657749003,"Staff ML Engineer, Product"
936,7567958003,"Team Leader, Data Analytics - Growth"
937,7598590003,"Team Leader, Data Analytics - Product"
938,7619953003,"Technical Program Manager, Data"
939,5705880004,Affiliate Manager - NYC/US
940,5783726004,Analytics Engineer
941,5678529004,Head of BD Staking - NYC
942,5783711004,Product Analyst
943,5118185004,Senior AI/ML Engineer
944,5811520004,Senior Security Engineer
945,7398335,"Account Executive, Commercial"
946,7593030,Associate Communications Manager
947,7295362,Business Operations Intern (MBA)
948,7460504,"Director, Customer Care"
949,7565890,Enterprise Account Executive
950,7312575,"Executive Assistant, Product & Technology"
951,7651771,"Global Head, People Operations"
952,7531353,Lead International SEO
953,7587323,Lead International SEO
954,7531351,Lead Technical SEO
955,7219689,"Manager, Customer Care"
956,7488758,"Manager, Data Science"
957,7376938,"Manager, Software Engineering (Checkout Experience)"
958,7540498,"Manager, Web Project Management"
959,7166369,Principal Product Marketing Manager
960,6081057,"Principal Product Marketing Manager, Nonprofits"
961,7298988,"Product Marketing Lead, Nonprofits"
962,7569676,Regulatory Affairs Analyst
963,7296040,Sales Enablement Intern
964,7348405,Senior Agentic AI Developer
965,7298922,Senior AI Engineer
966,7524144,"Senior Director, Content Risk"
967,7298941,Senior LLM Engineer
968,7456572,Senior Machine Learning Engineer
969,7382479,"Senior Manager, Machine Learning Engineering"
970,7409970,"Senior Manager, Solutions Engineering"
971,7531355,Senior Paid Media Manager
972,7398239,Senior Product Designer
973,7584501,Senior Revenue Accountant
974,7298279,Senior Solutions Architect
975,7206748,Senior Staff Data Platform Architect
976,7183511,Senior Staff Software Engineer (Incubation)
977,7536515,Senior Technical Account Manager
978,7379251,"Staff Data Scientist, Finance"
979,7494744,"Staff Data Scientist, Pricing"
980,7456574,Staff Machine Learning Engineer
981,7592223,Staff Product Designer
982,7565917,"Staff Product Manager, GoFundMe Pro (Checkout/Donation Flow)"
983,7183520,"Staff Software Engineer, Social Graph"
984,7327195,Staff Software Engineer (Ticketing & Events)
985,7600269,Strategic Account Manager
986,7606351,Back-End Engineer
987,7016918,Business Developer
988,7593663,C# Back-End Engineer
989,7343484,Country Lead The Netherlands
990,7273769,Marketing Manager
991,7179821,Spontaneous Application
992,7102192,Team Lead
993,8422292002,Change Management Consultant
994,8425563002,HRIS Business Analyst
995,8425939002,HRIS PMO Coordinator
996,8425530002,HRIS PMO Project Manager
997,8404709002,Proposal Writer
998,8395003002,Python Developer
999,8396522002,Senior Android Engineer
1000,8396543002,Senior iOS Native Engineer
1001,8402125002,Senior Java/Angular Engineer
1002,4455251002,Senior Java/Node/Typescript Engineer
1003,8442715002,Senior Software Development Engineer in Test (SDET)
1004,7591313,Brand Media Lead
1005,6124408,Corporate Account Executive - East
1006,6709861,Corporate Account Executive - West
1007,7488576,"Customer Success Manager, EMEA"
1008,7287511,"Director of Product, Infrastructure and Developer Productivity"
1009,7532377,"Engineering Manager, Code Sync"
1010,7648674,"Engineering Manager, Datastores"
1011,7074561,"Engineering Manager, Localization"
1012,7595470,Enterprise Account Executive - Central
1013,6812928,Enterprise Account Executive - East
1014,7301903,Enterprise Account Executive - West
1015,7644949,"Front-End Engineer, Subscriptions & Payments"
1016,7108193,Growth Account Executive - Central
1017,7376320,"Manager, Growth Sales"
1018,7378017,"Manager, Growth Sales"
1019,7565928,"Manager, GTM Technology"
1020,7585655,"Manager, Sales Development"
1021,7371064,"Marketing Lead, EMEA"
1022,7369238,Partner Development Representative (PDR)
1023,7408665,"Partner Manager, Agencies"
1024,7624091,"Partner Manager, EMEA"
1025,7587168,"Partner Platforms Manager, AI"
1026,7644879,Partner Solutions Engineer
1027,7657237,People Analytics & Insights Analyst
1028,7456857,"Principal Product Manager, AI"
1029,7203091,Sales Development Representative (SDR)
1030,7590326,Sales Development Representative (SDR)
1031,7353505,"Senior Backend Engineer, Assets"
1032,7456130,Senior Brand Designer
1033,7470985,Senior Business Value Consultant
1034,7293932,Senior Database Engineer
1035,7550682,Senior Data Scientist
1036,7572627,Senior Infrastructure Engineer
1037,7646540,"Senior IT Support Specialist, EMEA"
1038,7595374,"Senior Manager, Enterprise Sales - East"
1039,7658245,"Senior Product Designer, Analyze"
1040,7558007,"Senior Product Designer, Lifecycle"
1041,7658221,Senior Product Design Manager
1042,7190106,"Senior Software Engineer, AI"
1043,7655625,"Senior Software Engineer, CodeGeneration"
1044,7166510,"Senior Software Engineer, Developer Tooling"
1045,7293969,"Senior Software Engineer, Fullstack"
1046,7376862,"Senior Technical Program Manager, Security"
1047,7589008,Senior Video Producer
1048,7630474,Staff Distributed Systems Engineer - Collaboration
1049,7624566,"Staff Product Designer, New Products"
1050,7271678,"Staff Software Engineer, Applied AI"
1051,7340652,"Staff Software Engineer, eCommerce"
1052,7527380,Strategic Account Executive - West
1053,7543012,"Technical Support Associate, Argentina"
1054,7531244,"Technical Support Associate, EMEA (German Speaking)"
1055,7484178,"Technical Support Associate, Weekends (Australia)"
1056,7271901,"Webflow Lead Solutions Architect, Strategic Accounts"
1057,6094078003,Account Executive
1058,6687876003,Account Executive / Client Partner - Banking & Insurance
1059,7493368003,Account Executive - Diversified
1060,7504810003,Account Executive - Life Sciences
1061,7615535003,Account Executive - MEA
1062,6675655003,Account Executive (New Business)
1063,7493399003,Account Executive - Public Sector
1064,7608399003,"Account Executive, South Africa (London based)"
1065,7538022003,Account Executive - State & Local Govt
1066,6670319003,AI Application Engineer
1067,6608924003,Analyst - Global Cyber Defense Team (GDCT)
1068,6605731003,Application Product Manager - Accounts Payable
1069,6612893003,Associate Applied AI Engineer (Japan) - Orbit Program
1070,6657176003,Associate Applied AI Engineer (Madrid) - Orbit Program
1071,7496097003,"Associate Applied AI Engineer (Turkish-Speaking, Growth) - Orbit Program"
1072,7566095003,Associate Principal AI Application Engineer
1073,7493569003,Associate Principal Product Manager - Process Intelligence Graph
1074,6657178003,Associate Technology and Management Consultant (Japan) - Orbit Program
1075,7494205003,"Associate Technology and Management Consultant (Turkish-Speaking, Growth) - Orbit Program"
1076,7627624003,Associate Value Engineer (AI-Driven Data Science & Analytics) - Orbit Program
1077,7627647003,Associate Value Engineer (AI-Driven Data Science & Analytics) - Orbit Program
1078,7488790003,Associate Value Engineering - Orbit India
1079,6095979003,Business Development Representative
1080,5978629003,Business Development Representative Intern
1081,6300202003,Business Development Representative Intern
1082,6105723003,Business Development Representative (SaaS Sales)
1083,7553475003,Channel Sales - Account Executive (DACH)
1084,7553486003,Channel Sales - Account Executive (Emerging Markets)
1085,7553494003,Channel Sales - Account Executive (South-LATAM)
1086,7609954003,Client Engagement Partner - FSI
1087,7540412003,Client Engagement Partner - Manufacturing / Automotive
1088,6685608003,Client Value Partner (CVP) - Consumer Packaged Goods (CPG) Industry
1089,7525789003,Client Value Partner (CVP) - Financial Services Industry
1090,7528112003,Client Value Partner (CVP) - Public Sector
1091,7545451003,Client Value Partner (CVP) - Utilities & Energy Industry
1092,7539033003,Client Value Partner (CVP) - Utilities & Energy Industry
1093,7635568003,Client Value Partner - FSI
1094,7539083003,Client Value Partner - Manufacturing / Automotive
1095,6621293003,Cloud Technical Lead
1096,7553502003,Corporate Account Executive (LATAM)
1097,6273079003,Corporate Account Executive - MEA
1098,7571246003,Corporate Account Executive - Turkey
1099,7627604003,Corporate Accounting Manager
1100,7542245003,Customer Support Engineer-Level 1
1101,7230213003,Customer Transformation Advisor
1102,7510435003,Data Engineer - Applied AI
1103,6541080003,"Director, Corporate Development"
1104,7628764003,"Director, Corporate Development"
1105,7211726003,"Director, Data & AI Partnerships"
1106,7620467003,Director of Professional Services - High Tech
1107,7507911003,"Director, Value Engineering - Financial Services"
1108,7559600003,Ecosystem Consultant
1109,7559335003,Engineering Manager
1110,7517493003,Engineering Manager - Celonis Process Management
1111,7582231003,"Engineering Manager, Process Intelligence"
1112,6479454003,"Engineering Manager, Process Intelligence"
1113,7577386003,Enterprise Account Executive - CPG / Retail
1114,7553023003,Enterprise Account Executive – Italy (Public Sector & FSI)
1115,7627937003,Enterprise Business Development Representative (Dutch Speaking)
1116,7627820003,Enterprise Business Development Representative (English-speaking)
1117,7627966003,Enterprise Business Development Representative (German Speaking)
1118,7643337003,Field CTO
1119,7631132003,Field CTO
1120,7610432003,Field CTO
1121,7643335003,Field CTO
1122,7643338003,Field CTO
1123,7638180003,Field CTO
1124,7599222003,"Field Marketing Intern, Benelux"
1125,6659660003,Finance Business Partner
1126,6619365003,GCDT Analyst
1127,7580254003,Global Cyber Defense Analyst
1128,7614464003,Global Events (Senior) Specialist
1129,7627616003,Global Events Working Student
1130,7584115003,Global People Business Partner
1131,7595009003,Global People Business Partner
1132,6313846003,Head of Industry - Banking
1133,6048490003,Head of Industry - Manufacturing
1134,6313860003,Head of Industry - Retail & CPG
1135,6313858003,Head of Industry - Retail & CPG
1136,7628025003,Intern Volume Sales Analyst
1137,7507758003,IT Service Engineer
1138,7548086003,IT Service Engineer
1139,7609774003,L2 Senior Technical Support Engineer
1140,6672115003,Lead AI Deployment Architect
1141,6647584003,Lead AI Deployment Architect
1142,7643858003,Lead Consultant
1143,7600200003,Lead Consultant
1144,7532064003,Lead Consultant - Data Science & Artificial Intelligence
1145,7527541003,Lead Project Manager
1146,7562851003,Lead Services Consultant
1147,7633877003,Lead Solution Consultant (Data & AI) - Financial Services and Insurance
1148,7618717003,Lead Strategic Value & Process Optimisation Consultant
1149,6646073003,Lead Supply Chain Optimization Deployment Architect - Public Sector
1150,6646072003,Lead Supply Chain Strategy & Public Sector Transformation
1151,7618718003,Lead Value Engineer
1152,7230188003,Lead Value Engineer - Financial Services and Insurance
1153,7412975003,Lead Value Engineer - Life Sciences Industry
1154,6094054003,Lead Value Engineer - Mumbai
1155,7626353003,Lead Value Realisation & Transformation Consultant
1156,7561821003,"Manager, Business Development"
1157,6268607003,"Manager, Cloud Security"
1158,6583519003,"Manager, Cloud Security"
1159,7563003003,"Manager, CoE Services"
1160,7616866003,"Manager, International Statutory Reporting"
1161,7578487003,"Manager, NAM Revenue Operations"
1162,7640705003,"Manager, Pre-Sales and Solution Engineering - Nordics"
1163,7640708003,"Manager, Pre-Sales and Solution Engineering - Nordics"
1164,7633386003,Manager Services
1165,6318712003,"Manager, Value Engineering"
1166,7632708003,"Manager, Value Engineering - Nordics"
1167,7632707003,"Manager, Value Engineering - Nordics"
1168,7527516003,"Partner Activation, AI Lead"
1169,6681250003,Partner Management Director – EMEA Strategy Consulting Lead
1170,7488253003,Partner Management Executive - Global AI Partnerships
1171,7606552003,"People and Culture, Country Lead UK, Australia & Dubai"
1172,7576024003,Platform Manager
1173,7551536003,Portfolio (Scale) Account Executive
1174,6559243003,"Pre-Sales Consultant - AI & Process Transformation, Public Sector"
1175,7618605003,Principal AI Deployment Architect
1176,7532066003,Principal Consultant - AI Governance
1177,5950671003,Principal Enterprise Architect
1178,7539074003,Principal Enterprise Architect
1179,6719678003,Principal Enterprise Architect
1180,6339402003,Principal Enterprise Architect
1181,7539075003,Principal Enterprise Architect
1182,7576023003,Principal Enterprise Architect
1183,7479313003,Principal Enterprise Architect (Public Sector)
1184,7540471003,Principal Product Manager - Celonis Data Core
1185,7540468003,Principal Product Manager - Celonis Data Core
1186,7593923003,Principal Value Engineer
1187,7142327003,Principal Value Engineer - Insurance
1188,7547001003,Procurement Manager - Marketing
1189,7566428003,Product Data Scientist
1190,7600432003,Product Engineer Sustainability Intern
1191,7116942003,"Product Manager, Composable Enterprise Applications"
1192,7563011003,"Project Manager, Services"
1193,7588655003,Sales Development Program (Arabic-Speaking)
1194,7614803003,Sales Development Program (Benelux market)
1195,7606482003,Sales Development Program (English-speaking)
1196,7614829003,Sales Development Program (French-Speaking)
1197,7614795003,Sales Development Program (German-Speaking)
1198,7599529003,Sales Development Program (Nordic Market)
1199,7564573003,Sales Development Program (Portuguese-Speaking)
1200,7611841003,Sales Development Program (Spanish-Speaking)
1201,7592640003,Sales Development Program (Turkish-Speaking)
1202,7577394003,Sales Director Benelux
1203,7549925003,Senior Account Executive
1204,7566091003,Senior AI Application Engineer
1205,6646024003,Senior AI Deployment Architect
1206,6646020003,Senior AI Solutions Engineer
1207,6575819003,Senior Application Product Manager - Production Planning
1208,7586202003,Senior Business Transformation & Process Optimisation Consultant
1209,7497259003,Senior Business Transformation & Process Optimisation Consultant - Automotive / Manufacturing
1210,7631008003,Senior Business Transformation & Process Optimisation Consultant - Banking
1211,7419789003,Senior Cloud Infrastructure Engineer
1212,7584475003,Senior Consultant
1213,7586387003,Senior Consultant
1214,7594944003,Senior Consultant - Data Analytics and Supply Chain Transformation
1215,7600152003,Senior Consultant - FSI
1216,7609030003,Senior Consultant - Public Sector
1217,6645943003,Senior Consultant - Supply Chain Management
1218,6645947003,Senior Consultant – Supply Chain Transformation & AI
1219,7544809003,Senior Customer Support Engineer
1220,7570041003,Senior Data Analytics and Supply Chain Transformation - Automotive / Manufacturing
1221,7627746003,Senior Field Marketing Manager - Consumer & Life Sciences Industries
1222,6524475003,Senior Field Marketing Manager - Public Sector
1223,7565713003,Senior Field Marketing Manager - Public Sector
1224,6524477003,Senior Field Marketing Manager - Public Sector
1225,7608980003,Senior Global Events Manager (MarTech Operations)
1226,7614040003,Senior Management Consultant (AI & Data) - Public Sector
1227,7614048003,Senior Management & Technology Consultant
1228,7648583003,Senior Management & Technology Consultant - Banking
1229,7479634003,Senior Management & Technology Consultant - Supply Chain
1230,7594953003,Senior Management & Technology Consultant
1231,7500467003,Senior Management & Technology Consultant - Automotive / Manufacturing
1232,7530137003,"Senior Manager, Executive Programs"
1233,7633520003,"Senior Manager, Sales Programming & Enablement - NAM"
1234,7627738003,"Senior Manager, Sales Programming & Enablement - NAM"
1235,6685374003,"Senior Manager, Technical Accounting & Financial Reporting"
1236,7592901003,"Senior Manager, Technical Accounting & Financial Reporting"
1237,6578211003,Senior Platform Engineer
1238,7518676003,Senior Platform Engineer - Kubernetes
1239,7479636003,Senior Process Intelligence and Automation Consultant
1240,7614049003,Senior Process Intelligence and Automation Consultant
1241,7500473003,Senior Process Intelligence and Automation Consultant - Automotive / Manufacturing
1242,7648584003,Senior Process Intelligence and Automation Consultant Consultant - Banking
1243,6610627003,Senior Product Marketing Manager - IT Modernization
1244,7639697003,Senior Product Operations Manager
1245,7612653003,Senior Product Operations Manager
1246,6554352003,Senior Product Security Engineer
1247,7600168003,Senior Project Manager - FSI
1248,7562803003,Senior Services Consultant
1249,7594884003,Senior Services Consultant
1250,6320587003,Senior Services Consultant (AI & Process Analytics)
1251,6320583003,Senior Services Consultant (Supply Chain Management)
1252,6534920003,Senior Site Reliability Engineer
1253,7559223003,Senior Software Engineer
1254,7419780003,Senior Software Engineer (Developer Tooling)
1255,7559359003,Senior Software Engineer-Frontend
1256,7535160003,Senior Software Engineer - Machine Learning
1257,6653606003,Senior Software Engineer - Machine Learning
1258,6301453003,Senior Software Engineer - Python/AI/ML Infrastructure
1259,7609777003,Senior Software Support Engineer
1260,6118583003,Senior Solutions Architect
1261,6118579003,Senior Solutions Architect - Containerized Platform Solutions
1262,6559239003,Senior Solutions Consultant – Process Intelligence & Transformation (Public Sector)
1263,7554118003,Senior SRE (Reliability Engineering)
1264,6626919003,Senior Staff Engineer
1265,7479638003,Senior Strategic Value & Process Optimisation Consultant
1266,7631016003,Senior Strategic Value & Process Optimisation Consultant
1267,7520131003,Senior System Engineer
1268,7609799003,Senior Technical Support Engineer
1269,7629335003,Senior Threat Detection Engineer
1270,7523069003,Senior Threat Detection Engineer
1271,7614050003,Senior Value Consultant - Data Analytics & Supply Chain Transformation
1272,7614505003,Senior Value Engineer
1273,6685596003,Senior Value Engineer
1274,7548149003,Senior Value Engineer
1275,7478093003,Senior Value Engineer
1276,7648582003,Senior Value Engineer - Banking
1277,7630966003,Senior Value Engineer - CMT
1278,7618697003,Senior Value Engineer -Consumer Goods
1279,7620444003,Senior Value Engineer (Healthcare Distribution)
1280,7510447003,Senior Value Engineer - Public Sector
1281,6559242003,Senior Value Engineer (Public Sector / Health / Defense)
1282,7500476003,Senior Value Engineer - Supply Chain & Operations
1283,7594946003,Senior Value Engineer - Supply Chain & Operations
1284,7506864003,Senior Vulnerability Management Engineer
1285,7541168003,Senior Vulnerability Management Engineer
1286,6646069003,Senior Supply Chain Optimization Deployment Architect - Public Sector
1287,7562875003,Services Consultant
1288,7628066003,Services Manager
1289,7620451003,Services Manager
1290,7609048003,Social Media Manager
1291,7559351003,Software Engineer (Java)
1292,6561949003,Software Engineer - Machine Learning
1293,6337889003,Software Engineer - Machine Learning
1294,7258563003,Solutions Marketing Director
1295,7621083003,Sr Enterprise Security Engineer
1296,6331411003,Staff Cloud Infrastructure Software Engineer
1297,6311283003,Staff Cloud Infrastructure Software Engineer
1298,6528466003,Staff Engineer
1299,7559271003,Staff Engineer
1300,6561338003,Staff Platform Engineer
1301,6548060003,"Staff Software Engineer, Data Platform"
1302,6534873003,Staff Software Engineer - Site Reliability
1303,7507750003,Staff System Engineer
1304,7493242003,Staff Technical Program Manager
1305,7544067003,Strategic Account Executive / Client Partner - Banking
1306,7607677003,Strategic Account Executive / Client Partner - Manufacturing
1307,7631651003,Strategic Account Executive / Client Partner - Manufacturing
1308,6689279003,Strategic Account Executive - CPG / Retail
1309,7607693003,Strategic Account Executive - FSI
1310,6587626003,Strategic Account Executive - Manufacturing
1311,7594366003,(Strategic) Account Executive - Public
1312,7644688003,(Strategic) Account Executive - Public
1313,6675652003,Strategic Account Executive UK
1314,7611868003,Summernaut Program - AI & Management Consulting (Value Engineering) Summer Intern
1315,7626216003,Summernaut Program - ESG Transformation Summer Intern
1316,7618766003,Summernaut Program - Legal Summer Intern
1317,7581372003,"Technical Lead, Cloud Resource"
1318,6682474003,Technical Program Manager (Cybersecurity)
1319,6608935003,Technical Program Manager (infosec)
1320,7599062003,Training Localization Intern - Japanese Speaking
1321,7599055003,Training Localization Intern - Japanese Speaking
1322,6318686003,Value Engineer
1323,7614493003,Value Engineer
1324,7631025003,Value Engineer - DACH
1325,7603763003,Value Engineering Manager
1326,6512917003,Value Engineering Manager - Orbit Program
1327,7609061003,Video Producer / Senior Video Producer
1328,7611883003,Working Student People Operations
1329,7610880,Commercial Ops Analyst
1330,7655952,Content Designer
1331,7655955,Content Designer
1332,7278601,Customer Success Manager (Retention & Growth)
1333,7565622,"Data Scientist II, Marketing"
1334,7565623,"Data Scientist II, Marketing"
1335,7649054,Growth Marketing Associate
1336,7278486,"Head of Brand Production Studio, Brand Marketing"
1337,7517293,Native App Developer (6 Month Contract)
1338,7278594,Pro Success Specialist
1339,7557963,Security Engineer (App Sec and Cloud Infra)
1340,7557959,Security Engineer (App Sec and Cloud Infra)
1341,7342995,Senior Accounts Payable Associate
1342,7592414,Senior Data Engineer
1343,7592408,Senior Data Engineer
1344,7607781,Senior Data Scientist
1345,7607782,Senior Data Scientist
1346,7576128,"Senior Data Scientist, People Analytics"
1347,7576083,"Senior Data Scientist, People Analytics"
1348,7638142,"Senior Product Manager, Partnerships"
1349,7638146,"Senior Product Manager, Partnerships"
1350,7557969,Staff Application Security Engineer
1351,7557966,Staff Application Security Engineer
1352,7380267,"Staff Data Engineer, Marketing Technology"
1353,7380261,"Staff Data Engineer, Marketing Technology"
1354,7308675,"Staff Data Scientist, Marketing"
1355,7308673,"Staff Data Scientist, Marketing"
1356,7656824,Trust & Safety Senior Specialist - Incident Operations
1357,6677419,"Account Executive(Hunter Sales) AD Cloud, DSP"
1358,5745581,"Account Manager, Advertising Solutions"
1359,6999346,"Account Manager, Advertising Solution - Taiwan"
1360,6783397,"Account Manager - Beijing, China"
1361,6718837,Account Manager USA *remote*
1362,3073599,Account Operations Intern
1363,6753727,"Account Operations Intern, Seoul"
1364,7493249,"Agentic AI Engineering Manager – Tokyo, Japan (Relocation Required)"
1365,7159419,"AI Investment Partner (Sr Director), Taiwan"
1366,7189302,Assistant Manager of Business Enablement
1367,7552171,Associate Finance Manager
1368,1501724,Campaign Analyst
1369,5332115,Campaign Executive
1370,7562958,Customer Success Manager(Enterprise)
1371,7436249,Customer Success Manager - Enterprise Solution
1372,7609493,"Customer Success Manager, Vietnam"
1373,7495834,Data Analyst Intern
1374,7497826,Data Analyst / Senior Data Analyst (Enterprise Solution)
1375,1501726,"Data Scientist, Analytics"
1376,6854145,Digital Marketing (Campaign Management team)
1377,7115125,"Enterprise Solution Sales, Japan"
1378,6958296,HR Employee Experience Senior Manager / Associate Director
1379,7609851,HR Operations & Global Mobility Specialist
1380,7139682,Investment Analyst
1381,7566092,Investment Analyst
1382,6787108,Investor Relations
1383,4250101,JP Legal Counsel / JP Senior Legal Counsel
1384,1501746,Machine Learning Scientist
1385,7192666,Product Marketing Associate (Personalization/Data Cloud)
1386,6920166,"QA Automation Engineer - Fully Remote, Turkey Based"
1387,6967119,Quality Assurance Intern
1388,1780540,"Sales Business Development Manager, Advertising Solutions"
1389,7532697,"Sales Development Associate (Inside Sales), China"
1390,7111148,"Sales Development Associate (Inside Sales, Malaysia)"
1391,7510874,"Sales Development Associate (Inside Sales, TW)"
1392,690070,"Sales Manager, Advertising Solutions"
1393,7372293,"Sales Manager, Advertising Solutions, Indonesia"
1394,7436303,"Sales Manager, Advertising Solutions 广告解决方案销售经理"
1395,6491987,"Sales Manager, Enterprise Solutions"
1396,1510668,"Sales Manager(IC, Hunter), Ad Cloud"
1397,6483529,"Sales Manager of Enterprise Solution - BotBonnie, AIQUA"
1398,6560018,"SEA Partnership Manager, Singapore"
1399,7430675,"SEA Sales Manager of Enterprise Solutions, Malaysia"
1400,7009731,"Senior Creative Strategist (UI Design) - Hybrid, Istanbul"
1401,7189015,Senior DevOps Engineer
1402,7343057,Senior Enterprise Solutions Sales – Japan
1403,6915251,Senior Frontend Development Engineer
1404,7366768,Senior Machine Learning Scientist (Ads incrementality) - Tokyo
1405,7364432,"Senior Machine Learning Scientist, Advertising Incrementality"
1406,6986240,Senior Machine Learning Scientist (Enterprise Solution)
1407,6914984,"Senior Machine Learning Scientist, LLM"
1408,7525287,Senior Machine Learning Scientist - Tokyo
1409,7486380,Senior Product Manager – AI Agents
1410,7114724,Senior RTB Product Manager
1411,7119975,Senior RTB Product Manager (Taiwan)
1412,7510750,"(Senior) Sales Manager - Enterprise Solutions, Renewal"
1413,7582643,(Senior) Sales Manager of Enterprise Solution
1414,7382873,"Senior Software Engineer (Ad Cloud Bidding) - Tokyo,Japan"
1415,4869920,"Senior Software Engineer, Backend Development"
1416,7160226,"Senior Software Engineer, Backend Development (Ad Cloud Platform team)"
1417,7033252,"Senior Software Engineer, Backend Development(Ad Cloud Serving Services)"
1418,6568368,"Senior Software Engineer, Backend Development (BotBonnie)"
1419,7486474,"Senior Software Engineer, Backend Development - OJM team"
1420,7582284,"Senior Software Engineer, Backend Development - OJM team - Tokyo,Japan"
1421,7267131,"Senior Software Engineer, Backend Development (Playable Ads)"
1422,7436263,"Senior Software Engineer, C++ Backend Development(Ad Cloud Bidding)"
1423,7382788,"Senior Software Engineer, C++ Backend Development (Ad Cloud Bidding)- Tokyo Relocation required"
1424,5476743,"Senior Software Engineer, Data Backend (Ad Cloud)"
1425,6170956,"Senior Software Engineer, Data Backend(Data Platform)"
1426,7019766,"Senior Software Engineer, Data Backend EDP (Enterprise Data Platform) - Tokyo,Japan"
1427,6987027,"Senior Software Engineer, Machine Learning (AIXON)"
1428,6914976,"Senior Software Engineer, Machine Learning (Enterprise Solution)"
1429,7582218,"Senior Software Engineer, Web SDK / Frontend Development"
1430,7525624,Senior/Staff Product designer
1431,6820898,"Software Engineer, Backend Development (Intern)"
1432,7089272,"Software Engineer, Data Backend (Ad Cloud)"
1433,7588024,"Software Engineer, General Backend Development, Enterprise Solution - Tokyo,Japan"
1434,6930712,"Software Engineer, QA Automation"
1435,7185407,"Sr Director of Pricing and Strategic Operations, Taiwan"
1436,7092458,Staff/Senior Machine Learning Scientist (Ad Cloud)
1437,6897205,Staff/Senior Machine Learning Scientist (Ad Cloud)
1438,5860122,"Staff/Senior Software Engineer, Machine Learning Platform (Ad Cloud)"
1439,7058491,"Staff Software Engineer, C++ Backend Development(Ad Cloud Bidding)"
1440,7382795,"Staff Software Engineer, C++ Backend Development (Ad Cloud Bidding) - Tokyo Relocation required"
1441,6523646,"Staff Software Engineer, Data Backend - Tokyo, Japan"
1442,7407514,"Technical Consultant ,Tokyo Japan."
1443,6547632,Technical Service Engineer (Greater China Region)
1444,7491177,"Technical Solution Engineer (Ad Cloud, Greater China Region)"
1445,7299709,"Technical Solution Engineer (Japanese) ,Tokyo Japan."
1446,7297309,"Technical Solution Engineer - (Tokyo, Japan)"
1447,4543742005,C++ Developer
1448,4626981005,Experienced Trader (Hong Kong)
1449,4548239005,Market Data Services Team Lead
1450,4659762005,Principal Security Engineer
1451,4576557005,Senior Developer - Trading Strategy (Hong Kong)
1452,4647159005,Senior Technical Recruiter
1453,4469660005,"Strategy Developer - Asia, Australia or New Zealand"
1454,4469627005,"Strategy Developer, HFT - UK"
1455,7531007,Curriculum Manager - Data Science
1456,7067243,Curriculum Manager - Data Science
1457,7261634,Curriculum Manager - Data Science
1458,7261637,Curriculum Manager - Data Science
1459,7399623,Curriculum Manager - Software Engineering
1460,7399590,Curriculum Manager - Software Engineering
1461,7325833,Data Science Editor
1462,7627690,Data Science Editor
1463,7627695,Data Science Editor
1464,7340485,"Director, Marketing Growth Strategy & Planning"
1465,5657854,Freelance Tutorial Writer
1466,7630615,Full Stack Engineer Intern (TypeScript/JS)
1467,7372415,Lifecycle Marketing Manager
1468,7272390,Lifecycle Marketing Manager
1469,7436461,Lifecycle Marketing Manager
1470,7522434,Marketing Associate (Social Impact)
1471,7532310,Marketing Associate (Social Impact)
1472,7619320,Principal AI Engineer
1473,7619315,Principal AI Engineer
1474,7481117,Principal AI Engineer
1475,7619318,Principal AI Engineer
1476,7083060,Product Marketing Manager
1477,7104071,Senior BDR & SDR Manager
1478,7324825,Senior Corporate Account Executive
1479,7327829,Senior Customer Success Manager
1480,7361123,Senior Customer Success Manager
1481,7442871,Senior Enterprise Sales Executive - Professional Services
1482,7442868,Senior Enterprise Sales Executive - Professional Services
1483,7541295,Senior Product Manager
1484,7541294,Senior Product Manager
1485,7270832,Senior Software Engineer (Ruby) - Payments
1486,5730890004,Principal Sales Engineer (New York)
1487,5730390004,Principal Sales Engineer (USA)
1488,4162793004,Sales Executive (USA)
1489,4076556004,Senior Applied AI Engineer (Europe)
1490,5737333004,Senior Backend Engineer - Client integrations (Europe)
1491,5737349004,Senior Backend Engineer - Client integrations (New York)
1492,5737344004,Senior Backend Engineer - Client integrations (USA)
1493,5755011004,Senior Backend Engineer – Submission Processing Team (Europe)
1494,5755122004,Senior Backend Engineer – Submission Processing Team (USA)
1495,5737411004,Senior Full Stack Engineer - Core UX (Europe)
1496,5737438004,Senior Full Stack Engineer - Core UX (New York)
1497,5737424004,Senior Full Stack Engineer - Core UX (USA)
1498,5742758004,Senior Platform Engineer - Infrastructure (Europe)
1499,5742656004,Senior Platform Engineer - Infrastructure (USA)
1500,5748962004,Senior Product Designer
1501,5737445004,Staff Backend Engineer - New Products (Europe)
1502,5739150004,Staff Backend Engineer - New Products (New York)
1503,5739149004,Staff Backend Engineer - New Products (USA)
1504,5322230004,Strategic Accounts Director (ET/CT US)
1505,5753042004,Tech Lead Manager - Core UX (Europe)
1506,5753043004,Tech Lead Manager - Core UX (USA)
1507,7654880,Actuarial Data Consultant
1508,7612097,Actuarial Data Consultant
1509,7606460,Agile Coach
1510,7550016,Agile Coach
1511,7613775,AI Architect (Polish is Mandatory) (She/He/They)
1512,7349075,AI Data Engineer – Toronto - Hybrid
1513,7650987,AI Engineer
1514,7650989,AI Engineer
1515,7650988,AI Engineer
1516,7625868,AI Engineer
1517,7493779,AI Engineer - COM INGLÊS - Remoto
1518,7666804,AI Governance Consultant
1519,7641046,AI Governance & Risk Expert (m/f/d) - Regulatory AI Advisory for Financial Services
1520,7641047,AI Governance & Risk Expert (m/f/d) - Regulatory AI Advisory for Financial Services
1521,7349055,AI/ML Engineer / Solution Designer – Toronto - Hybrid
1522,7649251,AI Product Analyst | Bank
1523,7649172,AI Project Management Office (PMO) | Bank
1524,7651043,AI Technical Architect
1525,7651013,AI Technical Architect
1526,7577054,AI Transformation Managing Principal
1527,7577053,AI Transformation Managing Principal
1528,7609970,AI UX/UI Designer (She/He/They)
1529,7600587,Allegro Technical Developer - Houston
1530,7123623,Analista de Projetos - Vitória/ES - Temporário
1531,7548528,Analista de Qualidade(com experiência em automação) - Remoto
1532,7590732,Angular Developer
1533,7585221,Application Support Engineer with Salesforce
1534,7581025,Applied AI & Analytics - Principal Consultant
1535,7435497,Applied AI Data Scientist
1536,7663199,Assistant Controller - US Region
1537,7663121,Assistant Controller - US Region
1538,7663207,Assistant Controller - US Region
1539,7253483,Associate Director Finance process - Anaplan Lead
1540,7645324,Automation BA - Glasgow
1541,7593546,Automation test Engineer
1542,7573890,Automation Test Engineer
1543,7578036,Automation Test Lead in Capital Market - Bengaluru
1544,7588473,AWS Data Engineer (Mid-Level)
1545,7532709,B3.1 IRR Design
1546,7309792,BA Avaloq
1547,7387942,BA - Capital Market
1548,6282334,BA - Capital Market
1549,7548524,Backend Engineer - Remoto
1550,2308041,Banco de Talentos
1551,7444082,Banco de Talentos - DevOps
1552,4989990,Banco de Talentos - Energia
1553,7444149,Banco de Talentos - JAVA
1554,7443994,Banco de Talentos - Product Owner
1555,7443840,Banco de Talentos - Python
1556,7649093,BA-Payment
1557,7537528,BA / PM Reg Reporting
1558,7641089,BA/PO- Credit Analysis
1559,7573514,BA- Reference Data - Mumbai
1560,7095488,BA - Reg Reporting
1561,7185835,BA - Trading solutions
1562,7607670,Bilingual Talent Acquisition Partner - Montreal or Toronto
1563,7667754,Business Analysis - SR-BA - Cloud migration (AWS)
1564,7597792,Business Analyst
1565,7295516,Business Analyst
1566,7504958,Business Analyst - Allegro
1567,7667896,Business Analyst (Banking)
1568,7653230,Business Analyst Banking & Payments
1569,7653212,Business Analyst - Card Issuing (She/He/They)
1570,7487457,Business Analyst - Cash and Loans (She/He/They)
1571,7601800,Business Analyst – Cash Management & Intraday Liquidity
1572,7560479,Business Analyst Consultant
1573,7525665,Business Analyst Consultant - Target Operating Model (TOM)
1574,7478572,Business Analyst - Crude/Liquid Logistics
1575,7507582,Business Analyst - Energy
1576,7390824,Business Analyst - Financial Markets (She/He/They)
1577,5697864,Business Analyst - Financial Services
1578,7624761,Business Analyst-Gen AI
1579,6528708,Business Analyst - Insurance
1580,7570364,Business Analyst (Insurance)
1581,7544448,Business Analyst - OpenLink - Houston
1582,5236287,Business Analyst - Payments (She/He/They)
1583,7217669,Business Analyst - Product Control/Financial Accounting (She/He/They)
1584,7215592,Business Analyst - Product Control/ FX products (She/He/They)
1585,7594438,Business Analyst - Product Control/ Regulatory Reporting (She/He/They)
1586,7476180,Business Analyst - Retail Energy
1587,7398372,Business Analyst - Retail Energy
1588,7407471,Business Analyst - Retail Energy
1589,7650118,Business Analyst - Retail Energy
1590,7476442,Business Analyst - Retail Energy
1591,7433436,Business Analyst - Securities Services
1592,7518370,Business Analyst | Securities Services/Capital Markets
1593,6368594,Business Analyst/Senior Business Analyst (Banking)
1594,7645871,Business Analyst - Transformation project (She/He/They)
1595,7256508,Business Analyst - Valuation Controller (She/He/They)
1596,7657886,Business Analyst – Wealth & Asset Management
1597,7653242,Business Process Consultant
1598,7621240,Capco Associate Talent Program - Dallas Jan 2027
1599,7141150,Capco Associate Talent Program - Dallas June 2026
1600,7621251,Capco Associate Talent Program - Houston Jan 2027
1601,7141152,Capco Associate Talent Program - Houston June 2026
1602,7191275,Capco Summer Internship Program - Dallas Summer 2026
1603,7191248,Capco Summer Internship Program - Houston Summer 2026
1604,7026042,Capital Markets Post Trade Securities - Business Analyst / Project Manager
1605,7447225,Capital Markets Regulatory Change - Consultant/Senior Consultant
1606,7656841,Capital Resilience
1607,7577889,Client Lead (Insurance/Banking)
1608,6887291,CLM Expert
1609,7431178,Cloud Engineer (Azure) - COM INGLÊS - Remoto
1610,7597858,C# .Net Microservices Developer - Bangalore
1611,7605878,Collateral Project Manager
1612,7656230,Commercial Director - Canada
1613,7581023,Communication and Engagement Specialist
1614,7645326,Communication/Trade Surveillance - Experienced Hires
1615,7606980,Compliance Project Manager - Capital Markets
1616,7573533,Consultant | AI Product Analyst
1617,7536407,Consultant - Capital Markets Credit Risk
1618,6366595,Consultant - Change Management/Process Improvement
1619,7522164,Consultant | Data Analyst
1620,7656981,Consultant - Functional Analyst
1621,6850646,Consultant / Senior Consultant - Business Consulting
1622,7278861,Consultant / Senior Consultant / Principal Consultant - Data
1623,5348563,Consultant Wealth and Asset Management
1624,7411438,Consultant - Wealth & Asset Management
1625,7314538,Copilot Architect - Pune
1626,7525879,Copilot Developer SC
1627,7653536,Cybersecurity consultant
1628,7570849,Data & AI Strategy Consultant - Manager/Senior Manager
1629,7618524,Data Analyst
1630,6380329,Data Architect
1631,7613845,Data Architect (Polish is Mandatory) (She/He/They)
1632,7549000,Data Engineer/Consultant (Databricks)
1633,7576688,Data Engineer - Fabric Solution | Inglês
1634,5576793,Data Engineer for Banking
1635,6299632,Data Engineer for Banking
1636,5576792,Data Engineer for Banking
1637,5576791,Data Engineer for Banking
1638,7606224,Data Engineer - GCP - LBG
1639,7168449,Data Engineering- GCP & Python
1640,7436197,Data Engineer - Scala
1641,7310122,Data Engineer - Snowflake
1642,7533330,Data Experts (Data Analysts + Data Modelers)
1643,7559855,Data Lead - Remoto
1644,7526533,Data Management Consultant
1645,6247156,Data Management Consultant (Banking/Financial Service)
1646,7372389,Data Modeler
1647,7533349,Data Modeler
1648,7533347,Data Modeler
1649,7546605,Data Modeller
1650,7529761,Data Modelling Consultant - Riyadh
1651,7377178,Data Privacy Specialist (She/ He/ They)
1652,7558759,Data Product Manager Principal Consultant
1653,7362526,Data Science Manager
1654,7570719,Data Strategy & Advisory Leader - Insurance
1655,7185459,Data Strategy & Advisory Leader (Managing Principal)
1656,7570687,Data Strategy & Advisory Leader - Payments
1657,7618782,DBT Snowflake Data Engineer
1658,7578161,Delivery Lead – Corporate Banking Implementation (She/He/They)
1659,7556550,Delivery manager (She/He/They)
1660,7379906,Desenvolvedor(a) Backend - Node.js
1661,7391344,Desenvolvedor(a) Full Stack Senior | Inglês
1662,7413174,Desenvolvedor(a) LLM/Backend (GenAI & Graph Data)- COM INGLÊS - Remoto
1663,7493752,Desenvolvedor(a) LLM/Backend (Graph Engineer)- COM INGLÊS - Remoto
1664,6906477,Desenvolvedor Backend Junior - Exclusivo para Pessoas com Deficiência
1665,7573378,Development Manager (Thai Speaker)
1666,7578353,Device Management Process Owner (She/He/They)
1667,7559854,DevOps SME - Remoto
1668,7307169,Digital BA | Chatbot Contact Center Project
1669,7464463,Dynamics 365
1670,7567592,Energy Consultant - Business Analyst
1671,7492354,Engenheiro(a) de Prompt Pleno - Remoto
1672,7610059,Engenheiro(a) Sênior de Data & Analytics (Microsoft Fabric & Power BI) — Marketing Analytics | Inglês
1673,7363417,Engineering Director
1674,7559858,Engineering Lead - Remoto
1675,6220286,Enterprise Data Modeller
1676,7609656,ESG- PM/ Reporting Manager
1677,6856413,Executive Director | Insurance (Transformation Consulting)
1678,7241776,"Executive Director- Leading Finance, Risk & Regulatory Function"
1679,7512186,FAST Configuration Analyst
1680,7621522,Financial Accounting
1681,7589865,Frontend Developer - hybrid Calgary ** numerous openings at all levels **
1682,7661734,Frontend Developer - React
1683,7282778,Full Stack - COM INGLÊS - Remoto
1684,7064138,Full Stack developer - AI
1685,7456432,Full Stack Developer - COM INGLÊS - Remoto
1686,7548507,Full-stack Engineer - Remoto
1687,7554158,Full-stack - Remoto
1688,7544052,Functional Analyst Consultant
1689,7626210,Functional Support Analyst-L1
1690,7570937,GCP Data Architect
1691,7546958,GCP Data Engineer
1692,7404985,GCP Platform Engineer
1693,7566040,GEN AI Architect
1694,6896886,GenAI Engineer
1695,6896884,GenAI Engineer
1696,6896887,GenAI Engineer
1697,6896885,GenAI Engineer
1698,7410266,GenAI Engineer
1699,7570944,Gen AI Engineer-Pune
1700,7613274,Gen AI Engineer-Pune/Bengaluru
1701,7422416,Gen AI Engineer-Pune/Bengaluru
1702,7123606,Gerente de Projetos SR - Vitória/ES - Temporário
1703,7026073,Golang Developer
1704,7640821,Hadoop Admin
1705,7664921,HR Business Analyst - 6 Month FTC
1706,7578431,Incident Management in Banking Domain - Bangalore
1707,7546989,Intelligent Automation Business Analyst
1708,6108229,Intelligent Automation Consultant - Microsoft Power Platform Specialist
1709,7657119,Intern -Talent Acquisition - Scheduler
1710,7390828,iOS App Developer - Vadodara
1711,7529433,IRR Testing
1712,7518781,IT Consultant – Artificial Intelligence (AI) (She/He/They)
1713,7511199,IT Consultant – Project Management (She/ He/ They)
1714,7387947,Java Backend Technical Lead
1715,5886720,Java Developer
1716,7621599,Java Developer
1717,7588065,Java Developer
1718,7589843,Java Developer - hybrid Calgary ** numerous openings at all levels **
1719,7588164,Java Developer with Kubernetes (She/He/They)
1720,7621539,Java Full Stack Developer
1721,7439258,Java FullStack (Java with React/Angular)
1722,7192391,Java Fullstack with Angular
1723,6208389,Jovem Aprendiz de Recrutamento e Seleção - São Paulo
1724,7526111,Junior AI Engineer
1725,7485462,Junior Analyst – Compliance and Operations
1726,7643997,Junior Project Management Consultant
1727,7557537,Junior Project Manager - (Banking)
1728,7601392,Junior Technology Delivery - Developer - Intellimatch
1729,7597950,Junior Technology Delivery - Developer - Intellimatch
1730,7582627,Kafka / S3 Engineer
1731,6886387,KYC Specialist / Senior Specialist (Mandarin Speaker)
1732,7427269,LD Ops
1733,7267438,Lead AI Consultant | Intelligent Solutions
1734,6870486,Lead AI Engineer
1735,7537140,"Lead Business Consultant, Wealth and Asset Management"
1736,7573808,Lead Data Analytics Consultant
1737,7653275,Lead Delivery Consultant
1738,7574766,Lead .NET Engineer (She/ He/ They)
1739,7581024,Lead Service Designer - Product & Experience
1740,7573377,Lead Software Developer (Full Stack)
1741,7544157,"Lead Software Engineer (.NET, WPF) (She/ He/ They)"
1742,7613777,"Lead Solutions Architect - legacy codebases, especially C# and/or Delphi - Cloud (Toronto - Hybrid)"
1743,7621525,LEA Product Manager
1744,7636204,Ledger - Controls
1745,7464308,Linux & Data Platform Administrator
1746,7621545,Liquidity - BA Reporting
1747,7588001,Mainframe Developer
1748,7533826,"Management Consultant - AML Investigations, Sanctions & Fraud"
1749,7642388,"Management Consultant - AML Investigations, Sanctions & Fraud"
1750,7582972,Management Consultant - Cards & Payments
1751,7658016,Management Consultant – Commercial & Specialty Insurance
1752,7533997,Management Consultant - Finance Transformation
1753,7533952,Management Consultant - Financial Risk
1754,7533834,Management Consultant - Financial Risk
1755,7642455,Management Consultant - Financial Risk
1756,7658005,Management Consultant - General Insurance
1757,7658022,Management Consultant – Insurance – London Markets
1758,7657990,Management Consultant – Life & Pensions
1759,7642514,Management Consultant - Non-Financial Risk Specialist (Operational Risk - Enterprise Risk)
1760,7533837,Management Consultant - Non-Financial Risk Specialist (Operational Risk - Enterprise Risk)
1761,7533836,Management Consultant - Operational Resilience & Cyber
1762,7653807,Management Consultant - Operational Resilience & Cyber
1763,7533843,Management Consultant - Regulatory Change
1764,7593670,Management Consultant: Data Analytics Lead – Managing Principal (Director)
1765,7377170,Management reporting analyst / SMEs
1766,7126735,Managing Principal - Banking Lead(Senior Manager / Director)
1767,7667654,Managing Principal - Business Consulting
1768,7658044,"Managing Principal, Cybersecurity and AI"
1769,7407482,Managing Principal - Delivery
1770,7534056,Managing Principal (Director) - Finance Transformation
1771,7663170,"Managing Principal (Director) - Financial Crime Transformation - AML Investigations, Sanctions & Fraud"
1772,7533898,Managing Principal (Director) - Non-Financial Risk Specialist (Operational Risk - Enterprise Risk)
1773,7533847,Managing Principal (Director) - Operational Resilience & Cyber
1774,7539787,Managing Principal (Director) - Post Merger Integration
1775,7358677,Managing Principal -GCC Sales- Bengaluru
1776,7362581,Managing Principal - Institutional Payments Lead
1777,6783042,Managing Principal - Insurance
1778,7584269,Managing Principal - Payments
1779,7582838,Mid Data Analyst (She/He/They)
1780,7525374,Mid Data Analytics - Python + AI/ML Engineer
1781,7645940,Mid Data Governance
1782,7621712,Mid .NET Developer (She/He/They)
1783,7613738,ML Engineer (She/He/They)
1784,7392301,(Morgan Stanley) Technical Project Manager (91066)
1785,7649449,MSIM - Billing Ops -Mumbai
1786,7388300,MSIM - Ops -Mumbai
1787,7641148,MuleSoft and Salesforce Developer
1788,7585730,Murex Consultant
1789,7585729,Murex Consultant
1790,7585826,Murex Consultant
1791,7585830,Murex Consultant
1792,7553881,Murex Credit Risk SME
1793,7594322,Murex Project/ Program Lead
1794,7646929,NodeJS/Java Developer (Web-Based Services)
1795,7545337,Office Administrator
1796,7657896,Operational Excellence Lead – Wealth Operations
1797,7649214,Payment with Pega Business Analyst
1798,7351338,PM -Agentic AI
1799,7400651,PM – Asset Management
1800,7532790,PM / BA
1801,7348485,PM - Capital Market/Trading
1802,6870240,PM - Channels Contact Center Automation
1803,7431289,PMO Lead - Delivery Excellence
1804,7123619,PMO - Vitória/ES - Temporário
1805,7657704,Post Merger / Operating Model Integration Lead – Wealth & Asset Management
1806,7525739,Powerplatform Copilot Developer Product Owner
1807,7594883,Principal Architect: Google Cloud (GCP)
1808,7594853,Principal Architect: Microsoft Azure
1809,7588659,Principal Azure Data Engineer (Databricks)
1810,7526625,Principal Backend Engineer - Java
1811,7534071,Principal Consultant - Finance Transformation
1812,7480096,Principal Consultant - Insurance
1813,7599991,Principal Consultant - Treasury Operations
1814,7588474,Principal Data Engineer - AWS
1815,7588673,Principal Data Engineer - GCP
1816,7366770,Principal DevOps Engineer - AWS
1817,7530599,Principal DevOps Engineer - Azure
1818,7588686,Principal Security Engineer
1819,7588679,Principal Software Development Engineer in Test (SDET)
1820,7349051,Product / Domain Lead (AI + Banking domain) – Toronto - Hybrid
1821,7456933,Product Lead Coach
1822,7601725,Product Manager
1823,7653279,Product Owner (Agile/Scrum)
1824,6899335,Product Owner (FX/Payments)
1825,7372278,Product Owner (She/He/They)
1826,7348649,Product Owner (Specialty Insurance) - Product & Experience
1827,7431318,Program Manager | Digital Product & Wealth Management
1828,6348681,Program Manager (Principal Consultant)
1829,7657541,Programme Manager - Banking & Payments
1830,7663189,Programme Manager (Principal Consultant) - Capital Markets
1831,7532969,Programme Manager (Principal Consultant) - Financial Services
1832,6920243,Project Management Officer (PMO) - Insurance
1833,7657124,Project Manager
1834,6368592,Project Manager
1835,7624681,Project Manager
1836,7440215,Project Manager - Core Banking (Avaloq) (She/He/They)
1837,5886850,Project Manager - Financial Services
1838,7520039,Project Manager - Houston
1839,6528877,Project Manager - Insurance
1840,7587948,Project Manager/Principal Consultant | Fund Admin
1841,6973397,Project Manager - Product Control (She/He/They)
1842,7645890,Project Manager - Transformation projects (She/He/They)
1843,7657691,Project Manager – Wealth & Asset Management
1844,7349058,Prompt Engineer / Agent Designer – Toronto - Hybrid
1845,7591078,QA Automation Engineer - hybrid Calgary ** numerous openings at all levels **
1846,7656698,QA Automation Tester (5 days on-site) - All levels
1847,7570264,QA Automation Tester - All levels
1848,7559857,QA Lead - Remoto
1849,7635418,QA Testing & Automation - Com Inglês
1850,7355545,React JS Front-end developer
1851,7583011,React Mobile Developer (She/He/They)
1852,7622087,Recruitment Administrator with English language
1853,7625993,Regional Operations Lead (UK)
1854,7558766,Sales Enablement Manager
1855,7493742,Salesforce Developer - Remoto
1856,7559815,Salesforce Developer with Aura/ Lightning - Bangalore
1857,7513626,SC - Banking & Payments
1858,7548527,Scrum Master - Remoto
1859,7423237,Securities Services Business Analyst (She/He/They)
1860,7519129,Security Architect
1861,7657750,Senior Agile Delivery Lead - Cards & Payments domain
1862,7556771,Senior AI Delivery Lead for Continental Europe
1863,7571444,Senior AI Delivery Lead for Continental Europe
1864,7648052,Senior Android Developer
1865,7588658,Senior Azure Data Engineer (Databricks)
1866,7529731,Senior Backend Developer/Full Stack Developer
1867,7570370,Senior Back End Developer (Java Spring Boot) - All Levels
1868,7522365,Senior BA/PM | Securities Services
1869,7667875,Senior Business Analysis - Transaction reporting/Regulatory reporting
1870,7526082,Senior Business Analyst - Banking and Payments (operational excellence)
1871,7525661,Senior Business Analyst Consultant - Capital Markets
1872,7660344,Senior Business Analyst | Corporate Banking
1873,7310178,Senior Business Analyst - Financial Services
1874,7657887,Senior Business Analyst - Guidewire (Insurance)
1875,7553920,Senior Business Analyst - Insurance
1876,7648976,Senior Business Analyst | TOM Delivery (CIB)
1877,7663030,Senior Consultant - Banking and Payments
1878,7592799,Senior Consultant - Capital Markets Regulatory Compliance
1879,7583354,Senior Consultant - Compliance Registrations
1880,7609974,Senior Consultant – Core Banking (She/ He/ They)
1881,7459690,"Senior Consultant, Cybersecurity"
1882,7532921,Senior Consultant | Data Analyst
1883,7597716,Senior Consultant - Data Modeler
1884,7572673,"Senior Consultant - Group Life Underwriting, Operations & Technology"
1885,6887498,Senior Consultant Insurance
1886,6776045,Senior Consultant - Insurance
1887,7594460,Senior Consultant - Treasury Operations
1888,7411096,Senior Consultant - Wealth & Asset Management
1889,7101713,Senior Data Analyst
1890,7587875,Senior Data Analyst | Banking
1891,7573811,Senior Data Analytics Consultant
1892,7430599,Senior Data Architect
1893,7570817,Senior Data Architect
1894,7570775,Senior Data Architect
1895,7637860,Senior Data Architect - Wealth & Asset Management.
1896,7637843,Senior Data Architect - Wealth & Asset Management.
1897,7461931,Senior Data Engineer
1898,7588472,Senior Data Engineer - AWS
1899,7559773,Senior Data Engineer (ETL / Talend / Erwin) (She/He/They)
1900,7588671,Senior Data Engineer - GCP
1901,7584722,Senior Data Governance - AI Driven Metadata Management
1902,7443020,Senior Data Modeller (She/He/They)
1903,7570751,Senior Data Modelling Consultant
1904,7549466,Senior Data Scientist
1905,7559859,Senior Dev Fullstack com IA - Remoto
1906,6963156,Senior DevOps Engineer
1907,6963178,Senior DevOps Engineer
1908,6963181,Senior DevOps Engineer
1909,6963155,Senior DevOps Engineer
1910,7567091,Senior DevOps Engineer - AI Products (She/ He/ They)
1911,7366771,Senior DevOps Engineer - AWS
1912,7563697,Senior DevOps Engineer (AWS) - Payments (She/ He/ They)
1913,7530600,Senior DevOps Engineer - Azure
1914,7582718,Senior Frontend Developer - React
1915,7456452,Senior Full Stack Developer - COM INGLÊS - Remoto
1916,7641216,Senior Full Stack Developer - COM INGLÊS - Remoto
1917,7559563,Senior Full Stack Developer - Java Spring Boot & React.js (Thai Speaker)
1918,7506708,Senior GenAI - AI & Intelligent Automation Developer
1919,6889745,Senior GenAI Engineer
1920,6889748,Senior GenAI Engineer
1921,6889747,Senior GenAI Engineer
1922,6889746,Senior GenAI Engineer
1923,7647601,Senior iOS Developer
1924,7621459,Senior Java Backend Developer
1925,7657648,Senior Java Backend Developer
1926,7433547,Senior Java Backend Developer
1927,7667979,Senior Java Developer - Market Risk (She/ He/ They)
1928,4895405,Senior Java Engineer
1929,7610267,Senior Java Engineer (Low-Latency Trading Systems) (She/ He/ They)
1930,7590826,Senior Manager/Director - Data Lead
1931,7169044,Senior Microsoft Dynamics Architect
1932,7661548,Senior PAM Consultant – CyberArk (Integration & Onboarding) (She/ He/ They)
1933,7519425,Senior Product Manager - Product & Experience
1934,7641065,Senior Project Program Portfolio Mgmt - Risk and Regulatory PM - Aviva CS
1935,7661609,Senior QA Engineer - Capital Markets (She/ He/ They)
1936,7559853,Senior QA Engineer (Quality Analyst com experiência em automação) - Remoto
1937,7588687,Senior Security Engineer
1938,7593684,Senior Service Designer - Product & Experience
1939,7588677,Senior Software Development Engineer in Test (SDET)
1940,7365335,Senior Solution Architect
1941,7615415,Senior Solutions and Enterprise Architect
1942,7506699,Senior Technology Delivery - BluePrism Developer
1943,7578401,SME / Delivery Lead – AML Sanctions Monitoring Transformation (She/He/They)
1944,7559707,Solution Architect – Architecture & Integration Advisory (She/He/They)
1945,7613220,Solution Architect - Insurance
1946,7640834,Solution Architect (Thai Speaker)
1947,7267324,SPO Offshore Team Lead
1948,7653003,Sr AWS Data Engineer
1949,7092810,Sr BA / PM
1950,7621505,Sr. Java Backend Developer
1951,7544193,Sr. Java Full Stack Developer
1952,7237726,Sr. React Developer
1953,7609617,Stress Testing
1954,7588103,System Analyst
1955,7578199,System & Defect Management (She/He/They)
1956,7622566,Talent Acquisition Lead
1957,6203991,Talent Acquisition Specialist (She/He/They)
1958,7513649,Technical Business Analyst
1959,5905836,Technical Lead
1960,7335064,Technical Project Manager
1961,7592033,Technical Recruiter - Contract Hiring
1962,7414639,Technical Recruiter - Contract Hiring
1963,7414507,Technical Recruiter - Contract Hiring
1964,7574881,Technical SME - DORA (She/ He/ They)
1965,7526505,Technical Strategy Analyst
1966,7615804,Tester AI QA (Polish is Mandatory) (She/He/They)
1967,7619015,Test Lead-Automation
1968,7282791,Traceability Tooling
1969,7642364,Trade and Transaction Reporting Business Analyst / Project Manager
1970,7534076,Trade and Transaction Reporting Business Analyst / Project Manager
1971,7534081,Trade and Transaction Reporting Director (Managing Principal)
1972,7577903,UI Designer (She/He/They)
1973,7297411,Validation & Prod Testing
1974,7421913,Way4 Specialist
1975,7665186,Wealth & Asset Management - Project Manager
1976,7578368,Workstation Configuration Specialist (She/He/They)
1977,7249177,AI / LLM Engineer (Python) - London (243)
1978,7208381,Amsterdam Trader Summer Internship 2026
1979,5511938,Associate Portfolio Manager
1980,7556228,Campus Recruitment Coordinator
1981,6486421,C++ Developer - Options Market Making
1982,6049003,C++ Developer - Options Market Making
1983,6049671,C++ Developer - Options Market Making (CHI)
1984,7227500,Chicago Graduate Trader Programme 2026
1985,7400756,Compliance Manager (Regulatory Reporting)
1986,4751895,Emerging Talent: Register Your Interest
1987,6857372,European Options Market Maker
1988,7050392,Graduate Trader Programme Amsterdam 2026
1989,6543701,Options Market Maker
1990,6843715,Platform Engineer (Kubernetes on-premises)
1991,6196780,Portfolio Manager (Europe)
1992,4685116,Portfolio Manager - European SMID cap equities
1993,2453640,Portfolio Manager - Generalist - Fundamental Long Short Equities (HK)
1994,1719811,Portfolio Manager (HK)
1995,7388712,Portfolio Manager (Monaco)
1996,4081193,Portfolio Manager (US)
1997,7163447,Python Developer - Data & Analytics Team - Options Market Making
1998,7540304,Python Developer - Data & Analytics Team - Options Market Making
1999,7582506,Quantitative Trading Analyst
2000,7588724,Quant Trader - Equity Options
