job_indexed_id,source,source_job_id,url,company_name,title_raw,title_clean,description_clean_excerpt,pred_normalized_title,pred_role_family,pred_seniority,pred_employment_type,pred_location_type,pred_city,pred_country,pred_salary_min,pred_salary_max,pred_salary_currency,gold_normalized_title,gold_role_family,gold_experience_years_min,gold_experience_years_max,gold_experience_required,gold_education_level,gold_degree_required,gold_soft_skills,gold_location_type,gold_country,gold_location_city,gold_employment_type,gold_seniority,gold_language_requirements,gold_salary_min,gold_salary_max,gold_salary_currency,gold_salary_period,gold_tools_tech,labeler,review_status,notes,label_source,label_model,label_confidence,needs_review,review_categories,primary_review_category,missing_core_count
1469,greenhouse,7436461,https://job-boards.greenhouse.io/datacamp/jobs/7436461,,,,,other,other,,,,London,GB,,,,,other,,,0,,,,onsite,GB,London,unspecified,unspecified,,,,,,,,in_review,"Title and role family are unknown, experience and education details are missing, employment type is unspecified. | rule_review: missing_normalized_title",ollama,qwen2.5:7b,0.550,1,low_confidence|missing_normalized_title,low_confidence,1
479,greenhouse,4283003,https://job-boards.greenhouse.io/canonical/jobs/4283003,,,,,other,other,,,,Home Based - Americas,,,,,,,,,,,,,remote,,Home Based - Americas,unspecified,unspecified,,,,,,,,in_review,"Location is specified as 'Home Based - Americas', which could be interpreted in multiple ways, and other fields are missing. | rule_review: missing_normalized_title,missing_role_family",ollama,qwen2.5:7b,0.550,1,low_confidence|missing_normalized_title|missing_role_family|location_without_country,low_confidence,2
1280,greenhouse,7510447003,https://job-boards.greenhouse.io/celonis/jobs/7510447003?gh_jid=7510447003,,,,,other,other,,,,Munich,DE,,,,,other,,,0,,,,onsite,DE,Munich,unspecified,unspecified,,,,,,,,in_review,"Title and role family are unknown, experience and education details are missing, employment type is unspecified. | rule_review: missing_normalized_title",ollama,qwen2.5:7b,0.500,1,low_confidence|missing_normalized_title,low_confidence,1
1144,greenhouse,7532064003,https://job-boards.greenhouse.io/celonis/jobs/7532064003?gh_jid=7532064003,,,,,other,other,,,,Madrid,ES,,,,,other,,,0,,,,onsite,ES,Madrid,,unspecified,,,,,,,,in_review,"Title and role family are unknown, employment type is unspecified. | rule_review: missing_normalized_title",ollama,qwen2.5:7b,0.550,1,low_confidence|missing_normalized_title,low_confidence,2
1433,greenhouse,7588024,https://job-boards.greenhouse.io/appier/jobs/7588024,,,,,other,other,,,,Tokyo,,,,,,other,,,0,,,,onsite,,Tokyo,unspecified,unspecified,,,,,,,,in_review,"Location and country are specified, but other details are missing. | rule_review: missing_normalized_title",ollama,qwen2.5:7b,0.550,1,low_confidence|missing_normalized_title|location_without_country,low_confidence,1
84,greenhouse,7594178,https://job-boards.greenhouse.io/smartsheet/jobs/7594178,,,,,other,other,,,,Boston,US,,,,,other,,,0,,,,onsite,US,Boston,,unspecified,,,,,,,,in_review,"Title and role family are unknown, employment type is unspecified. | rule_review: missing_normalized_title",ollama,qwen2.5:7b,0.500,1,low_confidence|missing_normalized_title,low_confidence,2
1957,greenhouse,6203991,https://job-boards.greenhouse.io/capco/jobs/6203991,,,,,other,other,,,,,PL,,,,,other,,,0,,,,,PL,,,unspecified,,,,,,,,in_review,"Title and role family are not specified, experience and employment type are unknown. | rule_review: missing_normalized_title,too_many_core_fields_missing",ollama,qwen2.5:7b,0.500,1,low_confidence|missing_normalized_title|too_many_core_fields_missing,low_confidence,3
1582,greenhouse,5236287,https://job-boards.greenhouse.io/capco/jobs/5236287,,,,,other,other,,,,,PL,,,,,other,,,0,,,,,PL,,,unspecified,,,,,,,,in_review,"Title and role family are not specified, experience and employment type are unknown. | rule_review: missing_normalized_title,too_many_core_fields_missing",ollama,qwen2.5:7b,0.500,1,low_confidence|missing_normalized_title|too_many_core_fields_missing,low_confidence,3
1327,greenhouse,7609061003,https://job-boards.greenhouse.io/celonis/jobs/7609061003?gh_jid=7609061003,,,,,other,other,,,,Madrid,ES,,,,,other,,,0,,,,onsite,ES,Madrid,,unspecified,,,,,,,,in_review,"Title and role family are unknown, employment type is unspecified. | rule_review: missing_normalized_title",ollama,qwen2.5:7b,0.550,1,low_confidence|missing_normalized_title,low_confidence,2
1148,greenhouse,7618717003,https://job-boards.greenhouse.io/celonis/jobs/7618717003?gh_jid=7618717003,,,,,other,other,,,,London,GB,,,,,other,,,0,,,,onsite,GB,London,unspecified,unspecified,,,,,,,,in_review,"Title and role family are unknown, experience and education details are missing, employment type is unspecified. | rule_review: missing_normalized_title",ollama,qwen2.5:7b,0.550,1,low_confidence|missing_normalized_title,low_confidence,1
1835,greenhouse,7624681,https://job-boards.greenhouse.io/capco/jobs/7624681,,,,,other,other,,,,US - Dallas,,,,,,other,,,0,,,,onsite,US,Dallas,unspecified,unspecified,,,,,,,,in_review,"Title and role family are not provided, location is partially specified (city but no country), salary details missing. | rule_review: missing_normalized_title",ollama,qwen2.5:7b,0.550,1,low_confidence|missing_normalized_title,low_confidence,1
1906,greenhouse,6963156,https://job-boards.greenhouse.io/capco/jobs/6963156,,,,,other,other,,,,Slovakia - Kosice,,,,,,,,,,,,,onsite,,Kosice,,,,,,,,,,in_review,"Location is specified, but other details are missing. | rule_review: missing_normalized_title,missing_role_family,too_many_core_fields_missing",ollama,qwen2.5:7b,0.550,1,low_confidence|missing_normalized_title|missing_role_family|location_without_country|too_many_core_fields_missing|sparse_output,low_confidence,4
1066,greenhouse,6670319003,https://job-boards.greenhouse.io/celonis/jobs/6670319003?gh_jid=6670319003,,,,,other,other,,,,Madrid,ES,,,,,other,,,0,,,,onsite,ES,Madrid,,unspecified,,,,,,,,in_review,"Title and role family are unknown, employment type is unspecified. | rule_review: missing_normalized_title",ollama,qwen2.5:7b,0.550,1,low_confidence|missing_normalized_title,low_confidence,2
1459,greenhouse,7399623,https://job-boards.greenhouse.io/datacamp/jobs/7399623,,,,,other,other,,,,Belgium,US,,,,,other,,,0,,,,onsite,US,Belgium,,unspecified,,,,,,,,in_review,Location is ambiguous (Belgium in US context) | rule_review: missing_normalized_title,ollama,qwen2.5:7b,0.550,1,low_confidence|missing_normalized_title,low_confidence,2
998,greenhouse,8395003002,https://job-boards.greenhouse.io/levio/jobs/8395003002,,,,,other,other,,,,Montreal,CA,,,,,other,,,0,,,,onsite,CA,Montreal,,unspecified,,,,,,,,in_review,"Title and role family are unknown, employment type is unspecified. | rule_review: missing_normalized_title",ollama,qwen2.5:7b,0.550,1,low_confidence|missing_normalized_title,low_confidence,2
1258,greenhouse,6301453003,https://job-boards.greenhouse.io/celonis/jobs/6301453003?gh_jid=6301453003,,,,,other,other,,,,Munich,DE,,,,,other,,,0,,,,onsite,DE,Munich,unspecified,unspecified,,,,,,,,in_review,"Title and role family are unknown, experience and education details are missing, employment type is unspecified. | rule_review: missing_normalized_title",ollama,qwen2.5:7b,0.500,1,low_confidence|missing_normalized_title,low_confidence,1
267,greenhouse,7267406,https://job-boards.greenhouse.io/canonical/jobs/7267406,,,,,other,other,,,,Beijing,,,,,,other,,,0,,,,onsite,CN,Beijing,full_time,unspecified,,,,,,,,in_review,"Location and employment type are clear, but other details such as role family, experience, education level, salary, etc., are missing or ambiguous. | rule_review: missing_normalized_title",ollama,qwen2.5:7b,0.550,1,low_confidence|missing_normalized_title,low_confidence,1
1683,greenhouse,7282778,https://job-boards.greenhouse.io/capco/jobs/7282778,,,,,other,other,,,,Brazil - Sao Paulo,,,,,,other,,,0,,,,onsite,BR,Sao Paulo,unspecified,unspecified,,,,,,,,in_review,"Location and country are provided, but other details are missing. | rule_review: missing_normalized_title",ollama,qwen2.5:7b,0.550,1,low_confidence|missing_normalized_title,low_confidence,1
43,greenhouse,7585029,https://job-boards.greenhouse.io/smartsheet/jobs/7585029,,,,,other,other,,,,London,GB,,,,,other,,,0,,,,onsite,GB,London,unspecified,unspecified,,,,,,,,in_review,"Title and role family are unknown, experience and education details are missing, employment type is unspecified. | rule_review: missing_normalized_title",ollama,qwen2.5:7b,0.550,1,low_confidence|missing_normalized_title,low_confidence,1
529,greenhouse,6969562,https://job-boards.greenhouse.io/canonical/jobs/6969562,,,,,other,other,,,,Home Based - Americas,,,,,,,,,,,,,remote,,Home Based - Americas,unspecified,unspecified,,,,,,,,in_review,"Location is specified as 'Home Based - Americas', which could be interpreted in multiple ways, and other fields are missing. | rule_review: missing_normalized_title,missing_role_family",ollama,qwen2.5:7b,0.550,1,low_confidence|missing_normalized_title|missing_role_family|location_without_country,low_confidence,2
98,greenhouse,7435911,https://job-boards.greenhouse.io/smartsheet/jobs/7435911,,,,,other,other,,,,Bangalore,IN,,,,,other,,,0,,,,onsite,IN,Bangalore,,unspecified,,,,,,,,in_review,"Title and role family are unknown, employment type is unspecified. | rule_review: missing_normalized_title",ollama,qwen2.5:7b,0.550,1,low_confidence|missing_normalized_title,low_confidence,2
1072,greenhouse,7566095003,https://job-boards.greenhouse.io/celonis/jobs/7566095003?gh_jid=7566095003,,,,,other,other,,,,Madrid,ES,,,,,other,,,0,,,,onsite,ES,Madrid,,unspecified,,,,,,,,in_review,"Title and role family are unknown, employment type is unspecified. | rule_review: missing_normalized_title",ollama,qwen2.5:7b,0.550,1,low_confidence|missing_normalized_title,low_confidence,2
1868,greenhouse,7522365,https://job-boards.greenhouse.io/capco/jobs/7522365,,,,,other,other,,,,China - Hong Kong,,,,,,,,,,,,,,CN,Hong Kong,,,,,,,,,,in_review,"Location information is partially provided, country and city are specified but the location type is unknown. Confidence is below threshold. | rule_review: missing_normalized_title,missing_role_family,too_many_core_fields_missing",ollama,qwen2.5:7b,0.550,1,low_confidence|missing_normalized_title|missing_role_family|too_many_core_fields_missing|sparse_output,low_confidence,5
1412,greenhouse,7510750,https://job-boards.greenhouse.io/appier/jobs/7510750,,,,,other,other,,,,Taipei,,,,,,other,,,0,,,,onsite,TW,Taipei,,unspecified,,,,,,,,in_review,"City is specified but country is missing, and other fields are unknown. | rule_review: missing_normalized_title",ollama,qwen2.5:7b,0.550,1,low_confidence|missing_normalized_title,low_confidence,2
1565,greenhouse,7295516,https://job-boards.greenhouse.io/capco/jobs/7295516,,,,,other,other,,,,US - Dallas,,,,,,other,,,0,,,,onsite,US,Dallas,unspecified,unspecified,,,,,,,,in_review,"Title and role family are not provided, location is partially specified (city but no country), salary details missing. | rule_review: missing_normalized_title",ollama,qwen2.5:7b,0.550,1,low_confidence|missing_normalized_title,low_confidence,1
1124,greenhouse,7599222003,https://job-boards.greenhouse.io/celonis/jobs/7599222003?gh_jid=7599222003,,,,,other,other,,,,Amsterdam,NL,,,,,other,,,0,,,,onsite,NL,Amsterdam,,unspecified,,,,,,,,in_review,"Title and role family are unknown, employment type is unspecified. | rule_review: missing_normalized_title",ollama,qwen2.5:7b,0.550,1,low_confidence|missing_normalized_title,low_confidence,2
702,greenhouse,4251863005,https://job-boards.greenhouse.io/gleanwork/jobs/4251863005,,,,,other,other,,,,Palo Alto,CA,,,,,other,,,0,,,,onsite,CA,Palo Alto,unspecified,unspecified,,,,,,,,in_review,"Title and role family are unknown, salary details are missing. | rule_review: missing_normalized_title",ollama,qwen2.5:7b,0.500,1,low_confidence|missing_normalized_title,low_confidence,1
343,greenhouse,4209375,https://job-boards.greenhouse.io/canonical/jobs/4209375,,,,,other,other,,,,,,,,,,,,,,,,,,,,,,,,,,,,,in_review,"Pred values are all 'other' or missing, indicating low confidence and ambiguity. | rule_review: missing_normalized_title,missing_role_family,too_many_core_fields_missing",ollama,qwen2.5:7b,0.150,1,low_confidence|missing_normalized_title|missing_role_family|too_many_core_fields_missing|sparse_output,low_confidence,5
1673,greenhouse,7363417,https://job-boards.greenhouse.io/capco/jobs/7363417,,,,,other,other,,,,UK - London,,,,,,other,,,0,,,,onsite,GB,London,unspecified,unspecified,,,,,,,,in_review,"Location and country are specified, but other details are missing. | rule_review: missing_normalized_title",ollama,qwen2.5:7b,0.550,1,low_confidence|missing_normalized_title,low_confidence,1
1797,greenhouse,7649214,https://job-boards.greenhouse.io/capco/jobs/7649214,,,,,other,other,,,,,IN,,,,,other,,,0,,,,,IN,,,unspecified,,,,,,,,in_review,"Title and role family are not specified, experience and employment type are unknown. | rule_review: missing_normalized_title,too_many_core_fields_missing",ollama,qwen2.5:7b,0.550,1,low_confidence|missing_normalized_title|too_many_core_fields_missing,low_confidence,3
1294,greenhouse,7258563003,https://job-boards.greenhouse.io/celonis/jobs/7258563003?gh_jid=7258563003,,,,,other,other,,,,Madrid,ES,,,,,other,,,0,,,,onsite,ES,Madrid,,unspecified,,,,,,,,in_review,"Title and role family are unknown, employment type is unspecified. | rule_review: missing_normalized_title",ollama,qwen2.5:7b,0.550,1,low_confidence|missing_normalized_title,low_confidence,2
1669,greenhouse,7464463,https://job-boards.greenhouse.io/capco/jobs/7464463,,,,,other,other,,,,,IN,,,,,other,,,0,,,,,IN,,,unspecified,,,,,,,,in_review,"Title and role family are not specified, experience and employment type are unknown. | rule_review: missing_normalized_title,too_many_core_fields_missing",ollama,qwen2.5:7b,0.550,1,low_confidence|missing_normalized_title|too_many_core_fields_missing,low_confidence,3
1620,greenhouse,7656981,https://job-boards.greenhouse.io/capco/jobs/7656981,,,,,other,other,,,,Belgium - Brussels,,,,,,other,,,0,,,,onsite,,Brussels,unspecified,unspecified,,,,,,,,in_review,"Location and country are specified, but other details are missing. | rule_review: missing_normalized_title",ollama,qwen2.5:7b,0.550,1,low_confidence|missing_normalized_title|location_without_country,low_confidence,1
1716,greenhouse,7621599,https://job-boards.greenhouse.io/capco/jobs/7621599,,,,,other,other,,,,India - Bengaluru,IN,,,,,,,,0,,,,onsite,IN,Bengaluru,unspecified,unspecified,,,,,,,,in_review,"Title and role family are not provided, experience and education details are missing, employment type is unspecified. | rule_review: missing_normalized_title,missing_role_family",ollama,qwen2.5:7b,0.550,1,low_confidence|missing_normalized_title|missing_role_family,low_confidence,2
1676,greenhouse,7609656,https://job-boards.greenhouse.io/capco/jobs/7609656,,,,,other,other,,,,,IN,,,,,other,,,0,,,,,IN,,,unspecified,,,,,,,,in_review,"Title and role family are not specified, experience and employment type are unknown. | rule_review: missing_normalized_title,too_many_core_fields_missing",ollama,qwen2.5:7b,0.550,1,low_confidence|missing_normalized_title|too_many_core_fields_missing,low_confidence,3
1893,greenhouse,7570817,https://job-boards.greenhouse.io/capco/jobs/7570817,,,,,other,other,,,,UK - London,,,,,,other,,,0,,,,onsite,GB,London,unspecified,unspecified,,,,,,,,in_review,"Location and country are specified, but other details are missing. | rule_review: missing_normalized_title",ollama,qwen2.5:7b,0.550,1,low_confidence|missing_normalized_title,low_confidence,1
1161,greenhouse,7578487003,https://job-boards.greenhouse.io/celonis/jobs/7578487003?gh_jid=7578487003,,,,,other,other,,,,Raleigh,US,,,,,other,,,0,,,,onsite,US,Raleigh,unspecified,unspecified,,,,,,,,in_review,"Title and role family are unknown, experience and education details are missing, employment type is unspecified. | rule_review: missing_normalized_title",ollama,qwen2.5:7b,0.550,1,low_confidence|missing_normalized_title,low_confidence,1
277,greenhouse,6283017,https://job-boards.greenhouse.io/canonical/jobs/6283017,,,,,other,other,,,,,,,,,,,,,,,,,,,,,,,,,,,,,in_review,"Pred values are all 'other' or missing, indicating low confidence and ambiguity. | rule_review: missing_normalized_title,missing_role_family,too_many_core_fields_missing",ollama,qwen2.5:7b,0.150,1,low_confidence|missing_normalized_title|missing_role_family|too_many_core_fields_missing|sparse_output,low_confidence,5
1622,greenhouse,7278861,https://job-boards.greenhouse.io/capco/jobs/7278861,,,,,other,other,,,,Singapore,,,,,,other,,,0,,,,onsite,,Singapore,unspecified,unspecified,,,,,,,,in_review,"Location and country are specified, but other details are missing. | rule_review: missing_normalized_title",ollama,qwen2.5:7b,0.550,1,low_confidence|missing_normalized_title|location_without_country,low_confidence,1
1926,greenhouse,7433547,https://job-boards.greenhouse.io/capco/jobs/7433547,,,,,other,other,,,,India - Bengaluru,IN,,,,,,,,0,,,,onsite,IN,Bengaluru,unspecified,unspecified,,,,,,,,in_review,"Title and role family are not provided, experience and education details are missing, employment type is unspecified. | rule_review: missing_normalized_title,missing_role_family",ollama,qwen2.5:7b,0.550,1,low_confidence|missing_normalized_title|missing_role_family,low_confidence,2
1988,greenhouse,7050392,https://job-boards.greenhouse.io/mavensecuritiesholdingltd/jobs/7050392,,,,,other,other,,,,Amsterdam,NL,,,,,other,,,0,,,,onsite,NL,Amsterdam,,unspecified,,,,,,,,in_review,"Title and role family are unknown, employment type is unspecified. | rule_review: missing_normalized_title",ollama,qwen2.5:7b,0.550,1,low_confidence|missing_normalized_title,low_confidence,2
1390,greenhouse,7111148,https://job-boards.greenhouse.io/appier/jobs/7111148,,,,,other,other,,,,Taipei,,,,,,other,,,0,,,,onsite,TW,Taipei,,unspecified,,,,,,,,in_review,"City is specified but country is missing, and other fields are unknown. | rule_review: missing_normalized_title",ollama,qwen2.5:7b,0.550,1,low_confidence|missing_normalized_title,low_confidence,2
423,greenhouse,5906490,https://job-boards.greenhouse.io/canonical/jobs/5906490,,,,,other,other,,,,,,,,,,,,,,,,,,,,,,,,,,,,,in_review,"Pred values are all 'other' or missing, indicating low confidence and ambiguity. | rule_review: missing_normalized_title,missing_role_family,too_many_core_fields_missing",ollama,qwen2.5:7b,0.150,1,low_confidence|missing_normalized_title|missing_role_family|too_many_core_fields_missing|sparse_output,low_confidence,5
265,greenhouse,3433732,https://job-boards.greenhouse.io/canonical/jobs/3433732,,,,,other,other,,,,,,,,,,,,,,,,,,,,,,,,,,,,,in_review,"Pred values are all 'other' or missing, indicating low confidence and ambiguity. | rule_review: missing_normalized_title,missing_role_family,too_many_core_fields_missing",ollama,qwen2.5:7b,0.150,1,low_confidence|missing_normalized_title|missing_role_family|too_many_core_fields_missing|sparse_output,low_confidence,5
173,greenhouse,8177902002,https://job-boards.greenhouse.io/gomotive/jobs/8177902002,,,,,other,other,,,,Bangalore,IN,,,,,other,,,0,,,,onsite,IN,Bangalore,,unspecified,,,,,,,,in_review,"Title and role family are unknown, employment type is unspecified. | rule_review: missing_normalized_title",ollama,qwen2.5:7b,0.550,1,low_confidence|missing_normalized_title,low_confidence,2
316,greenhouse,4192903,https://job-boards.greenhouse.io/canonical/jobs/4192903,,,,,other,other,,,,,,,,,,,,,,,,,,,,,,,,,,,,,in_review,"Pred values are all 'other' or missing, indicating low confidence and ambiguity. | rule_review: missing_normalized_title,missing_role_family,too_many_core_fields_missing",ollama,qwen2.5:7b,0.150,1,low_confidence|missing_normalized_title|missing_role_family|too_many_core_fields_missing|sparse_output,low_confidence,5
965,greenhouse,7298922,https://job-boards.greenhouse.io/gofundme/jobs/7298922,,,,,other,other,,,,Buenos Aires,,,,,,other,,,0,,,,onsite,,Buenos Aires,unspecified,unspecified,,,,,,,,in_review,"Location and country are inferred, but other details are missing. | rule_review: missing_normalized_title",ollama,qwen2.5:7b,0.550,1,low_confidence|missing_normalized_title|location_without_country,low_confidence,1
400,greenhouse,6643476,https://job-boards.greenhouse.io/canonical/jobs/6643476,,,,,other,other,,,,,,,,,,,,,,,,,,,,,,,,,,,,,in_review,"Pred values are all 'other' or missing, indicating low confidence and ambiguity. | rule_review: missing_normalized_title,missing_role_family,too_many_core_fields_missing",ollama,qwen2.5:7b,0.150,1,low_confidence|missing_normalized_title|missing_role_family|too_many_core_fields_missing|sparse_output,low_confidence,5
1798,greenhouse,7351338,https://job-boards.greenhouse.io/capco/jobs/7351338,,,,,other,other,,,,,IN,,,,,other,,,0,,,,,IN,,,unspecified,,,,,,,,in_review,"Title and role family are not specified, experience and employment type are unknown. | rule_review: missing_normalized_title,too_many_core_fields_missing",ollama,qwen2.5:7b,0.550,1,low_confidence|missing_normalized_title|too_many_core_fields_missing,low_confidence,3
1232,greenhouse,7530137003,https://job-boards.greenhouse.io/celonis/jobs/7530137003?gh_jid=7530137003,,,,,other,other,,,,Madrid,ES,,,,,other,,,0,,,,onsite,ES,Madrid,,unspecified,,,,,,,,in_review,"Title and role family are unknown, employment type is unspecified. | rule_review: missing_normalized_title",ollama,qwen2.5:7b,0.550,1,low_confidence|missing_normalized_title,low_confidence,2
355,greenhouse,6492597,https://job-boards.greenhouse.io/canonical/jobs/6492597,,,,,other,other,,,,,,,,,,,,,,,,,,,,,,,,,,,,,in_review,"Pred values are all 'other' or missing, indicating low confidence and ambiguity. | rule_review: missing_normalized_title,missing_role_family,too_many_core_fields_missing",ollama,qwen2.5:7b,0.150,1,low_confidence|missing_normalized_title|missing_role_family|too_many_core_fields_missing|sparse_output,low_confidence,5
1960,greenhouse,7335064,https://job-boards.greenhouse.io/capco/jobs/7335064,,,,,other,other,,,,US - Dallas,,,,,,other,,,0,,,,onsite,US,Dallas,unspecified,unspecified,,,,,,,,in_review,"Title and role family are not provided, location is partially specified (city but no country), salary details missing. | rule_review: missing_normalized_title",ollama,qwen2.5:7b,0.550,1,low_confidence|missing_normalized_title,low_confidence,1
1886,greenhouse,6776045,https://job-boards.greenhouse.io/capco/jobs/6776045,,,,,other,other,,,,Singapore,,,,,,other,,,0,,,,onsite,,Singapore,unspecified,unspecified,,,,,,,,in_review,"Location and country are specified, but other details are missing. | rule_review: missing_normalized_title",ollama,qwen2.5:7b,0.550,1,low_confidence|missing_normalized_title|location_without_country,low_confidence,1
1804,greenhouse,7123619,https://job-boards.greenhouse.io/capco/jobs/7123619,,,,,other,other,,,,Brazil - Sao Paulo,,,,,,other,,,0,,,,onsite,BR,Sao Paulo,unspecified,unspecified,,,,,,,,in_review,"Location and country are provided, but other details are missing. | rule_review: missing_normalized_title",ollama,qwen2.5:7b,0.550,1,low_confidence|missing_normalized_title,low_confidence,1
1067,greenhouse,6608924003,https://job-boards.greenhouse.io/celonis/jobs/6608924003?gh_jid=6608924003,,,,,other,other,,,,Madrid,ES,,,,,other,,,0,,,,onsite,ES,Madrid,,unspecified,,,,,,,,in_review,"Title and role family are unknown, employment type is unspecified. | rule_review: missing_normalized_title",ollama,qwen2.5:7b,0.550,1,low_confidence|missing_normalized_title,low_confidence,2
1247,greenhouse,7600168003,https://job-boards.greenhouse.io/celonis/jobs/7600168003?gh_jid=7600168003,,,,,other,other,,,,New York,US,,,,,other,,,0,,,,onsite,US,New York,unspecified,unspecified,,,,,,,,in_review,"Title and role family are unknown, experience and education details are missing, employment type is unspecified. | rule_review: missing_normalized_title",ollama,qwen2.5:7b,0.500,1,low_confidence|missing_normalized_title,low_confidence,1
1524,greenhouse,7651043,https://job-boards.greenhouse.io/capco/jobs/7651043,,,,,other,other,,,,US - Orlando,,,,,,other,,,0,,,,onsite,US,Orlando,unspecified,unspecified,,,,,,,,in_review,"Location and country are provided but not in a structured format, seniority and employment type are missing. | rule_review: missing_normalized_title",ollama,qwen2.5:7b,0.550,1,low_confidence|missing_normalized_title,low_confidence,1
1938,greenhouse,7593684,https://job-boards.greenhouse.io/capco/jobs/7593684,,,,,other,other,,,,UK - London,,,,,,other,,,0,,,,onsite,GB,London,unspecified,unspecified,,,,,,,,in_review,"Location and country are specified, but other details are missing. | rule_review: missing_normalized_title",ollama,qwen2.5:7b,0.550,1,low_confidence|missing_normalized_title,low_confidence,1
61,greenhouse,7505608,https://job-boards.greenhouse.io/smartsheet/jobs/7505608,,,,,other,other,,,,Miami,US,,,,,other,,,0,,,,onsite,US,Miami,unspecified,unspecified,,,,,,,,in_review,"Location and country are specified, but other details are missing. | rule_review: missing_normalized_title",ollama,qwen2.5:7b,0.550,1,low_confidence|missing_normalized_title,low_confidence,1
69,greenhouse,7629443,https://job-boards.greenhouse.io/smartsheet/jobs/7629443,,,,,other,other,,,,Bellevue,US,,,,,other,,,0,,,,onsite,US,Bellevue,unspecified,unspecified,,,,,,,,in_review,"Title and role family are not provided, experience and salary details are missing. | rule_review: missing_normalized_title",ollama,qwen2.5:7b,0.550,1,low_confidence|missing_normalized_title,low_confidence,1
988,greenhouse,7593663,https://job-boards.greenhouse.io/inthepocket/jobs/7593663,,,,,other,other,,,,Belgium,,,,,,other,,,0,,,,onsite,,,unspecified,unspecified,,,,,,,,in_review,"Location and employment type are specified, but other details are missing. | rule_review: missing_normalized_title,location_without_country",ollama,qwen2.5:7b,0.550,1,low_confidence|missing_normalized_title|location_without_country,low_confidence,1
1750,greenhouse,7582972,https://job-boards.greenhouse.io/capco/jobs/7582972,,,,,other,other,,,,UK - London,,,,,,other,,,0,,,,onsite,GB,London,unspecified,unspecified,,,,,,,,in_review,"Location and country are specified, but other details are missing. | rule_review: missing_normalized_title",ollama,qwen2.5:7b,0.550,1,low_confidence|missing_normalized_title,low_confidence,1
1813,greenhouse,7599991,https://job-boards.greenhouse.io/capco/jobs/7599991,,,,,other,other,,,,US - Charlotte,,,,,,other,,,0,,,,onsite,US,Charlotte,unspecified,unspecified,,,,,,,,in_review,"Location and country are specified, but other details are missing. | rule_review: missing_normalized_title",ollama,qwen2.5:7b,0.550,1,low_confidence|missing_normalized_title,low_confidence,1
1360,greenhouse,6783397,https://job-boards.greenhouse.io/appier/jobs/6783397,,,,,other,other,,,,Beijing,,,,,,other,,,0,,,,onsite,CN,Beijing,full_time,unspecified,,,,,,,,in_review,"Location and employment type are clear, but other details such as role family, experience, education level, salary, etc., are missing or ambiguous. | rule_review: missing_normalized_title",ollama,qwen2.5:7b,0.550,1,low_confidence|missing_normalized_title,low_confidence,1
1225,greenhouse,7608980003,https://job-boards.greenhouse.io/celonis/jobs/7608980003?gh_jid=7608980003,,,,,other,other,,,,Madrid,ES,,,,,other,,,0,,,,onsite,ES,Madrid,,unspecified,,,,,,,,in_review,"Title and role family are unknown, employment type is unspecified. | rule_review: missing_normalized_title",ollama,qwen2.5:7b,0.550,1,low_confidence|missing_normalized_title,low_confidence,2
1250,greenhouse,6320587003,https://job-boards.greenhouse.io/celonis/jobs/6320587003?gh_jid=6320587003,,,,,other,other,,,,Tokyo,,,,,,other,,,0,,,,onsite,,Tokyo,unspecified,unspecified,,,,,,,,in_review,"Location and country are specified, but other details are missing. | rule_review: missing_normalized_title",ollama,qwen2.5:7b,0.550,1,low_confidence|missing_normalized_title|location_without_country,low_confidence,1
927,greenhouse,7592100003,https://job-boards.greenhouse.io/truebill/jobs/7592100003,,,,,other,other,,,,San Francisco,NY,,,,,other,,,0,,,,,NY,San Francisco,,unspecified,,,,,,,,in_review,"Location information is ambiguous (NY vs San Francisco). Seniority and employment type are missing. | rule_review: missing_normalized_title,too_many_core_fields_missing",ollama,qwen2.5:7b,0.550,1,low_confidence|missing_normalized_title|too_many_core_fields_missing,low_confidence,3
1172,greenhouse,7576024003,https://job-boards.greenhouse.io/celonis/jobs/7576024003?gh_jid=7576024003,,,,,other,other,,,,Munich,DE,,,,,other,,,0,,,,onsite,DE,Munich,unspecified,unspecified,,,,,,,,in_review,"Title and role family are unknown, experience and education details are missing, employment type is unspecified. | rule_review: missing_normalized_title",ollama,qwen2.5:7b,0.500,1,low_confidence|missing_normalized_title,low_confidence,1
1685,greenhouse,7456432,https://job-boards.greenhouse.io/capco/jobs/7456432,,,,,other,other,,,,Brazil - Sao Paulo,,,,,,other,,,0,,,,onsite,BR,Sao Paulo,unspecified,unspecified,,,,,,,,in_review,"Location and country are provided, but other details are missing. | rule_review: missing_normalized_title",ollama,qwen2.5:7b,0.550,1,low_confidence|missing_normalized_title,low_confidence,1
123,greenhouse,7638863,https://job-boards.greenhouse.io/smartsheet/jobs/7638863,,,,,other,other,,,,Chicago,US,,,,,other,,,0,,,,onsite,US,Chicago,unspecified,unspecified,,,,,,,,in_review,"Title and role family are not provided, experience and salary details are missing. | rule_review: missing_normalized_title",ollama,qwen2.5:7b,0.550,1,low_confidence|missing_normalized_title,low_confidence,1
1751,greenhouse,7658016,https://job-boards.greenhouse.io/capco/jobs/7658016,,,,,other,other,,,,UK - London,,,,,,other,,,0,,,,onsite,GB,London,unspecified,unspecified,,,,,,,,in_review,"Location and country are specified, but other details are missing. | rule_review: missing_normalized_title",ollama,qwen2.5:7b,0.550,1,low_confidence|missing_normalized_title,low_confidence,1
528,greenhouse,6076909,https://job-boards.greenhouse.io/canonical/jobs/6076909,,,,,other,other,,,,,,,,,,,,,,,,,,,,,,,,,,,,,in_review,"Pred values are all 'other' or missing, indicating low confidence and ambiguity. | rule_review: missing_normalized_title,missing_role_family,too_many_core_fields_missing",ollama,qwen2.5:7b,0.150,1,low_confidence|missing_normalized_title|missing_role_family|too_many_core_fields_missing|sparse_output,low_confidence,5
1601,greenhouse,7141152,https://job-boards.greenhouse.io/capco/jobs/7141152,,,,,other,other,,,,US - Houston,,,,,,other,,,0,,,,onsite,US,Houston,unspecified,unspecified,,,,,,,,in_review,"Location and country are specified, but other details are missing. | rule_review: missing_normalized_title",ollama,qwen2.5:7b,0.550,1,low_confidence|missing_normalized_title,low_confidence,1
1115,greenhouse,7627937003,https://job-boards.greenhouse.io/celonis/jobs/7627937003?gh_jid=7627937003,,,,,other,other,,,,Madrid,ES,,,,,other,,,0,,,,onsite,ES,Madrid,,unspecified,,,,,,,,in_review,"Title and role family are unknown, employment type is unspecified. | rule_review: missing_normalized_title",ollama,qwen2.5:7b,0.550,1,low_confidence|missing_normalized_title,low_confidence,2
1002,greenhouse,4455251002,https://job-boards.greenhouse.io/levio/jobs/4455251002,,,,,other,other,,,,Calgary,,,,,,other,,,0,,,,onsite,CA,Calgary,full_time,unspecified,,,,,,,,in_review,"Location and employment type are clear, but other details are missing or ambiguous. | rule_review: missing_normalized_title",ollama,qwen2.5:7b,0.550,1,low_confidence|missing_normalized_title,low_confidence,1
197,greenhouse,7788016002,https://job-boards.greenhouse.io/gomotive/jobs/7788016002,,,,,other,other,,,,United States - Nashville,US,,,,,,,,,,,,onsite,US,United States - Nashville,,,,,,,,,,in_review,"Title and role family are unknown, employment type is unspecified. | rule_review: missing_normalized_title,missing_role_family,too_many_core_fields_missing",ollama,qwen2.5:7b,0.550,1,low_confidence|missing_normalized_title|missing_role_family|too_many_core_fields_missing|sparse_output,low_confidence,4
1407,greenhouse,6914984,https://job-boards.greenhouse.io/appier/jobs/6914984,,,,,other,other,,,,Taipei,,,,,,other,,,0,,,,onsite,TW,Taipei,,unspecified,,,,,,,,in_review,"City is specified but country is missing, and other fields are unknown. | rule_review: missing_normalized_title",ollama,qwen2.5:7b,0.550,1,low_confidence|missing_normalized_title,low_confidence,2
1915,greenhouse,7456452,https://job-boards.greenhouse.io/capco/jobs/7456452,,,,,other,other,,,,Brazil - Sao Paulo,,,,,,other,,,0,,,,onsite,BR,Sao Paulo,unspecified,unspecified,,,,,,,,in_review,"Location and country are provided, but other details are missing. | rule_review: missing_normalized_title",ollama,qwen2.5:7b,0.550,1,low_confidence|missing_normalized_title,low_confidence,1
464,greenhouse,1747487,https://job-boards.greenhouse.io/canonical/jobs/1747487,,,,,other,other,,,,,,,,,,,,,,,,,,,,,,,,,,,,,in_review,"Pred values are all 'other' or missing, indicating low confidence and ambiguity. | rule_review: missing_normalized_title,missing_role_family,too_many_core_fields_missing",ollama,qwen2.5:7b,0.150,1,low_confidence|missing_normalized_title|missing_role_family|too_many_core_fields_missing|sparse_output,low_confidence,5
1184,greenhouse,7540471003,https://job-boards.greenhouse.io/celonis/jobs/7540471003?gh_jid=7540471003,,,,,other,other,,,,Madrid,ES,,,,,other,,,0,,,,onsite,ES,Madrid,,unspecified,,,,,,,,in_review,"Title and role family are unknown, employment type is unspecified. | rule_review: missing_normalized_title",ollama,qwen2.5:7b,0.550,1,low_confidence|missing_normalized_title,low_confidence,2
402,greenhouse,6643484,https://job-boards.greenhouse.io/canonical/jobs/6643484,,,,,other,other,,,,,,,,,,,,,,,,,,,,,,,,,,,,,in_review,"Pred values are all 'other' or missing, indicating low confidence and ambiguity. | rule_review: missing_normalized_title,missing_role_family,too_many_core_fields_missing",ollama,qwen2.5:7b,0.150,1,low_confidence|missing_normalized_title|missing_role_family|too_many_core_fields_missing|sparse_output,low_confidence,5
1364,greenhouse,7493249,https://job-boards.greenhouse.io/appier/jobs/7493249,,,,,other,other,,,,Tokyo,,,,,,other,,,0,,,,onsite,,Tokyo,unspecified,unspecified,,,,,,,,in_review,"Location and country are specified, but other details are missing. | rule_review: missing_normalized_title",ollama,qwen2.5:7b,0.550,1,low_confidence|missing_normalized_title|location_without_country,low_confidence,1
68,greenhouse,7629449,https://job-boards.greenhouse.io/smartsheet/jobs/7629449,,,,,other,other,,,,Boston,US,,,,,other,,,0,,,,onsite,US,Boston,,unspecified,,,,,,,,in_review,"Title and role family are unknown, employment type is unspecified. | rule_review: missing_normalized_title",ollama,qwen2.5:7b,0.500,1,low_confidence|missing_normalized_title,low_confidence,2
1678,greenhouse,7241776,https://job-boards.greenhouse.io/capco/jobs/7241776,,,,,other,other,,,,India - Bengaluru,IN,,,,,,,,0,,,,onsite,IN,Bengaluru,unspecified,unspecified,,,,,,,,in_review,"Title and role family are not provided, experience and education details are missing, employment type is unspecified. | rule_review: missing_normalized_title,missing_role_family",ollama,qwen2.5:7b,0.550,1,low_confidence|missing_normalized_title|missing_role_family,low_confidence,2
369,greenhouse,5140562,https://job-boards.greenhouse.io/canonical/jobs/5140562,,,,,other,other,,,,,,,,,,,,,,,,,,,,,,,,,,,,,in_review,"Pred values are all 'other' or missing, indicating low confidence and ambiguity. | rule_review: missing_normalized_title,missing_role_family,too_many_core_fields_missing",ollama,qwen2.5:7b,0.150,1,low_confidence|missing_normalized_title|missing_role_family|too_many_core_fields_missing|sparse_output,low_confidence,5
1943,greenhouse,7578401,https://job-boards.greenhouse.io/capco/jobs/7578401,,,,,other,other,,,,,PL,,,,,other,,,0,,,,,PL,,,unspecified,,,,,,,,in_review,"Title and role family are not specified, experience and employment type are unknown. | rule_review: missing_normalized_title,too_many_core_fields_missing",ollama,qwen2.5:7b,0.500,1,low_confidence|missing_normalized_title|too_many_core_fields_missing,low_confidence,3
70,greenhouse,7645517,https://job-boards.greenhouse.io/smartsheet/jobs/7645517,,,,,other,other,,,,Sydney,AU,,,,,other,,,0,,,,onsite,AU,Sydney,,unspecified,,,,,,,,in_review,"Title and role family are unknown, employment type is unspecified. | rule_review: missing_normalized_title",ollama,qwen2.5:7b,0.500,1,low_confidence|missing_normalized_title,low_confidence,2
1164,greenhouse,7633386003,https://job-boards.greenhouse.io/celonis/jobs/7633386003?gh_jid=7633386003,,,,,other,other,,,,Paris,FR,,,,,other,,,0,,,,onsite,FR,Paris,,,,,,,,,,in_review,"Title and role family are unknown, employment type and seniority are unspecified. | rule_review: missing_normalized_title,too_many_core_fields_missing",ollama,qwen2.5:7b,0.500,1,low_confidence|missing_normalized_title|too_many_core_fields_missing,low_confidence,3
1377,greenhouse,7115125,https://job-boards.greenhouse.io/appier/jobs/7115125,,,,,other,other,,,,Tokyo,,,,,,other,,,0,,,,onsite,,Tokyo,unspecified,unspecified,,,,,,,,in_review,"Location and country are specified, but other details are missing. | rule_review: missing_normalized_title",ollama,qwen2.5:7b,0.550,1,low_confidence|missing_normalized_title|location_without_country,low_confidence,1
1581,greenhouse,7544448,https://job-boards.greenhouse.io/capco/jobs/7544448,,,,,other,other,,,,US - Houston,,,,,,other,,,0,,,,onsite,US,Houston,unspecified,unspecified,,,,,,,,in_review,"Location and country are specified, but other details are missing. | rule_review: missing_normalized_title",ollama,qwen2.5:7b,0.550,1,low_confidence|missing_normalized_title,low_confidence,1
592,greenhouse,4656591005,https://job-boards.greenhouse.io/gleanwork/jobs/4656591005,,,,,other,other,,,,Charlotte,,,,,,other,,,0,,,,onsite,US,Charlotte,unspecified,unspecified,,,,,,,,in_review,"Title and role family are unknown, location is assumed to be Charlotte, United States. | rule_review: missing_normalized_title",ollama,qwen2.5:7b,0.550,1,low_confidence|missing_normalized_title,low_confidence,1
427,greenhouse,5906570,https://job-boards.greenhouse.io/canonical/jobs/5906570,,,,,other,other,,,,,,,,,,,,,,,,,,,,,,,,,,,,,in_review,"Pred values are all 'other' or missing, indicating low confidence and ambiguity. | rule_review: missing_normalized_title,missing_role_family,too_many_core_fields_missing",ollama,qwen2.5:7b,0.150,1,low_confidence|missing_normalized_title|missing_role_family|too_many_core_fields_missing|sparse_output,low_confidence,5
1420,greenhouse,7582284,https://job-boards.greenhouse.io/appier/jobs/7582284,,,,,other,other,,,,Tokyo,,,,,,other,,,0,,,,onsite,,Tokyo,unspecified,unspecified,,,,,,,,in_review,"Location and country are specified, but other details are missing. | rule_review: missing_normalized_title",ollama,qwen2.5:7b,0.550,1,low_confidence|missing_normalized_title|location_without_country,low_confidence,1
709,greenhouse,4588653005,https://job-boards.greenhouse.io/gleanwork/jobs/4588653005,,,,,other,other,,,,Dallas,,,,,,other,,,0,,,,onsite,US,Dallas,full_time,unspecified,,,,,,,,in_review,"Title and role family are unknown, salary details are missing. | rule_review: missing_normalized_title",ollama,qwen2.5:7b,0.550,1,low_confidence|missing_normalized_title,low_confidence,1
1905,greenhouse,7559859,https://job-boards.greenhouse.io/capco/jobs/7559859,,,,,other,other,,,,Brazil - Sao Paulo,,,,,,other,,,0,,,,onsite,BR,Sao Paulo,unspecified,unspecified,,,,,,,,in_review,"Location and country are provided, but other details are missing. | rule_review: missing_normalized_title",ollama,qwen2.5:7b,0.550,1,low_confidence|missing_normalized_title,low_confidence,1
548,greenhouse,4605742005,https://job-boards.greenhouse.io/gleanwork/jobs/4605742005,,,,,other,other,,,,Japan,,,,,,other,,,0,,,,onsite,,,full_time,unspecified,,,,,,,,in_review,"Location and employment type are specified but other details are missing. | rule_review: missing_normalized_title,location_without_country",ollama,qwen2.5:7b,0.550,1,low_confidence|missing_normalized_title|location_without_country,low_confidence,1
1624,greenhouse,7411438,https://job-boards.greenhouse.io/capco/jobs/7411438,,,,,other,other,,,,US - New York,,,,,,other,,,0,,,,onsite,US,New York,unspecified,unspecified,,,,,,,,in_review,"Location and country are provided but not fully consistent, needs more context. | rule_review: missing_normalized_title",ollama,qwen2.5:7b,0.550,1,low_confidence|missing_normalized_title,low_confidence,1
972,greenhouse,7398239,https://job-boards.greenhouse.io/gofundme/jobs/7398239,,,,,other,other,,,,San Francisco,CA,,,,,other,,,0,,,,onsite,CA,San Francisco,,unspecified,,,,,,,,in_review,"Title and role family are not provided, employment type is missing, salary details are unknown. | rule_review: missing_normalized_title",ollama,qwen2.5:7b,0.550,1,low_confidence|missing_normalized_title,low_confidence,2
1276,greenhouse,7648582003,https://job-boards.greenhouse.io/celonis/jobs/7648582003?gh_jid=7648582003,,,,,other,other,,,,London,GB,,,,,other,,,0,,,,onsite,GB,London,unspecified,unspecified,,,,,,,,in_review,"Title and role family are unknown, experience and education details are missing, employment type is unspecified. | rule_review: missing_normalized_title",ollama,qwen2.5:7b,0.550,1,low_confidence|missing_normalized_title,low_confidence,1
1635,greenhouse,6299632,https://job-boards.greenhouse.io/capco/jobs/6299632,,,,,other,other,,,,Czech Republic - Brno,,,,,,,,,,,,,onsite,,Brno,unspecified,unspecified,,,,,,,,in_review,"Location and country are provided, but other details are missing or ambiguous. | rule_review: missing_normalized_title,missing_role_family",ollama,qwen2.5:7b,0.550,1,low_confidence|missing_normalized_title|missing_role_family|location_without_country,low_confidence,2
1292,greenhouse,6561949003,https://job-boards.greenhouse.io/celonis/jobs/6561949003?gh_jid=6561949003,,,,,other,other,,,,Redwood City,US,,,,,other,,,0,,,,onsite,US,Redwood City,unspecified,unspecified,,,,,,,,in_review,"Location and country are specified, but other details are missing or ambiguous. | rule_review: missing_normalized_title",ollama,qwen2.5:7b,0.550,1,low_confidence|missing_normalized_title,low_confidence,1
1546,greenhouse,7309792,https://job-boards.greenhouse.io/capco/jobs/7309792,,,,,other,other,,,,India - Bengaluru,IN,,,,,,,,0,,,,onsite,IN,Bengaluru,unspecified,unspecified,,,,,,,,in_review,"Title and role family are not provided, experience and education details are missing, employment type is unspecified. | rule_review: missing_normalized_title,missing_role_family",ollama,qwen2.5:7b,0.550,1,low_confidence|missing_normalized_title|missing_role_family,low_confidence,2
1950,greenhouse,7621505,https://job-boards.greenhouse.io/capco/jobs/7621505,,,,,other,other,,,,,IN,,,,,other,,,0,,,,,IN,,,unspecified,,,,,,,,in_review,"Title and role family are not specified, experience and employment type are unknown. | rule_review: missing_normalized_title,too_many_core_fields_missing",ollama,qwen2.5:7b,0.550,1,low_confidence|missing_normalized_title|too_many_core_fields_missing,low_confidence,3
33,greenhouse,6470457,https://job-boards.greenhouse.io/smartsheet/jobs/6470457,,,,,other,other,,,,Tokyo,,,,,,other,,,0,,,,onsite,,Tokyo,unspecified,unspecified,,,,,,,,in_review,"Location and country are specified, but other details are missing. | rule_review: missing_normalized_title",ollama,qwen2.5:7b,0.550,1,low_confidence|missing_normalized_title|location_without_country,low_confidence,1
1259,greenhouse,7609777003,https://job-boards.greenhouse.io/celonis/jobs/7609777003?gh_jid=7609777003,,,,,other,other,,,,Madrid,ES,,,,,other,,,0,,,,onsite,ES,Madrid,,unspecified,,,,,,,,in_review,"Title and role family are unknown, employment type is unspecified. | rule_review: missing_normalized_title",ollama,qwen2.5:7b,0.550,1,low_confidence|missing_normalized_title,low_confidence,2
1833,greenhouse,7657124,https://job-boards.greenhouse.io/capco/jobs/7657124,,,,,other,other,,,,Belgium - Brussels,,,,,,other,,,0,,,,onsite,,Brussels,unspecified,unspecified,,,,,,,,in_review,"Location and country are specified, but other details are missing. | rule_review: missing_normalized_title",ollama,qwen2.5:7b,0.550,1,low_confidence|missing_normalized_title|location_without_country,low_confidence,1
1931,greenhouse,7169044,https://job-boards.greenhouse.io/capco/jobs/7169044,,,,,other,other,,,,UK - London,,,,,,other,,,0,,,,onsite,GB,London,unspecified,unspecified,,,,,,,,in_review,"Location and country are specified, but other details are missing. | rule_review: missing_normalized_title",ollama,qwen2.5:7b,0.550,1,low_confidence|missing_normalized_title,low_confidence,1
292,greenhouse,5823852,https://job-boards.greenhouse.io/canonical/jobs/5823852,,,,,other,other,,,,,,,,,,,,,,,,,,,,,,,,,,,,,in_review,"Pred values are all 'other' or missing, indicating low confidence and ambiguity. | rule_review: missing_normalized_title,missing_role_family,too_many_core_fields_missing",ollama,qwen2.5:7b,0.150,1,low_confidence|missing_normalized_title|missing_role_family|too_many_core_fields_missing|sparse_output,low_confidence,5
1880,greenhouse,7609974,https://job-boards.greenhouse.io/capco/jobs/7609974,,,,,other,other,,,,,PL,,,,,other,,,0,,,,,PL,,,unspecified,,,,,,,,in_review,"Title and role family are not specified, experience and employment type are unknown. | rule_review: missing_normalized_title,too_many_core_fields_missing",ollama,qwen2.5:7b,0.500,1,low_confidence|missing_normalized_title|too_many_core_fields_missing,low_confidence,3
1240,greenhouse,7614049003,https://job-boards.greenhouse.io/celonis/jobs/7614049003?gh_jid=7614049003,,,,,other,other,,,,Paris,FR,,,,,other,,,0,,,,onsite,FR,Paris,,,,,,,,,,in_review,"Title and role family are unknown, employment type and seniority are unspecified. | rule_review: missing_normalized_title,too_many_core_fields_missing",ollama,qwen2.5:7b,0.500,1,low_confidence|missing_normalized_title|too_many_core_fields_missing,low_confidence,3
1480,greenhouse,7361123,https://job-boards.greenhouse.io/datacamp/jobs/7361123,,,,,other,other,,,,California,US,,,,,other,,,0,,,,onsite,US,California,,unspecified,,,,,,,,in_review,"Title and role family are unknown, employment type is unspecified. | rule_review: missing_normalized_title",ollama,qwen2.5:7b,0.550,1,low_confidence|missing_normalized_title,low_confidence,2
298,greenhouse,7646448,https://job-boards.greenhouse.io/canonical/jobs/7646448,,,,,other,other,,,,,,,,,,,,,,,,,,,,,,,,,,,,,in_review,"Pred values are all 'other' or missing, indicating low confidence and ambiguity. | rule_review: missing_normalized_title,missing_role_family,too_many_core_fields_missing",ollama,qwen2.5:7b,0.150,1,low_confidence|missing_normalized_title|missing_role_family|too_many_core_fields_missing|sparse_output,low_confidence,5
1224,greenhouse,6524477003,https://job-boards.greenhouse.io/celonis/jobs/6524477003?gh_jid=6524477003,,,,,other,other,,,,New York,US,,,,,other,,,0,,,,onsite,US,New York,unspecified,unspecified,,,,,,,,in_review,"Title and role family are unknown, experience and education details are missing, employment type is unspecified. | rule_review: missing_normalized_title",ollama,qwen2.5:7b,0.500,1,low_confidence|missing_normalized_title,low_confidence,1
731,greenhouse,4657292005,https://job-boards.greenhouse.io/gleanwork/jobs/4657292005,,,,,other,other,,,,Bangalore,IN,,,,,other,,,0,,,,onsite,IN,Bangalore,,unspecified,,,,,,,,in_review,"Title and role family are unknown, employment type is unspecified. | rule_review: missing_normalized_title",ollama,qwen2.5:7b,0.550,1,low_confidence|missing_normalized_title,low_confidence,2
1932,greenhouse,7661548,https://job-boards.greenhouse.io/capco/jobs/7661548,,,,,other,other,,,,,PL,,,,,other,,,0,,,,,PL,,,unspecified,,,,,,,,in_review,"Title and role family are not specified, experience and employment type are unknown. | rule_review: missing_normalized_title,too_many_core_fields_missing",ollama,qwen2.5:7b,0.500,1,low_confidence|missing_normalized_title|too_many_core_fields_missing,low_confidence,3
653,greenhouse,4640862005,https://job-boards.greenhouse.io/gleanwork/jobs/4640862005,,,,,other,other,,,,San Francisco,US,,,,,other,,,0,,,,onsite,US,San Francisco,,unspecified,,,,,,,,in_review,"Title and role family are unknown, employment type is unspecified. | rule_review: missing_normalized_title",ollama,qwen2.5:7b,0.500,1,low_confidence|missing_normalized_title,low_confidence,2
519,greenhouse,5075146,https://job-boards.greenhouse.io/canonical/jobs/5075146,,,,,other,other,,,,,,,,,,,,,,,,,,,,,,,,,,,,,in_review,"Pred values are all 'other' or missing, indicating low confidence and ambiguity. | rule_review: missing_normalized_title,missing_role_family,too_many_core_fields_missing",ollama,qwen2.5:7b,0.150,1,low_confidence|missing_normalized_title|missing_role_family|too_many_core_fields_missing|sparse_output,low_confidence,5
1101,greenhouse,7230213003,https://job-boards.greenhouse.io/celonis/jobs/7230213003?gh_jid=7230213003,,,,,other,other,,,,Munich,DE,,,,,other,,,0,,,,onsite,DE,Munich,unspecified,unspecified,,,,,,,,in_review,"Title and role family are unknown, experience and education details are missing, employment type is unspecified. | rule_review: missing_normalized_title",ollama,qwen2.5:7b,0.500,1,low_confidence|missing_normalized_title,low_confidence,1
1549,greenhouse,7548524,https://job-boards.greenhouse.io/capco/jobs/7548524,,,,,other,other,,,,Brazil - Sao Paulo,,,,,,other,,,0,,,,onsite,BR,Sao Paulo,unspecified,unspecified,,,,,,,,in_review,"Location and country are provided, but other details are missing. | rule_review: missing_normalized_title",ollama,qwen2.5:7b,0.550,1,low_confidence|missing_normalized_title,low_confidence,1
1234,greenhouse,7627738003,https://job-boards.greenhouse.io/celonis/jobs/7627738003?gh_jid=7627738003,,,,,other,other,,,,New York,US,,,,,other,,,0,,,,onsite,US,New York,unspecified,unspecified,,,,,,,,in_review,"Title and role family are unknown, experience and education details are missing, employment type is unspecified. | rule_review: missing_normalized_title",ollama,qwen2.5:7b,0.500,1,low_confidence|missing_normalized_title,low_confidence,1
1626,greenhouse,7525879,https://job-boards.greenhouse.io/capco/jobs/7525879,,,,,other,other,,,,India - Pune,IN,,,,,other,,,0,,,,onsite,IN,Pune,unspecified,unspecified,,,,,,,,in_review,"Location and country are specified, but other details are missing or ambiguous. | rule_review: missing_normalized_title",ollama,qwen2.5:7b,0.550,1,low_confidence|missing_normalized_title,low_confidence,1
1476,greenhouse,7083060,https://job-boards.greenhouse.io/datacamp/jobs/7083060,,,,,other,other,,,,Belgium,GB,,,,,other,,,0,,,,,GB,Belgium,,unspecified,,,,,,,,in_review,"Location information is ambiguous (Belgium in pred_city but GB in pred_country). | rule_review: missing_normalized_title,too_many_core_fields_missing",ollama,qwen2.5:7b,0.550,1,low_confidence|missing_normalized_title|too_many_core_fields_missing,low_confidence,3
1176,greenhouse,7532066003,https://job-boards.greenhouse.io/celonis/jobs/7532066003?gh_jid=7532066003,,,,,other,other,,,,Madrid,ES,,,,,other,,,0,,,,onsite,ES,Madrid,,unspecified,,,,,,,,in_review,"Title and role family are unknown, employment type is unspecified. | rule_review: missing_normalized_title",ollama,qwen2.5:7b,0.550,1,low_confidence|missing_normalized_title,low_confidence,2
536,greenhouse,6072086,https://job-boards.greenhouse.io/canonical/jobs/6072086,,,,,other,other,,,,,,,,,,,,,,,,,,,,,,,,,,,,,in_review,"Pred values are all 'other' or missing, indicating low confidence and ambiguity. | rule_review: missing_normalized_title,missing_role_family,too_many_core_fields_missing",ollama,qwen2.5:7b,0.150,1,low_confidence|missing_normalized_title|missing_role_family|too_many_core_fields_missing|sparse_output,low_confidence,5
1696,greenhouse,6896887,https://job-boards.greenhouse.io/capco/jobs/6896887,,,,,other,other,,,,Czech Republic - Brno,,,,,,,,,,,,,onsite,,Brno,unspecified,unspecified,,,,,,,,in_review,"Location and country are provided, but other details are missing or ambiguous. | rule_review: missing_normalized_title,missing_role_family",ollama,qwen2.5:7b,0.550,1,low_confidence|missing_normalized_title|missing_role_family|location_without_country,low_confidence,2
1803,greenhouse,7431289,https://job-boards.greenhouse.io/capco/jobs/7431289,,,,,other,other,,,,Malaysia - Kuala Lumpur,,,,,,,,,,,,,onsite,,Kuala Lumpur,unspecified,unspecified,,,,,,,,in_review,"Location and city are specified, but other details are missing or ambiguous. | rule_review: missing_normalized_title,missing_role_family",ollama,qwen2.5:7b,0.550,1,low_confidence|missing_normalized_title|missing_role_family|location_without_country,low_confidence,2
1809,greenhouse,7588659,https://job-boards.greenhouse.io/capco/jobs/7588659,,,,,other,other,,,,UK - London,,,,,,other,,,0,,,,onsite,GB,London,unspecified,unspecified,,,,,,,,in_review,"Location and country are specified, but other details are missing. | rule_review: missing_normalized_title",ollama,qwen2.5:7b,0.550,1,low_confidence|missing_normalized_title,low_confidence,1
1978,greenhouse,7208381,https://job-boards.greenhouse.io/mavensecuritiesholdingltd/jobs/7208381,,,,,other,other,,,,Amsterdam,NL,,,,,other,,,0,,,,onsite,NL,Amsterdam,,unspecified,,,,,,,,in_review,"Title and role family are unknown, employment type is unspecified. | rule_review: missing_normalized_title",ollama,qwen2.5:7b,0.550,1,low_confidence|missing_normalized_title,low_confidence,2
1110,greenhouse,7517493003,https://job-boards.greenhouse.io/celonis/jobs/7517493003?gh_jid=7517493003,,,,,other,other,,,,Munich,DE,,,,,other,,,0,,,,onsite,DE,Munich,unspecified,unspecified,,,,,,,,in_review,"Title and role family are unknown, experience and education details are missing, employment type is unspecified. | rule_review: missing_normalized_title",ollama,qwen2.5:7b,0.500,1,low_confidence|missing_normalized_title,low_confidence,1
1659,greenhouse,7556550,https://job-boards.greenhouse.io/capco/jobs/7556550,,,,,other,other,,,,,PL,,,,,other,,,0,,,,,PL,,,unspecified,,,,,,,,in_review,"Title and role family are not specified, experience and employment type are unknown. | rule_review: missing_normalized_title,too_many_core_fields_missing",ollama,qwen2.5:7b,0.500,1,low_confidence|missing_normalized_title|too_many_core_fields_missing,low_confidence,3
1628,greenhouse,7570849,https://job-boards.greenhouse.io/capco/jobs/7570849,,,,,other,other,,,,UK - London,,,,,,other,,,0,,,,onsite,GB,London,unspecified,unspecified,,,,,,,,in_review,"Location and country are specified, but other details are missing. | rule_review: missing_normalized_title",ollama,qwen2.5:7b,0.550,1,low_confidence|missing_normalized_title,low_confidence,1
1689,greenhouse,7626210,https://job-boards.greenhouse.io/capco/jobs/7626210,,,,,other,other,,,,,IN,,,,,other,,,0,,,,,IN,,,unspecified,,,,,,,,in_review,"Title and role family are not specified, experience and employment type are unknown. | rule_review: missing_normalized_title,too_many_core_fields_missing",ollama,qwen2.5:7b,0.550,1,low_confidence|missing_normalized_title|too_many_core_fields_missing,low_confidence,3
1580,greenhouse,7570364,https://job-boards.greenhouse.io/capco/jobs/7570364,,,,,other,other,,,,Thailand - Bangkok,,,,,,other,,,0,,,,onsite,,Bangkok,unspecified,unspecified,,,,,,,,in_review,"Location and country are specified, but other details are missing. | rule_review: missing_normalized_title",ollama,qwen2.5:7b,0.550,1,low_confidence|missing_normalized_title|location_without_country,low_confidence,1
546,greenhouse,4661933005,https://job-boards.greenhouse.io/gleanwork/jobs/4661933005,,,,,other,other,,,,New York City,,,,,,other,,,0,,,,onsite,US,New York City,full_time,unspecified,,,,,,,,in_review,"City and country are specified, but other details are missing. | rule_review: missing_normalized_title",ollama,qwen2.5:7b,0.500,1,low_confidence|missing_normalized_title,low_confidence,1
1516,greenhouse,7625868,https://job-boards.greenhouse.io/capco/jobs/7625868,,,,,other,other,,,,India - Bengaluru,IN,,,,,,,,0,,,,onsite,IN,Bengaluru,unspecified,unspecified,,,,,,,,in_review,"Title and role family are not provided, experience and education details are missing, employment type is unspecified. | rule_review: missing_normalized_title,missing_role_family",ollama,qwen2.5:7b,0.550,1,low_confidence|missing_normalized_title|missing_role_family,low_confidence,2
266,greenhouse,6448444,https://job-boards.greenhouse.io/canonical/jobs/6448444,,,,,other,other,,,,,,,,,,,,,,,,,,,,,,,,,,,,,in_review,"Pred values are all 'other' or missing, indicating low confidence and ambiguity. | rule_review: missing_normalized_title,missing_role_family,too_many_core_fields_missing",ollama,qwen2.5:7b,0.150,1,low_confidence|missing_normalized_title|missing_role_family|too_many_core_fields_missing|sparse_output,low_confidence,5
1884,greenhouse,7572673,https://job-boards.greenhouse.io/capco/jobs/7572673,,,,,other,other,,,,US - New York,,,,,,other,,,0,,,,onsite,US,New York,unspecified,unspecified,,,,,,,,in_review,"Location and country are provided but not fully consistent, needs more context. | rule_review: missing_normalized_title",ollama,qwen2.5:7b,0.550,1,low_confidence|missing_normalized_title,low_confidence,1
1208,greenhouse,7586202003,https://job-boards.greenhouse.io/celonis/jobs/7586202003?gh_jid=7586202003,,,,,other,other,,,,Munich,DE,,,,,other,,,0,,,,onsite,DE,Munich,unspecified,unspecified,,,,,,,,in_review,"Title and role family are unknown, experience and education details are missing, employment type is unspecified. | rule_review: missing_normalized_title",ollama,qwen2.5:7b,0.500,1,low_confidence|missing_normalized_title,low_confidence,1
1652,greenhouse,7558759,https://job-boards.greenhouse.io/capco/jobs/7558759,,,,,other,other,,,,US - New York,,,,,,other,,,0,,,,onsite,US,New York,unspecified,unspecified,,,,,,,,in_review,"Location and country are provided but not fully consistent, needs more context. | rule_review: missing_normalized_title",ollama,qwen2.5:7b,0.550,1,low_confidence|missing_normalized_title,low_confidence,1
956,greenhouse,7488758,https://job-boards.greenhouse.io/gofundme/jobs/7488758,,,,,other,other,,,,San Francisco,CA,,,,,other,,,0,,,,onsite,CA,San Francisco,,unspecified,,,,,,,,in_review,"Title and role family are not provided, employment type is missing, salary details are unknown. | rule_review: missing_normalized_title",ollama,qwen2.5:7b,0.550,1,low_confidence|missing_normalized_title,low_confidence,2
1369,greenhouse,5332115,https://job-boards.greenhouse.io/appier/jobs/5332115,,,,,other,other,,,,Taipei,,,,,,other,,,0,,,,onsite,TW,Taipei,,unspecified,,,,,,,,in_review,"City is specified but country is missing, and other fields are unknown. | rule_review: missing_normalized_title",ollama,qwen2.5:7b,0.550,1,low_confidence|missing_normalized_title,low_confidence,2
1911,greenhouse,7366771,https://job-boards.greenhouse.io/capco/jobs/7366771,,,,,other,other,,,,UK - London,,,,,,other,,,0,,,,onsite,GB,London,unspecified,unspecified,,,,,,,,in_review,"Location and country are specified, but other details are missing. | rule_review: missing_normalized_title",ollama,qwen2.5:7b,0.550,1,low_confidence|missing_normalized_title,low_confidence,1
305,greenhouse,3657756,https://job-boards.greenhouse.io/canonical/jobs/3657756,,,,,other,other,,,,,,,,,,,,,,,,,,,,,,,,,,,,,in_review,"Pred values are all 'other' or missing, indicating low confidence and ambiguity. | rule_review: missing_normalized_title,missing_role_family,too_many_core_fields_missing",ollama,qwen2.5:7b,0.150,1,low_confidence|missing_normalized_title|missing_role_family|too_many_core_fields_missing|sparse_output,low_confidence,5
289,greenhouse,6460571,https://job-boards.greenhouse.io/canonical/jobs/6460571,,,,,other,other,,,,,,,,,,,,,,,,,,,,,,,,,,,,,in_review,"Pred values are all 'other' or missing, indicating low confidence and ambiguity. | rule_review: missing_normalized_title,missing_role_family,too_many_core_fields_missing",ollama,qwen2.5:7b,0.150,1,low_confidence|missing_normalized_title|missing_role_family|too_many_core_fields_missing|sparse_output,low_confidence,5
359,greenhouse,5861481,https://job-boards.greenhouse.io/canonical/jobs/5861481,,,,,other,other,,,,Home Based - Americas,,,,,,,,,,,,,remote,,Home Based - Americas,unspecified,unspecified,,,,,,,,in_review,"Location is specified as 'Home Based - Americas', which could be interpreted in multiple ways, and other fields are missing. | rule_review: missing_normalized_title,missing_role_family",ollama,qwen2.5:7b,0.550,1,low_confidence|missing_normalized_title|missing_role_family|location_without_country,low_confidence,2
462,greenhouse,4468036,https://job-boards.greenhouse.io/canonical/jobs/4468036,,,,,other,other,,,,,,,,,,,,,,,,,,,,,,,,,,,,,in_review,"Pred values are all 'other' or missing, indicating low confidence and ambiguity. | rule_review: missing_normalized_title,missing_role_family,too_many_core_fields_missing",ollama,qwen2.5:7b,0.150,1,low_confidence|missing_normalized_title|missing_role_family|too_many_core_fields_missing|sparse_output,low_confidence,5
1064,greenhouse,7608399003,https://job-boards.greenhouse.io/celonis/jobs/7608399003?gh_jid=7608399003,,,,,other,other,,,,London,GB,,,,,other,,,0,,,,onsite,GB,London,unspecified,unspecified,,,,,,,,in_review,"Title and role family are unknown, experience and education details are missing, employment type is unspecified. | rule_review: missing_normalized_title",ollama,qwen2.5:7b,0.550,1,low_confidence|missing_normalized_title,low_confidence,1
122,greenhouse,7369444,https://job-boards.greenhouse.io/smartsheet/jobs/7369444,,,,,other,other,,,,Bangalore,IN,,,,,other,,,0,,,,onsite,IN,Bangalore,,unspecified,,,,,,,,in_review,"Title and role family are unknown, employment type is unspecified. | rule_review: missing_normalized_title",ollama,qwen2.5:7b,0.550,1,low_confidence|missing_normalized_title,low_confidence,2
1966,greenhouse,7615804,https://job-boards.greenhouse.io/capco/jobs/7615804,,,,,other,other,,,,,PL,,,,,other,,,0,,,,,PL,,,unspecified,,,,,,,,in_review,"Title and role family are not specified, experience and employment type are unknown. | rule_review: missing_normalized_title,too_many_core_fields_missing",ollama,qwen2.5:7b,0.500,1,low_confidence|missing_normalized_title|too_many_core_fields_missing,low_confidence,3
579,greenhouse,4520713005,https://job-boards.greenhouse.io/gleanwork/jobs/4520713005,,,,,other,other,,,,New York City,,,,,,other,,,0,,,,onsite,US,New York City,full_time,unspecified,,,,,,,,in_review,"City and country are specified, but other details are missing. | rule_review: missing_normalized_title",ollama,qwen2.5:7b,0.500,1,low_confidence|missing_normalized_title,low_confidence,1
714,greenhouse,4624272005,https://job-boards.greenhouse.io/gleanwork/jobs/4624272005,,,,,other,other,,,,Bangalore,IN,,,,,other,,,0,,,,onsite,IN,Bangalore,,unspecified,,,,,,,,in_review,"Title and role family are unknown, employment type is unspecified. | rule_review: missing_normalized_title",ollama,qwen2.5:7b,0.550,1,low_confidence|missing_normalized_title,low_confidence,2
1967,greenhouse,7619015,https://job-boards.greenhouse.io/capco/jobs/7619015,,,,,other,other,,,,,IN,,,,,other,,,0,,,,,IN,,,unspecified,,,,,,,,in_review,"Title and role family are not specified, experience and employment type are unknown. | rule_review: missing_normalized_title,too_many_core_fields_missing",ollama,qwen2.5:7b,0.550,1,low_confidence|missing_normalized_title|too_many_core_fields_missing,low_confidence,3
362,greenhouse,7334725,https://job-boards.greenhouse.io/canonical/jobs/7334725,,,,,other,other,,,,,,,,,,,,,,,,,,,,,,,,,,,,,in_review,"Pred values are all 'other' or missing, indicating low confidence and ambiguity. | rule_review: missing_normalized_title,missing_role_family,too_many_core_fields_missing",ollama,qwen2.5:7b,0.150,1,low_confidence|missing_normalized_title|missing_role_family|too_many_core_fields_missing|sparse_output,low_confidence,5
1287,greenhouse,7562875003,https://job-boards.greenhouse.io/celonis/jobs/7562875003?gh_jid=7562875003,,,,,other,other,,,,Bangalore,IN,,,,,other,,,0,,,,onsite,IN,Bangalore,,unspecified,,,,,,,,in_review,"Title and role family are unknown, employment type is unspecified. | rule_review: missing_normalized_title",ollama,qwen2.5:7b,0.550,1,low_confidence|missing_normalized_title,low_confidence,2
1171,greenhouse,7606552003,https://job-boards.greenhouse.io/celonis/jobs/7606552003?gh_jid=7606552003,,,,,other,other,,,,London,GB,,,,,other,,,0,,,,onsite,GB,London,unspecified,unspecified,,,,,,,,in_review,"Title and role family are unknown, experience and education details are missing, employment type is unspecified. | rule_review: missing_normalized_title",ollama,qwen2.5:7b,0.550,1,low_confidence|missing_normalized_title,low_confidence,1
459,greenhouse,5359697,https://job-boards.greenhouse.io/canonical/jobs/5359697,,,,,other,other,,,,Home Based - Americas,,,,,,,,,,,,,remote,,Home Based - Americas,unspecified,unspecified,,,,,,,,in_review,"Location is specified as 'Home Based - Americas', which could be interpreted in multiple ways, and other fields are missing. | rule_review: missing_normalized_title,missing_role_family",ollama,qwen2.5:7b,0.550,1,low_confidence|missing_normalized_title|missing_role_family|location_without_country,low_confidence,2
1435,greenhouse,7185407,https://job-boards.greenhouse.io/appier/jobs/7185407,,,,,other,other,,,,Taipei,,,,,,other,,,0,,,,onsite,TW,Taipei,,unspecified,,,,,,,,in_review,"City is specified but country is missing, and other fields are unknown. | rule_review: missing_normalized_title",ollama,qwen2.5:7b,0.550,1,low_confidence|missing_normalized_title,low_confidence,2
1639,greenhouse,7168449,https://job-boards.greenhouse.io/capco/jobs/7168449,,,,,other,other,,,,India - Bengaluru,IN,,,,,,,,0,,,,onsite,IN,Bengaluru,unspecified,unspecified,,,,,,,,in_review,"Title and role family are not provided, experience and education details are missing, employment type is unspecified. | rule_review: missing_normalized_title,missing_role_family",ollama,qwen2.5:7b,0.550,1,low_confidence|missing_normalized_title|missing_role_family,low_confidence,2
1295,greenhouse,7621083003,https://job-boards.greenhouse.io/celonis/jobs/7621083003?gh_jid=7621083003,,,,,other,other,,,,New York,US,,,,,other,,,0,,,,onsite,US,New York,unspecified,unspecified,,,,,,,,in_review,"Title and role family are unknown, experience and education details are missing, employment type is unspecified. | rule_review: missing_normalized_title",ollama,qwen2.5:7b,0.500,1,low_confidence|missing_normalized_title,low_confidence,1
1737,greenhouse,7653275,https://job-boards.greenhouse.io/capco/jobs/7653275,,,,,other,other,,,,Belgium - Brussels,,,,,,other,,,0,,,,onsite,,Brussels,unspecified,unspecified,,,,,,,,in_review,"Location and country are specified, but other details are missing. | rule_review: missing_normalized_title",ollama,qwen2.5:7b,0.550,1,low_confidence|missing_normalized_title|location_without_country,low_confidence,1
345,greenhouse,5291040,https://job-boards.greenhouse.io/canonical/jobs/5291040,,,,,other,other,,,,Home Based - Americas,,,,,,,,,,,,,remote,,Home Based - Americas,unspecified,unspecified,,,,,,,,in_review,"Location is specified as 'Home Based - Americas', which could be interpreted in multiple ways, and other fields are missing. | rule_review: missing_normalized_title,missing_role_family",ollama,qwen2.5:7b,0.550,1,low_confidence|missing_normalized_title|missing_role_family|location_without_country,low_confidence,2
1882,greenhouse,7532921,https://job-boards.greenhouse.io/capco/jobs/7532921,,,,,other,other,,,,China - Hong Kong,,,,,,,,,,,,,,CN,Hong Kong,,,,,,,,,,in_review,"Location information is partially provided, country and city are specified but the location type is unknown. Confidence is below threshold. | rule_review: missing_normalized_title,missing_role_family,too_many_core_fields_missing",ollama,qwen2.5:7b,0.550,1,low_confidence|missing_normalized_title|missing_role_family|too_many_core_fields_missing|sparse_output,low_confidence,5
1402,greenhouse,7343057,https://job-boards.greenhouse.io/appier/jobs/7343057,,,,,other,other,,,,Tokyo,,,,,,other,,,0,,,,onsite,,Tokyo,unspecified,unspecified,,,,,,,,in_review,"Location and country are specified, but other details are missing. | rule_review: missing_normalized_title",ollama,qwen2.5:7b,0.550,1,low_confidence|missing_normalized_title|location_without_country,low_confidence,1
730,greenhouse,4659383005,https://job-boards.greenhouse.io/gleanwork/jobs/4659383005,,,,,other,other,,,,Bangalore,IN,,,,,other,,,0,,,,onsite,IN,Bangalore,,unspecified,,,,,,,,in_review,"Title and role family are unknown, employment type is unspecified. | rule_review: missing_normalized_title",ollama,qwen2.5:7b,0.550,1,low_confidence|missing_normalized_title,low_confidence,2
358,greenhouse,6980706,https://job-boards.greenhouse.io/canonical/jobs/6980706,,,,,other,other,,,,,,,,,,,,,,,,,,,,,,,,,,,,,in_review,"Pred values are all 'other' or missing, indicating low confidence and ambiguity. | rule_review: missing_normalized_title,missing_role_family,too_many_core_fields_missing",ollama,qwen2.5:7b,0.150,1,low_confidence|missing_normalized_title|missing_role_family|too_many_core_fields_missing|sparse_output,low_confidence,5
1657,greenhouse,7618782,https://job-boards.greenhouse.io/capco/jobs/7618782,,,,,other,other,,,,India - Bengaluru,IN,,,,,,,,0,,,,onsite,IN,Bengaluru,unspecified,unspecified,,,,,,,,in_review,"Title and role family are not provided, experience and education details are missing, employment type is unspecified. | rule_review: missing_normalized_title,missing_role_family",ollama,qwen2.5:7b,0.550,1,low_confidence|missing_normalized_title|missing_role_family,low_confidence,2
1393,greenhouse,7372293,https://job-boards.greenhouse.io/appier/jobs/7372293,,,,,other,other,,,,Jakarta,,,,,,other,,,0,,,,onsite,,Jakarta,,,,,,,,,,in_review,"Title and role family are unknown, location country is inferred from city. | rule_review: missing_normalized_title,too_many_core_fields_missing",ollama,qwen2.5:7b,0.550,1,low_confidence|missing_normalized_title|location_without_country|too_many_core_fields_missing,low_confidence,3
1634,greenhouse,5576793,https://job-boards.greenhouse.io/capco/jobs/5576793,,,,,other,other,,,,Czech Republic - Prague,,,,,,other,,,0,,,,onsite,,Prague,unspecified,unspecified,,,,,,,,in_review,"Location and country are specified, but other details are missing or ambiguous. | rule_review: missing_normalized_title",ollama,qwen2.5:7b,0.550,1,low_confidence|missing_normalized_title|location_without_country,low_confidence,1
1304,greenhouse,7493242003,https://job-boards.greenhouse.io/celonis/jobs/7493242003?gh_jid=7493242003,,,,,other,other,,,,Bangalore,IN,,,,,other,,,0,,,,onsite,IN,Bangalore,,unspecified,,,,,,,,in_review,"Title and role family are unknown, employment type is unspecified. | rule_review: missing_normalized_title",ollama,qwen2.5:7b,0.550,1,low_confidence|missing_normalized_title,low_confidence,2
667,greenhouse,4657520005,https://job-boards.greenhouse.io/gleanwork/jobs/4657520005,,,,,other,other,,,,San Francisco Bay Area,,,,,,other,,,0,,,,onsite,US,San Francisco Bay Area,full_time,unspecified,,,,,,,,in_review,City is specified but country is unknown; salary details are missing. | rule_review: missing_normalized_title,ollama,qwen2.5:7b,0.550,1,low_confidence|missing_normalized_title,low_confidence,1
275,greenhouse,6132532,https://job-boards.greenhouse.io/canonical/jobs/6132532,,,,,other,other,,,,,,,,,,,,,,,,,,,,,,,,,,,,,in_review,"Pred values are all 'other' or missing, indicating low confidence and ambiguity. | rule_review: missing_normalized_title,missing_role_family,too_many_core_fields_missing",ollama,qwen2.5:7b,0.150,1,low_confidence|missing_normalized_title|missing_role_family|too_many_core_fields_missing|sparse_output,low_confidence,5
637,greenhouse,4600865005,https://job-boards.greenhouse.io/gleanwork/jobs/4600865005,,,,,other,other,,,,San Francisco Bay Area,,,,,,other,,,0,,,,onsite,US,San Francisco Bay Area,full_time,unspecified,,,,,,,,in_review,City is specified but country is unknown; salary details are missing. | rule_review: missing_normalized_title,ollama,qwen2.5:7b,0.550,1,low_confidence|missing_normalized_title,low_confidence,1
1560,greenhouse,7095488,https://job-boards.greenhouse.io/capco/jobs/7095488,,,,,other,other,,,,India - Mumbai,IN,,,,,other,,,0,,,,onsite,IN,Mumbai,unspecified,unspecified,,,,,,,,in_review,"Location and country are specified, but other details are missing or unknown. | rule_review: missing_normalized_title",ollama,qwen2.5:7b,0.550,1,low_confidence|missing_normalized_title,low_confidence,1
487,greenhouse,6222476,https://job-boards.greenhouse.io/canonical/jobs/6222476,,,,,other,other,,,,Home Based - Americas,,,,,,,,,,,,,remote,,Home Based - Americas,unspecified,unspecified,,,,,,,,in_review,"Location is specified as 'Home Based - Americas', which could be interpreted in multiple ways, and other fields are missing. | rule_review: missing_normalized_title,missing_role_family",ollama,qwen2.5:7b,0.550,1,low_confidence|missing_normalized_title|missing_role_family|location_without_country,low_confidence,2
1316,greenhouse,7618766003,https://job-boards.greenhouse.io/celonis/jobs/7618766003?gh_jid=7618766003,,,,,other,other,,,,Raleigh,US,,,,,other,,,0,,,,onsite,US,Raleigh,unspecified,unspecified,,,,,,,,in_review,"Title and role family are unknown, experience and education details are missing, employment type is unspecified. | rule_review: missing_normalized_title",ollama,qwen2.5:7b,0.550,1,low_confidence|missing_normalized_title,low_confidence,1
1617,greenhouse,7536407,https://job-boards.greenhouse.io/capco/jobs/7536407,,,,,other,other,,,,US - New York,,,,,,other,,,0,,,,onsite,US,New York,unspecified,unspecified,,,,,,,,in_review,"Location and country are provided but not fully consistent, needs more context. | rule_review: missing_normalized_title",ollama,qwen2.5:7b,0.550,1,low_confidence|missing_normalized_title,low_confidence,1
994,greenhouse,8425563002,https://job-boards.greenhouse.io/levio/jobs/8425563002,,,,,other,other,,,,Montreal,CA,,,,,other,,,0,,,,onsite,CA,Montreal,,unspecified,,,,,,,,in_review,"Title and role family are unknown, employment type is unspecified. | rule_review: missing_normalized_title",ollama,qwen2.5:7b,0.550,1,low_confidence|missing_normalized_title,low_confidence,2
364,greenhouse,6394147,https://job-boards.greenhouse.io/canonical/jobs/6394147,,,,,other,other,,,,,,,,,,,,,,,,,,,,,,,,,,,,,in_review,"Pred values are all 'other' or missing, indicating low confidence and ambiguity. | rule_review: missing_normalized_title,missing_role_family,too_many_core_fields_missing",ollama,qwen2.5:7b,0.150,1,low_confidence|missing_normalized_title|missing_role_family|too_many_core_fields_missing|sparse_output,low_confidence,5
1357,greenhouse,6677419,https://job-boards.greenhouse.io/appier/jobs/6677419,,,,,other,other,,,,San Francisco,US,,,,,other,,,0,,,,onsite,US,San Francisco,,unspecified,,,,,,,,in_review,"Title and role family are unknown, employment type is unspecified. | rule_review: missing_normalized_title",ollama,qwen2.5:7b,0.500,1,low_confidence|missing_normalized_title,low_confidence,2
1945,greenhouse,7613220,https://job-boards.greenhouse.io/capco/jobs/7613220,,,,,other,other,,,,China - Hong Kong,,,,,,,,,,,,,,CN,Hong Kong,,,,,,,,,,in_review,"Location information is partially provided, country and city are specified but the location type is unknown. Confidence is below threshold. | rule_review: missing_normalized_title,missing_role_family,too_many_core_fields_missing",ollama,qwen2.5:7b,0.550,1,low_confidence|missing_normalized_title|missing_role_family|too_many_core_fields_missing|sparse_output,low_confidence,5
983,greenhouse,7183520,https://job-boards.greenhouse.io/gofundme/jobs/7183520,,,,,other,other,,,,San Francisco,CA,,,,,other,,,0,,,,onsite,CA,San Francisco,,unspecified,,,,,,,,in_review,"Title and role family are not provided, employment type is missing, salary details are unknown. | rule_review: missing_normalized_title",ollama,qwen2.5:7b,0.550,1,low_confidence|missing_normalized_title,low_confidence,2
297,greenhouse,6189337,https://job-boards.greenhouse.io/canonical/jobs/6189337,,,,,other,other,,,,,,,,,,,,,,,,,,,,,,,,,,,,,in_review,"Pred values are all 'other' or missing, indicating low confidence and ambiguity. | rule_review: missing_normalized_title,missing_role_family,too_many_core_fields_missing",ollama,qwen2.5:7b,0.150,1,low_confidence|missing_normalized_title|missing_role_family|too_many_core_fields_missing|sparse_output,low_confidence,5
1204,greenhouse,7566091003,https://job-boards.greenhouse.io/celonis/jobs/7566091003?gh_jid=7566091003,,,,,other,other,,,,Madrid,ES,,,,,other,,,0,,,,onsite,ES,Madrid,,unspecified,,,,,,,,in_review,"Title and role family are unknown, employment type is unspecified. | rule_review: missing_normalized_title",ollama,qwen2.5:7b,0.550,1,low_confidence|missing_normalized_title,low_confidence,2
1832,greenhouse,6920243,https://job-boards.greenhouse.io/capco/jobs/6920243,,,,,other,other,,,,Malaysia - Kuala Lumpur,,,,,,,,,,,,,onsite,,Kuala Lumpur,unspecified,unspecified,,,,,,,,in_review,"Location and city are specified, but other details are missing or ambiguous. | rule_review: missing_normalized_title,missing_role_family",ollama,qwen2.5:7b,0.550,1,low_confidence|missing_normalized_title|missing_role_family|location_without_country,low_confidence,2
1539,greenhouse,7253483,https://job-boards.greenhouse.io/capco/jobs/7253483,,,,,other,other,,,,India - Bengaluru,IN,,,,,,,,0,,,,onsite,IN,Bengaluru,unspecified,unspecified,,,,,,,,in_review,"Title and role family are not provided, experience and education details are missing, employment type is unspecified. | rule_review: missing_normalized_title,missing_role_family",ollama,qwen2.5:7b,0.550,1,low_confidence|missing_normalized_title|missing_role_family,low_confidence,2
1537,greenhouse,7663121,https://job-boards.greenhouse.io/capco/jobs/7663121,,,,,other,other,,,,US - New York,,,,,,other,,,0,,,,onsite,US,New York,unspecified,unspecified,,,,,,,,in_review,"Location and country are provided but not fully consistent, needs more context. | rule_review: missing_normalized_title",ollama,qwen2.5:7b,0.550,1,low_confidence|missing_normalized_title,low_confidence,1
538,greenhouse,2804965,https://job-boards.greenhouse.io/canonical/jobs/2804965,,,,,other,other,,,,,,,,,,,,,,,,,,,,,,,,,,,,,in_review,"Pred values are all 'other' or missing, indicating low confidence and ambiguity. | rule_review: missing_normalized_title,missing_role_family,too_many_core_fields_missing",ollama,qwen2.5:7b,0.150,1,low_confidence|missing_normalized_title|missing_role_family|too_many_core_fields_missing|sparse_output,low_confidence,5
1431,greenhouse,6820898,https://job-boards.greenhouse.io/appier/jobs/6820898,,,,,other,other,,,,Taipei,,,,,,other,,,0,,,,onsite,TW,Taipei,,unspecified,,,,,,,,in_review,"City is specified but country is missing, and other fields are unknown. | rule_review: missing_normalized_title",ollama,qwen2.5:7b,0.550,1,low_confidence|missing_normalized_title,low_confidence,2
1970,greenhouse,7534076,https://job-boards.greenhouse.io/capco/jobs/7534076,,,,,other,other,,,,UK - London,,,,,,other,,,0,,,,onsite,GB,London,unspecified,unspecified,,,,,,,,in_review,"Location and country are specified, but other details are missing. | rule_review: missing_normalized_title",ollama,qwen2.5:7b,0.550,1,low_confidence|missing_normalized_title,low_confidence,1
1940,greenhouse,7365335,https://job-boards.greenhouse.io/capco/jobs/7365335,,,,,other,other,,,,Canada - Toronto,CA,,,,,,,,,,,,onsite,CA,Canada - Toronto,unspecified,unspecified,,,,,,,,in_review,"Title and role family are not provided, experience, education level, employment type, seniority, salary details, and tools/tech are unknown. | rule_review: missing_normalized_title,missing_role_family",ollama,qwen2.5:7b,0.550,1,low_confidence|missing_normalized_title|missing_role_family,low_confidence,2
1133,greenhouse,6048490003,https://job-boards.greenhouse.io/celonis/jobs/6048490003?gh_jid=6048490003,,,,,other,other,,,,Munich,DE,,,,,other,,,0,,,,onsite,DE,Munich,unspecified,unspecified,,,,,,,,in_review,"Title and role family are unknown, experience and education details are missing, employment type is unspecified. | rule_review: missing_normalized_title",ollama,qwen2.5:7b,0.500,1,low_confidence|missing_normalized_title,low_confidence,1
1396,greenhouse,1510668,https://job-boards.greenhouse.io/appier/jobs/1510668,,,,,other,other,,,,Tokyo,,,,,,other,,,0,,,,onsite,,Tokyo,unspecified,unspecified,,,,,,,,in_review,"Location and country are specified, but other details are missing. | rule_review: missing_normalized_title",ollama,qwen2.5:7b,0.550,1,low_confidence|missing_normalized_title|location_without_country,low_confidence,1
75,greenhouse,7425784,https://job-boards.greenhouse.io/smartsheet/jobs/7425784,,,,,other,other,,,,Bangalore,IN,,,,,other,,,0,,,,onsite,IN,Bangalore,,unspecified,,,,,,,,in_review,"Title and role family are unknown, employment type is unspecified. | rule_review: missing_normalized_title",ollama,qwen2.5:7b,0.550,1,low_confidence|missing_normalized_title,low_confidence,2
1660,greenhouse,7379906,https://job-boards.greenhouse.io/capco/jobs/7379906,,,,,other,other,,,,Brazil - Sao Paulo,,,,,,other,,,0,,,,onsite,BR,Sao Paulo,unspecified,unspecified,,,,,,,,in_review,"Location and country are provided, but other details are missing. | rule_review: missing_normalized_title",ollama,qwen2.5:7b,0.550,1,low_confidence|missing_normalized_title,low_confidence,1
1475,greenhouse,7619318,https://job-boards.greenhouse.io/datacamp/jobs/7619318,,,,,other,other,,,,Belgium,US,,,,,other,,,0,,,,onsite,US,Belgium,,unspecified,,,,,,,,in_review,Location is ambiguous (Belgium in US context) | rule_review: missing_normalized_title,ollama,qwen2.5:7b,0.550,1,low_confidence|missing_normalized_title,low_confidence,2
1478,greenhouse,7324825,https://job-boards.greenhouse.io/datacamp/jobs/7324825,,,,,other,other,,,,London,GB,,,,,other,,,0,,,,onsite,GB,London,unspecified,unspecified,,,,,,,,in_review,"Title and role family are unknown, experience and education details are missing, employment type is unspecified. | rule_review: missing_normalized_title",ollama,qwen2.5:7b,0.550,1,low_confidence|missing_normalized_title,low_confidence,1
1426,greenhouse,7019766,https://job-boards.greenhouse.io/appier/jobs/7019766,,,,,other,other,,,,Tokyo,,,,,,other,,,0,,,,onsite,,Tokyo,unspecified,unspecified,,,,,,,,in_review,"Location and country are specified, but other details are missing. | rule_review: missing_normalized_title",ollama,qwen2.5:7b,0.550,1,low_confidence|missing_normalized_title|location_without_country,low_confidence,1
595,greenhouse,4652361005,https://job-boards.greenhouse.io/gleanwork/jobs/4652361005,,,,,other,other,,,,London,GB,,,,,other,,,0,,,,onsite,GB,London,unspecified,unspecified,,,,,,,,in_review,"Title and role family are unknown, experience and education details are missing, employment type is unspecified. | rule_review: missing_normalized_title",ollama,qwen2.5:7b,0.550,1,low_confidence|missing_normalized_title,low_confidence,1
1854,greenhouse,7558766,https://job-boards.greenhouse.io/capco/jobs/7558766,,,,,other,other,,,,Canada - Toronto,CA,,,,,,,,,,,,onsite,CA,Canada - Toronto,unspecified,unspecified,,,,,,,,in_review,"Title and role family are not provided, experience, education level, employment type, seniority, salary details, and tools/tech are unknown. | rule_review: missing_normalized_title,missing_role_family",ollama,qwen2.5:7b,0.550,1,low_confidence|missing_normalized_title|missing_role_family,low_confidence,2
1418,greenhouse,6568368,https://job-boards.greenhouse.io/appier/jobs/6568368,,,,,other,other,,,,Taipei,,,,,,other,,,0,,,,onsite,TW,Taipei,,unspecified,,,,,,,,in_review,"City is specified but country is missing, and other fields are unknown. | rule_review: missing_normalized_title",ollama,qwen2.5:7b,0.550,1,low_confidence|missing_normalized_title,low_confidence,2
87,greenhouse,7641389,https://job-boards.greenhouse.io/smartsheet/jobs/7641389,,,,,other,other,,,,San Jose,CR,,,,,other,,,0,,,,onsite,CR,San Jose,,unspecified,,,,,,,,in_review,"Location and country are specified, but other details are missing. | rule_review: missing_normalized_title",ollama,qwen2.5:7b,0.550,1,low_confidence|missing_normalized_title,low_confidence,2
1163,greenhouse,7640708003,https://job-boards.greenhouse.io/celonis/jobs/7640708003?gh_jid=7640708003,,,,,other,other,,,,Copenhagen,,,,,,other,,,0,,,,onsite,,Copenhagen,unspecified,unspecified,,,,,,,,in_review,"City and country are known, but other details are missing or ambiguous. | rule_review: missing_normalized_title",ollama,qwen2.5:7b,0.550,1,low_confidence|missing_normalized_title|location_without_country,low_confidence,1
114,greenhouse,7384222,https://job-boards.greenhouse.io/smartsheet/jobs/7384222,,,,,other,other,,,,Bangalore,IN,,,,,other,,,0,,,,onsite,IN,Bangalore,,unspecified,,,,,,,,in_review,"Title and role family are unknown, employment type is unspecified. | rule_review: missing_normalized_title",ollama,qwen2.5:7b,0.550,1,low_confidence|missing_normalized_title,low_confidence,2
428,greenhouse,2955155,https://job-boards.greenhouse.io/canonical/jobs/2955155,,,,,other,other,,,,London,GB,,,,,other,,,0,,,,onsite,GB,London,unspecified,unspecified,,,,,,,,in_review,"Title and role family are unknown, experience and education details are missing, employment type is unspecified. | rule_review: missing_normalized_title",ollama,qwen2.5:7b,0.550,1,low_confidence|missing_normalized_title,low_confidence,1
386,greenhouse,6633605,https://job-boards.greenhouse.io/canonical/jobs/6633605,,,,,other,other,,,,,,,,,,,,,,,,,,,,,,,,,,,,,in_review,"Pred values are all 'other' or missing, indicating low confidence and ambiguity. | rule_review: missing_normalized_title,missing_role_family,too_many_core_fields_missing",ollama,qwen2.5:7b,0.150,1,low_confidence|missing_normalized_title|missing_role_family|too_many_core_fields_missing|sparse_output,low_confidence,5
397,greenhouse,5396437,https://job-boards.greenhouse.io/canonical/jobs/5396437,,,,,other,other,,,,Beijing,,,,,,other,,,0,,,,onsite,CN,Beijing,full_time,unspecified,,,,,,,,in_review,"Location and employment type are clear, but other details such as role family, experience, education level, salary, etc., are missing or ambiguous. | rule_review: missing_normalized_title",ollama,qwen2.5:7b,0.550,1,low_confidence|missing_normalized_title,low_confidence,1
657,greenhouse,4486297005,https://job-boards.greenhouse.io/gleanwork/jobs/4486297005,,,,,other,other,,,,Nashville,TN,,,,,other,,,0,,,,,TN,Nashville,,unspecified,,,,,,,,in_review,"Location is given as TN which could be the state abbreviation for Tennessee or a country code, needs clarification. | rule_review: missing_normalized_title,too_many_core_fields_missing",ollama,qwen2.5:7b,0.550,1,low_confidence|missing_normalized_title|too_many_core_fields_missing,low_confidence,3
1375,greenhouse,1501726,https://job-boards.greenhouse.io/appier/jobs/1501726,,,,,other,other,,,,Taipei,,,,,,other,,,0,,,,onsite,TW,Taipei,,unspecified,,,,,,,,in_review,"City is specified but country is missing, and other fields are unknown. | rule_review: missing_normalized_title",ollama,qwen2.5:7b,0.550,1,low_confidence|missing_normalized_title,low_confidence,2
410,greenhouse,7490812,https://job-boards.greenhouse.io/canonical/jobs/7490812,,,,,other,other,,,,Home Based - Americas,,,,,,,,,,,,,remote,,Home Based - Americas,unspecified,unspecified,,,,,,,,in_review,"Location is specified as 'Home Based - Americas', which could be interpreted in multiple ways, and other fields are missing. | rule_review: missing_normalized_title,missing_role_family",ollama,qwen2.5:7b,0.550,1,low_confidence|missing_normalized_title|missing_role_family|location_without_country,low_confidence,2
1976,greenhouse,7578368,https://job-boards.greenhouse.io/capco/jobs/7578368,,,,,other,other,,,,,PL,,,,,other,,,0,,,,,PL,,,unspecified,,,,,,,,in_review,"Title and role family are not specified, experience and employment type are unknown. | rule_review: missing_normalized_title,too_many_core_fields_missing",ollama,qwen2.5:7b,0.500,1,low_confidence|missing_normalized_title|too_many_core_fields_missing,low_confidence,3
1481,greenhouse,7442871,https://job-boards.greenhouse.io/datacamp/jobs/7442871,,,,,other,other,,,,United States - East Coast,US,,,,,,,,,,,,onsite,US,United States - East Coast,,,,,,,,,,in_review,"Title and role family are not provided, employment type is unknown. | rule_review: missing_normalized_title,missing_role_family,too_many_core_fields_missing",ollama,qwen2.5:7b,0.550,1,low_confidence|missing_normalized_title|missing_role_family|too_many_core_fields_missing|sparse_output,low_confidence,4
46,greenhouse,7167997,https://job-boards.greenhouse.io/smartsheet/jobs/7167997,,,,,other,other,,,,Bangalore,IN,,,,,other,,,0,,,,onsite,IN,Bangalore,,unspecified,,,,,,,,in_review,"Title and role family are unknown, employment type is unspecified. | rule_review: missing_normalized_title",ollama,qwen2.5:7b,0.550,1,low_confidence|missing_normalized_title,low_confidence,2
1448,greenhouse,4626981005,https://job-boards.greenhouse.io/aurosglobal/jobs/4626981005,,,,,other,other,,,,Hong Kong,,,,,,other,,,0,,,,onsite,,Hong Kong,unspecified,unspecified,,,,,,,,in_review,"Location and country are specified, but other details are missing. | rule_review: missing_normalized_title",ollama,qwen2.5:7b,0.500,1,low_confidence|missing_normalized_title|location_without_country,low_confidence,1
1465,greenhouse,5657854,https://job-boards.greenhouse.io/datacamp/jobs/5657854,,,,,other,other,,,,,GB,,,,,other,,,0,,,,,GB,,,unspecified,,,,,,,,in_review,"Title and role family are not specified, experience and employment type are unknown. | rule_review: missing_normalized_title,too_many_core_fields_missing",ollama,qwen2.5:7b,0.550,1,low_confidence|missing_normalized_title|too_many_core_fields_missing,low_confidence,3
429,greenhouse,5912833,https://job-boards.greenhouse.io/canonical/jobs/5912833,,,,,other,other,,,,Home Based - Americas,,,,,,,,,,,,,remote,,Home Based - Americas,unspecified,unspecified,,,,,,,,in_review,"Location is specified as 'Home Based - Americas', which could be interpreted in multiple ways, and other fields are missing. | rule_review: missing_normalized_title,missing_role_family",ollama,qwen2.5:7b,0.550,1,low_confidence|missing_normalized_title|missing_role_family|location_without_country,low_confidence,2
208,greenhouse,8435398002,https://job-boards.greenhouse.io/gomotive/jobs/8435398002,,,,,other,other,,,,London,GB,,,,,other,,,0,,,,onsite,GB,London,unspecified,unspecified,,,,,,,,in_review,"Title and role family are unknown, experience and education details are missing, employment type is unspecified. | rule_review: missing_normalized_title",ollama,qwen2.5:7b,0.550,1,low_confidence|missing_normalized_title,low_confidence,1
403,greenhouse,6643483,https://job-boards.greenhouse.io/canonical/jobs/6643483,,,,,other,other,,,,,,,,,,,,,,,,,,,,,,,,,,,,,in_review,"Pred values are all 'other' or missing, indicating low confidence and ambiguity. | rule_review: missing_normalized_title,missing_role_family,too_many_core_fields_missing",ollama,qwen2.5:7b,0.150,1,low_confidence|missing_normalized_title|missing_role_family|too_many_core_fields_missing|sparse_output,low_confidence,5
1062,greenhouse,6675655003,https://job-boards.greenhouse.io/celonis/jobs/6675655003?gh_jid=6675655003,,,,,other,other,,,,London,GB,,,,,other,,,0,,,,onsite,GB,London,unspecified,unspecified,,,,,,,,in_review,"Title and role family are unknown, experience and education details are missing, employment type is unspecified. | rule_review: missing_normalized_title",ollama,qwen2.5:7b,0.550,1,low_confidence|missing_normalized_title,low_confidence,1
1215,greenhouse,7600152003,https://job-boards.greenhouse.io/celonis/jobs/7600152003?gh_jid=7600152003,,,,,other,other,,,,New York,US,,,,,other,,,0,,,,onsite,US,New York,unspecified,unspecified,,,,,,,,in_review,"Title and role family are unknown, experience and education details are missing, employment type is unspecified. | rule_review: missing_normalized_title",ollama,qwen2.5:7b,0.500,1,low_confidence|missing_normalized_title,low_confidence,1
1387,greenhouse,6967119,https://job-boards.greenhouse.io/appier/jobs/6967119,,,,,other,other,,,,Taipei,,,,,,other,,,0,,,,onsite,TW,Taipei,,unspecified,,,,,,,,in_review,"City is specified but country is missing, and other fields are unknown. | rule_review: missing_normalized_title",ollama,qwen2.5:7b,0.550,1,low_confidence|missing_normalized_title,low_confidence,2
1641,greenhouse,7310122,https://job-boards.greenhouse.io/capco/jobs/7310122,,,,,other,other,,,,Switzerland - Zurich,CH,,,,,other,,,0,,,,onsite,CH,Zurich,unspecified,unspecified,,,,,,,,in_review,"Location and country are specified, but other details are missing or ambiguous. | rule_review: missing_normalized_title",ollama,qwen2.5:7b,0.550,1,low_confidence|missing_normalized_title,low_confidence,1
1667,greenhouse,7559854,https://job-boards.greenhouse.io/capco/jobs/7559854,,,,,other,other,,,,Brazil - Sao Paulo,,,,,,other,,,0,,,,onsite,BR,Sao Paulo,unspecified,unspecified,,,,,,,,in_review,"Location and country are provided, but other details are missing. | rule_review: missing_normalized_title",ollama,qwen2.5:7b,0.550,1,low_confidence|missing_normalized_title,low_confidence,1
561,greenhouse,4601354005,https://job-boards.greenhouse.io/gleanwork/jobs/4601354005,,,,,other,other,,,,Austin,US,,,,,other,,,0,,,,onsite,US,Austin,,unspecified,,,,,,,,in_review,"Title and role family are unknown, employment type is unspecified. | rule_review: missing_normalized_title",ollama,qwen2.5:7b,0.550,1,low_confidence|missing_normalized_title,low_confidence,2
1951,greenhouse,7544193,https://job-boards.greenhouse.io/capco/jobs/7544193,,,,,other,other,,,,,IN,,,,,other,,,0,,,,,IN,,,unspecified,,,,,,,,in_review,"Title and role family are not specified, experience and employment type are unknown. | rule_review: missing_normalized_title,too_many_core_fields_missing",ollama,qwen2.5:7b,0.550,1,low_confidence|missing_normalized_title|too_many_core_fields_missing,low_confidence,3
581,greenhouse,4619072005,https://job-boards.greenhouse.io/gleanwork/jobs/4619072005,,,,,other,other,,,,San Francisco,US,,,,,other,,,0,,,,onsite,US,San Francisco,,unspecified,,,,,,,,in_review,"Title and role family are unknown, employment type is unspecified. | rule_review: missing_normalized_title",ollama,qwen2.5:7b,0.500,1,low_confidence|missing_normalized_title,low_confidence,2
545,greenhouse,4661912005,https://job-boards.greenhouse.io/gleanwork/jobs/4661912005,,,,,other,other,,,,Nashville,TN,,,,,other,,,0,,,,,TN,Nashville,,unspecified,,,,,,,,in_review,"Location is given as TN which could be the state abbreviation for Tennessee or a country code, needs clarification. | rule_review: missing_normalized_title,too_many_core_fields_missing",ollama,qwen2.5:7b,0.550,1,low_confidence|missing_normalized_title|too_many_core_fields_missing,low_confidence,3
1646,greenhouse,7372389,https://job-boards.greenhouse.io/capco/jobs/7372389,,,,,other,other,,,,India - Bengaluru,IN,,,,,,,,0,,,,onsite,IN,Bengaluru,unspecified,unspecified,,,,,,,,in_review,"Title and role family are not provided, experience and education details are missing, employment type is unspecified. | rule_review: missing_normalized_title,missing_role_family",ollama,qwen2.5:7b,0.550,1,low_confidence|missing_normalized_title|missing_role_family,low_confidence,2
1003,greenhouse,8442715002,https://job-boards.greenhouse.io/levio/jobs/8442715002,,,,,other,other,,,,Toronto,CA,,,,,other,,,0,,,,onsite,CA,Toronto,,unspecified,,,,,,,,in_review,"Title and role family are unknown, employment type is unspecified. | rule_review: missing_normalized_title",ollama,qwen2.5:7b,0.550,1,low_confidence|missing_normalized_title,low_confidence,2
440,greenhouse,7303629,https://job-boards.greenhouse.io/canonical/jobs/7303629,,,,,other,other,,,,,,,,,,,,,,,,,,,,,,,,,,,,,in_review,"Pred values are all 'other' or missing, indicating low confidence and ambiguity. | rule_review: missing_normalized_title,missing_role_family,too_many_core_fields_missing",ollama,qwen2.5:7b,0.150,1,low_confidence|missing_normalized_title|missing_role_family|too_many_core_fields_missing|sparse_output,low_confidence,5
90,greenhouse,7475715,https://job-boards.greenhouse.io/smartsheet/jobs/7475715,,,,,other,other,,,,Bangalore,IN,,,,,other,,,0,,,,onsite,IN,Bangalore,,unspecified,,,,,,,,in_review,"Title and role family are unknown, employment type is unspecified. | rule_review: missing_normalized_title",ollama,qwen2.5:7b,0.550,1,low_confidence|missing_normalized_title,low_confidence,2
350,greenhouse,2169848,https://job-boards.greenhouse.io/canonical/jobs/2169848,,,,,other,other,,,,Home Based - Shenzhen,,,,,,,,,0,,,,remote,CN,Shenzhen,full_time,unspecified,,,,,,,,in_review,"Location is specified as Home Based - Shenzhen, which suggests remote work in China's Shenzhen city. | rule_review: missing_normalized_title,missing_role_family",ollama,qwen2.5:7b,0.550,1,low_confidence|missing_normalized_title|missing_role_family,low_confidence,2
1456,greenhouse,7067243,https://job-boards.greenhouse.io/datacamp/jobs/7067243,,,,,other,other,,,,Belgium,US,,,,,other,,,0,,,,onsite,US,Belgium,,unspecified,,,,,,,,in_review,Location is ambiguous (Belgium in US context) | rule_review: missing_normalized_title,ollama,qwen2.5:7b,0.550,1,low_confidence|missing_normalized_title,low_confidence,2
1138,greenhouse,7548086003,https://job-boards.greenhouse.io/celonis/jobs/7548086003?gh_jid=7548086003,,,,,other,other,,,,Bangalore,IN,,,,,other,,,0,,,,onsite,IN,Bangalore,,unspecified,,,,,,,,in_review,"Title and role family are unknown, employment type is unspecified. | rule_review: missing_normalized_title",ollama,qwen2.5:7b,0.550,1,low_confidence|missing_normalized_title,low_confidence,2
1217,greenhouse,6645943003,https://job-boards.greenhouse.io/celonis/jobs/6645943003?gh_jid=6645943003,,,,,other,other,,,,Milan,IT,,,,,other,,,0,,,,onsite,IT,Milan,,,,,,,,,,in_review,"Location and country are specified, but other details are missing. | rule_review: missing_normalized_title,too_many_core_fields_missing",ollama,qwen2.5:7b,0.550,1,low_confidence|missing_normalized_title|too_many_core_fields_missing,low_confidence,3
576,greenhouse,4617109005,https://job-boards.greenhouse.io/gleanwork/jobs/4617109005,,,,,other,other,,,,Bangalore,IN,,,,,other,,,0,,,,onsite,IN,Bangalore,,unspecified,,,,,,,,in_review,"Title and role family are unknown, employment type is unspecified. | rule_review: missing_normalized_title",ollama,qwen2.5:7b,0.550,1,low_confidence|missing_normalized_title,low_confidence,2
1997,greenhouse,7163447,https://job-boards.greenhouse.io/mavensecuritiesholdingltd/jobs/7163447,,,,,other,other,,,,London,GB,,,,,other,,,0,,,,onsite,GB,London,unspecified,unspecified,,,,,,,,in_review,"Title and role family are unknown, experience and education details are missing, employment type is unspecified. | rule_review: missing_normalized_title",ollama,qwen2.5:7b,0.550,1,low_confidence|missing_normalized_title,low_confidence,1
1512,greenhouse,7349075,https://job-boards.greenhouse.io/capco/jobs/7349075,,,,,other,other,,,,Canada - Toronto,CA,,,,,,,,,,,,onsite,CA,Canada - Toronto,unspecified,unspecified,,,,,,,,in_review,"Title and role family are not provided, experience, education level, employment type, seniority, salary details, and tools/tech are unknown. | rule_review: missing_normalized_title,missing_role_family",ollama,qwen2.5:7b,0.550,1,low_confidence|missing_normalized_title|missing_role_family,low_confidence,2
383,greenhouse,6783943,https://job-boards.greenhouse.io/canonical/jobs/6783943,,,,,other,other,,,,,,,,,,,,,,,,,,,,,,,,,,,,,in_review,"Pred values are all 'other' or missing, indicating low confidence and ambiguity. | rule_review: missing_normalized_title,missing_role_family,too_many_core_fields_missing",ollama,qwen2.5:7b,0.150,1,low_confidence|missing_normalized_title|missing_role_family|too_many_core_fields_missing|sparse_output,low_confidence,5
1083,greenhouse,7553475003,https://job-boards.greenhouse.io/celonis/jobs/7553475003?gh_jid=7553475003,,,,,other,other,,,,Munich,DE,,,,,other,,,0,,,,onsite,DE,Munich,unspecified,unspecified,,,,,,,,in_review,"Title and role family are unknown, experience and education details are missing, employment type is unspecified. | rule_review: missing_normalized_title",ollama,qwen2.5:7b,0.500,1,low_confidence|missing_normalized_title,low_confidence,1
1836,greenhouse,7440215,https://job-boards.greenhouse.io/capco/jobs/7440215,,,,,other,other,,,,,PL,,,,,other,,,0,,,,,PL,,,unspecified,,,,,,,,in_review,"Title and role family are not specified, experience and employment type are unknown. | rule_review: missing_normalized_title,too_many_core_fields_missing",ollama,qwen2.5:7b,0.500,1,low_confidence|missing_normalized_title|too_many_core_fields_missing,low_confidence,3
1744,greenhouse,7636204,https://job-boards.greenhouse.io/capco/jobs/7636204,,,,,other,other,,,,,IN,,,,,other,,,0,,,,,IN,,,unspecified,,,,,,,,in_review,"Title and role family are not specified, experience and employment type are unknown. | rule_review: missing_normalized_title,too_many_core_fields_missing",ollama,qwen2.5:7b,0.550,1,low_confidence|missing_normalized_title|too_many_core_fields_missing,low_confidence,3
1927,greenhouse,7667979,https://job-boards.greenhouse.io/capco/jobs/7667979,,,,,other,other,,,,,PL,,,,,other,,,0,,,,,PL,,,unspecified,,,,,,,,in_review,"Title and role family are not specified, experience and employment type are unknown. | rule_review: missing_normalized_title,too_many_core_fields_missing",ollama,qwen2.5:7b,0.500,1,low_confidence|missing_normalized_title|too_many_core_fields_missing,low_confidence,3
1257,greenhouse,6653606003,https://job-boards.greenhouse.io/celonis/jobs/6653606003?gh_jid=6653606003,,,,,other,other,,,,New York,US,,,,,other,,,0,,,,onsite,US,New York,unspecified,unspecified,,,,,,,,in_review,"Title and role family are unknown, experience and education details are missing, employment type is unspecified. | rule_review: missing_normalized_title",ollama,qwen2.5:7b,0.500,1,low_confidence|missing_normalized_title,low_confidence,1
270,greenhouse,4124053,https://job-boards.greenhouse.io/canonical/jobs/4124053,,,,,other,other,,,,,,,,,,,,,,,,,,,,,,,,,,,,,in_review,"Pred values are all 'other' or missing, indicating low confidence and ambiguity. | rule_review: missing_normalized_title,missing_role_family,too_many_core_fields_missing",ollama,qwen2.5:7b,0.150,1,low_confidence|missing_normalized_title|missing_role_family|too_many_core_fields_missing|sparse_output,low_confidence,5
627,greenhouse,4585960005,https://job-boards.greenhouse.io/gleanwork/jobs/4585960005,,,,,other,other,,,,Palo Alto,CA,,,,,other,,,0,,,,onsite,CA,Palo Alto,unspecified,unspecified,,,,,,,,in_review,"Title and role family are unknown, salary details are missing. | rule_review: missing_normalized_title",ollama,qwen2.5:7b,0.500,1,low_confidence|missing_normalized_title,low_confidence,1
1485,greenhouse,7270832,https://job-boards.greenhouse.io/datacamp/jobs/7270832,,,,,other,other,,,,,PT,,,,,other,,,0,,,,,PT,,,unspecified,,,,,,,,in_review,"Title and role family are not specified, location is ambiguous. | rule_review: missing_normalized_title,too_many_core_fields_missing",ollama,qwen2.5:7b,0.550,1,low_confidence|missing_normalized_title|too_many_core_fields_missing,low_confidence,3
1125,greenhouse,6659660003,https://job-boards.greenhouse.io/celonis/jobs/6659660003?gh_jid=6659660003,,,,,other,other,,,,Madrid,ES,,,,,other,,,0,,,,onsite,ES,Madrid,,unspecified,,,,,,,,in_review,"Title and role family are unknown, employment type is unspecified. | rule_review: missing_normalized_title",ollama,qwen2.5:7b,0.550,1,low_confidence|missing_normalized_title,low_confidence,2
1428,greenhouse,6914976,https://job-boards.greenhouse.io/appier/jobs/6914976,,,,,other,other,,,,Taipei,,,,,,other,,,0,,,,onsite,TW,Taipei,,unspecified,,,,,,,,in_review,"City is specified but country is missing, and other fields are unknown. | rule_review: missing_normalized_title",ollama,qwen2.5:7b,0.550,1,low_confidence|missing_normalized_title,low_confidence,2
1717,greenhouse,7588065,https://job-boards.greenhouse.io/capco/jobs/7588065,,,,,other,other,,,,India - Bengaluru,IN,,,,,,,,0,,,,onsite,IN,Bengaluru,unspecified,unspecified,,,,,,,,in_review,"Title and role family are not provided, experience and education details are missing, employment type is unspecified. | rule_review: missing_normalized_title,missing_role_family",ollama,qwen2.5:7b,0.550,1,low_confidence|missing_normalized_title|missing_role_family,low_confidence,2
1298,greenhouse,6528466003,https://job-boards.greenhouse.io/celonis/jobs/6528466003?gh_jid=6528466003,,,,,other,other,,,,Bangalore,IN,,,,,other,,,0,,,,onsite,IN,Bangalore,,unspecified,,,,,,,,in_review,"Title and role family are unknown, employment type is unspecified. | rule_review: missing_normalized_title",ollama,qwen2.5:7b,0.550,1,low_confidence|missing_normalized_title,low_confidence,2
1749,greenhouse,7642388,https://job-boards.greenhouse.io/capco/jobs/7642388,,,,,other,other,,,,UK - Edinburgh,,,,,,other,,,0,,,,onsite,GB,Edinburgh,unspecified,unspecified,,,,,,,,in_review,"Location and country are provided, but other details are missing. | rule_review: missing_normalized_title",ollama,qwen2.5:7b,0.550,1,low_confidence|missing_normalized_title,low_confidence,1
526,greenhouse,7521220,https://job-boards.greenhouse.io/canonical/jobs/7521220,,,,,other,other,,,,,,,,,,,,,,,,,,,,,,,,,,,,,in_review,"Pred values are all 'other' or missing, indicating low confidence and ambiguity. | rule_review: missing_normalized_title,missing_role_family,too_many_core_fields_missing",ollama,qwen2.5:7b,0.150,1,low_confidence|missing_normalized_title|missing_role_family|too_many_core_fields_missing|sparse_output,low_confidence,5
1682,greenhouse,7661734,https://job-boards.greenhouse.io/capco/jobs/7661734,,,,,other,other,,,,UK - London,,,,,,other,,,0,,,,onsite,GB,London,unspecified,unspecified,,,,,,,,in_review,"Location and country are specified, but other details are missing. | rule_review: missing_normalized_title",ollama,qwen2.5:7b,0.550,1,low_confidence|missing_normalized_title,low_confidence,1
524,greenhouse,4605464,https://job-boards.greenhouse.io/canonical/jobs/4605464,,,,,other,other,,,,Taipei,,,,,,other,,,0,,,,onsite,TW,Taipei,,unspecified,,,,,,,,in_review,"City is specified but country is missing, and other fields are unknown. | rule_review: missing_normalized_title",ollama,qwen2.5:7b,0.550,1,low_confidence|missing_normalized_title,low_confidence,2
1892,greenhouse,7430599,https://job-boards.greenhouse.io/capco/jobs/7430599,,,,,other,other,,,,China - Hong Kong,,,,,,,,,,,,,,CN,Hong Kong,,,,,,,,,,in_review,"Location information is partially provided, country and city are specified but the location type is unknown. Confidence is below threshold. | rule_review: missing_normalized_title,missing_role_family,too_many_core_fields_missing",ollama,qwen2.5:7b,0.550,1,low_confidence|missing_normalized_title|missing_role_family|too_many_core_fields_missing|sparse_output,low_confidence,5
1058,greenhouse,6687876003,https://job-boards.greenhouse.io/celonis/jobs/6687876003?gh_jid=6687876003,,,,,other,other,,,,Munich,DE,,,,,other,,,0,,,,onsite,DE,Munich,unspecified,unspecified,,,,,,,,in_review,"Title and role family are unknown, experience and education details are missing, employment type is unspecified. | rule_review: missing_normalized_title",ollama,qwen2.5:7b,0.500,1,low_confidence|missing_normalized_title,low_confidence,1
1856,greenhouse,7559815,https://job-boards.greenhouse.io/capco/jobs/7559815,,,,,other,other,,,,India - Bengaluru,IN,,,,,,,,0,,,,onsite,IN,Bengaluru,unspecified,unspecified,,,,,,,,in_review,"Title and role family are not provided, experience and education details are missing, employment type is unspecified. | rule_review: missing_normalized_title,missing_role_family",ollama,qwen2.5:7b,0.550,1,low_confidence|missing_normalized_title|missing_role_family,low_confidence,2
1743,greenhouse,7621525,https://job-boards.greenhouse.io/capco/jobs/7621525,,,,,other,other,,,,India - Pune,IN,,,,,other,,,0,,,,onsite,IN,Pune,unspecified,unspecified,,,,,,,,in_review,"Location and country are specified, but other details are missing or ambiguous. | rule_review: missing_normalized_title",ollama,qwen2.5:7b,0.550,1,low_confidence|missing_normalized_title,low_confidence,1
1389,greenhouse,7532697,https://job-boards.greenhouse.io/appier/jobs/7532697,,,,,other,other,,,,Beijing,,,,,,other,,,0,,,,onsite,CN,Beijing,full_time,unspecified,,,,,,,,in_review,"Location and employment type are clear, but other details such as role family, experience, education level, salary, etc., are missing or ambiguous. | rule_review: missing_normalized_title",ollama,qwen2.5:7b,0.550,1,low_confidence|missing_normalized_title,low_confidence,1
388,greenhouse,4676858,https://job-boards.greenhouse.io/canonical/jobs/4676858,,,,,other,other,,,,,,,,,,,,,,,,,,,,,,,,,,,,,in_review,"Pred values are all 'other' or missing, indicating low confidence and ambiguity. | rule_review: missing_normalized_title,missing_role_family,too_many_core_fields_missing",ollama,qwen2.5:7b,0.150,1,low_confidence|missing_normalized_title|missing_role_family|too_many_core_fields_missing|sparse_output,low_confidence,5
978,greenhouse,7379251,https://job-boards.greenhouse.io/gofundme/jobs/7379251,,,,,other,other,,,,San Francisco,CA,,,,,other,,,0,,,,onsite,CA,San Francisco,,unspecified,,,,,,,,in_review,"Title and role family are not provided, employment type is missing, salary details are unknown. | rule_review: missing_normalized_title",ollama,qwen2.5:7b,0.550,1,low_confidence|missing_normalized_title,low_confidence,2
1782,greenhouse,7621712,https://job-boards.greenhouse.io/capco/jobs/7621712,,,,,other,other,,,,,PL,,,,,other,,,0,,,,,PL,,,unspecified,,,,,,,,in_review,"Title and role family are not specified, experience and employment type are unknown. | rule_review: missing_normalized_title,too_many_core_fields_missing",ollama,qwen2.5:7b,0.500,1,low_confidence|missing_normalized_title|too_many_core_fields_missing,low_confidence,3
656,greenhouse,4006925005,https://job-boards.greenhouse.io/gleanwork/jobs/4006925005,,,,,other,other,,,,San Francisco,CA,,,,,other,,,0,,,,onsite,CA,San Francisco,,unspecified,,,,,,,,in_review,"Title and role family are not provided, employment type is missing, salary details are unknown. | rule_review: missing_normalized_title",ollama,qwen2.5:7b,0.550,1,low_confidence|missing_normalized_title,low_confidence,2
1425,greenhouse,6170956,https://job-boards.greenhouse.io/appier/jobs/6170956,,,,,other,other,,,,Taipei,,,,,,other,,,0,,,,onsite,TW,Taipei,,unspecified,,,,,,,,in_review,"City is specified but country is missing, and other fields are unknown. | rule_review: missing_normalized_title",ollama,qwen2.5:7b,0.550,1,low_confidence|missing_normalized_title,low_confidence,2
1953,greenhouse,7609617,https://job-boards.greenhouse.io/capco/jobs/7609617,,,,,other,other,,,,,IN,,,,,other,,,0,,,,,IN,,,unspecified,,,,,,,,in_review,"Title and role family are not specified, experience and employment type are unknown. | rule_review: missing_normalized_title,too_many_core_fields_missing",ollama,qwen2.5:7b,0.550,1,low_confidence|missing_normalized_title|too_many_core_fields_missing,low_confidence,3
1629,greenhouse,7618524,https://job-boards.greenhouse.io/capco/jobs/7618524,,,,,other,other,,,,India - Pune,IN,,,,,other,,,0,,,,onsite,IN,Pune,unspecified,unspecified,,,,,,,,in_review,"Location and country are specified, but other details are missing or ambiguous. | rule_review: missing_normalized_title",ollama,qwen2.5:7b,0.550,1,low_confidence|missing_normalized_title,low_confidence,1
1980,greenhouse,7556228,https://job-boards.greenhouse.io/mavensecuritiesholdingltd/jobs/7556228,,,,,other,other,,,,Chicago,,,,,,other,,,0,,,,,US,Chicago,,,,,,,,,,in_review,"Title and role family are unknown, location is ambiguous without employment type or seniority level. | rule_review: missing_normalized_title,too_many_core_fields_missing",ollama,qwen2.5:7b,0.550,1,low_confidence|missing_normalized_title|too_many_core_fields_missing|sparse_output,low_confidence,4
1695,greenhouse,6896884,https://job-boards.greenhouse.io/capco/jobs/6896884,,,,,other,other,,,,Slovakia - Bratislava,,,,,,,,,,,,,onsite,,Bratislava,,,,,,,,,,in_review,"Location and city are specified, but other details are missing. | rule_review: missing_normalized_title,missing_role_family,too_many_core_fields_missing",ollama,qwen2.5:7b,0.550,1,low_confidence|missing_normalized_title|missing_role_family|location_without_country|too_many_core_fields_missing|sparse_output,low_confidence,4
291,greenhouse,3821346,https://job-boards.greenhouse.io/canonical/jobs/3821346,,,,,other,other,,,,,,,,,,,,,,,,,,,,,,,,,,,,,in_review,"Pred values are all 'other' or missing, indicating low confidence and ambiguity. | rule_review: missing_normalized_title,missing_role_family,too_many_core_fields_missing",ollama,qwen2.5:7b,0.150,1,low_confidence|missing_normalized_title|missing_role_family|too_many_core_fields_missing|sparse_output,low_confidence,5
663,greenhouse,4667002005,https://job-boards.greenhouse.io/gleanwork/jobs/4667002005,,,,,other,other,,,,NYC,,,,,,other,,,0,,,,,US,NYC,,,,,,,,,,in_review,"Title and role family are unknown, location is ambiguous without seniority or employment type. | rule_review: missing_normalized_title,too_many_core_fields_missing",ollama,qwen2.5:7b,0.550,1,low_confidence|missing_normalized_title|too_many_core_fields_missing|sparse_output,low_confidence,4
1902,greenhouse,7443020,https://job-boards.greenhouse.io/capco/jobs/7443020,,,,,other,other,,,,,PL,,,,,other,,,0,,,,,PL,,,unspecified,,,,,,,,in_review,"Title and role family are not specified, experience and employment type are unknown. | rule_review: missing_normalized_title,too_many_core_fields_missing",ollama,qwen2.5:7b,0.500,1,low_confidence|missing_normalized_title|too_many_core_fields_missing,low_confidence,3
1511,greenhouse,7613775,https://job-boards.greenhouse.io/capco/jobs/7613775,,,,,other,other,,,,,PL,,,,,other,,,0,,,,,PL,,,unspecified,,,,,,,,in_review,"Title and role family are not specified, experience and employment type are unknown. | rule_review: missing_normalized_title,too_many_core_fields_missing",ollama,qwen2.5:7b,0.500,1,low_confidence|missing_normalized_title|too_many_core_fields_missing,low_confidence,3
722,greenhouse,4626951005,https://job-boards.greenhouse.io/gleanwork/jobs/4626951005,,,,,other,other,,,,Palo Alto,CA,,,,,other,,,0,,,,onsite,CA,Palo Alto,unspecified,unspecified,,,,,,,,in_review,"Title and role family are unknown, salary details are missing. | rule_review: missing_normalized_title",ollama,qwen2.5:7b,0.500,1,low_confidence|missing_normalized_title,low_confidence,1
724,greenhouse,4627687005,https://job-boards.greenhouse.io/gleanwork/jobs/4627687005,,,,,other,other,,,,Palo Alto,,,,,,other,,,0,,,,,US,Palo Alto,,,,,,,,,,in_review,"Title and role family are not provided, location is known but country is missing, no salary or employment type information. | rule_review: missing_normalized_title,too_many_core_fields_missing",ollama,qwen2.5:7b,0.550,1,low_confidence|missing_normalized_title|too_many_core_fields_missing|sparse_output,low_confidence,4
961,greenhouse,7298988,https://job-boards.greenhouse.io/gofundme/jobs/7298988,,,,,other,other,,,,San Francisco,CA,,,,,other,,,0,,,,onsite,CA,San Francisco,,unspecified,,,,,,,,in_review,"Title and role family are not provided, employment type is missing, salary details are unknown. | rule_review: missing_normalized_title",ollama,qwen2.5:7b,0.550,1,low_confidence|missing_normalized_title,low_confidence,2
1545,greenhouse,7532709,https://job-boards.greenhouse.io/capco/jobs/7532709,,,,,other,other,,,,,IN,,,,,other,,,0,,,,,IN,,,unspecified,,,,,,,,in_review,"Title and role family are not specified, experience and employment type are unknown. | rule_review: missing_normalized_title,too_many_core_fields_missing",ollama,qwen2.5:7b,0.550,1,low_confidence|missing_normalized_title|too_many_core_fields_missing,low_confidence,3
1175,greenhouse,7618605003,https://job-boards.greenhouse.io/celonis/jobs/7618605003?gh_jid=7618605003,,,,,other,other,,,,Madrid,ES,,,,,other,,,0,,,,onsite,ES,Madrid,,unspecified,,,,,,,,in_review,"Title and role family are unknown, employment type is unspecified. | rule_review: missing_normalized_title",ollama,qwen2.5:7b,0.550,1,low_confidence|missing_normalized_title,low_confidence,2
523,greenhouse,7102393,https://job-boards.greenhouse.io/canonical/jobs/7102393,,,,,other,other,,,,Beijing,,,,,,other,,,0,,,,onsite,CN,Beijing,full_time,unspecified,,,,,,,,in_review,"Location and employment type are clear, but other details such as role family, experience, education level, salary, etc., are missing or ambiguous. | rule_review: missing_normalized_title",ollama,qwen2.5:7b,0.550,1,low_confidence|missing_normalized_title,low_confidence,1
478,greenhouse,5211861,https://job-boards.greenhouse.io/canonical/jobs/5211861,,,,,other,other,,,,,,,,,,,,,,,,,,,,,,,,,,,,,in_review,"Pred values are all 'other' or missing, indicating low confidence and ambiguity. | rule_review: missing_normalized_title,missing_role_family,too_many_core_fields_missing",ollama,qwen2.5:7b,0.150,1,low_confidence|missing_normalized_title|missing_role_family|too_many_core_fields_missing|sparse_output,low_confidence,5
1796,greenhouse,7657896,https://job-boards.greenhouse.io/capco/jobs/7657896,,,,,other,other,,,,UK - London,,,,,,other,,,0,,,,onsite,GB,London,unspecified,unspecified,,,,,,,,in_review,"Location and country are specified, but other details are missing. | rule_review: missing_normalized_title",ollama,qwen2.5:7b,0.550,1,low_confidence|missing_normalized_title,low_confidence,1
1411,greenhouse,7119975,https://job-boards.greenhouse.io/appier/jobs/7119975,,,,,other,other,,,,Taipei,,,,,,other,,,0,,,,onsite,TW,Taipei,,unspecified,,,,,,,,in_review,"City is specified but country is missing, and other fields are unknown. | rule_review: missing_normalized_title",ollama,qwen2.5:7b,0.550,1,low_confidence|missing_normalized_title,low_confidence,2
1859,greenhouse,7423237,https://job-boards.greenhouse.io/capco/jobs/7423237,,,,,other,other,,,,,PL,,,,,other,,,0,,,,,PL,,,unspecified,,,,,,,,in_review,"Title and role family are not specified, experience and employment type are unknown. | rule_review: missing_normalized_title,too_many_core_fields_missing",ollama,qwen2.5:7b,0.500,1,low_confidence|missing_normalized_title|too_many_core_fields_missing,low_confidence,3
1120,greenhouse,7610432003,https://job-boards.greenhouse.io/celonis/jobs/7610432003?gh_jid=7610432003,,,,,other,other,,,,Munich,DE,,,,,other,,,0,,,,onsite,DE,Munich,unspecified,unspecified,,,,,,,,in_review,"Title and role family are unknown, experience and education details are missing, employment type is unspecified. | rule_review: missing_normalized_title",ollama,qwen2.5:7b,0.500,1,low_confidence|missing_normalized_title,low_confidence,1
1862,greenhouse,7556771,https://job-boards.greenhouse.io/capco/jobs/7556771,,,,,other,other,,,,Germany - Frankfurt am Main,DE,,,,,,,,,,,,onsite,DE,Germany - Frankfurt am Main,,,,,,,,,,in_review,"Title and role family are not provided, employment type is missing, salary details are unknown. | rule_review: missing_normalized_title,missing_role_family,too_many_core_fields_missing",ollama,qwen2.5:7b,0.550,1,low_confidence|missing_normalized_title|missing_role_family|too_many_core_fields_missing|sparse_output,low_confidence,4
401,greenhouse,6643965,https://job-boards.greenhouse.io/canonical/jobs/6643965,,,,,other,other,,,,,,,,,,,,,,,,,,,,,,,,,,,,,in_review,"Pred values are all 'other' or missing, indicating low confidence and ambiguity. | rule_review: missing_normalized_title,missing_role_family,too_many_core_fields_missing",ollama,qwen2.5:7b,0.150,1,low_confidence|missing_normalized_title|missing_role_family|too_many_core_fields_missing|sparse_output,low_confidence,5
1116,greenhouse,7627820003,https://job-boards.greenhouse.io/celonis/jobs/7627820003?gh_jid=7627820003,,,,,other,other,,,,Madrid,ES,,,,,other,,,0,,,,onsite,ES,Madrid,,unspecified,,,,,,,,in_review,"Title and role family are unknown, employment type is unspecified. | rule_review: missing_normalized_title",ollama,qwen2.5:7b,0.550,1,low_confidence|missing_normalized_title,low_confidence,2
1675,greenhouse,6220286,https://job-boards.greenhouse.io/capco/jobs/6220286,,,,,other,other,,,,Malaysia - Kuala Lumpur,,,,,,,,,,,,,onsite,,Kuala Lumpur,unspecified,unspecified,,,,,,,,in_review,"Location and city are specified, but other details are missing or ambiguous. | rule_review: missing_normalized_title,missing_role_family",ollama,qwen2.5:7b,0.550,1,low_confidence|missing_normalized_title|missing_role_family|location_without_country,low_confidence,2
1619,greenhouse,7522164,https://job-boards.greenhouse.io/capco/jobs/7522164,,,,,other,other,,,,China - Hong Kong,,,,,,,,,,,,,,CN,Hong Kong,,,,,,,,,,in_review,"Location information is partially provided, country and city are specified but the location type is unknown. Confidence is below threshold. | rule_review: missing_normalized_title,missing_role_family,too_many_core_fields_missing",ollama,qwen2.5:7b,0.550,1,low_confidence|missing_normalized_title|missing_role_family|too_many_core_fields_missing|sparse_output,low_confidence,5
1406,greenhouse,6986240,https://job-boards.greenhouse.io/appier/jobs/6986240,,,,,other,other,,,,Taipei,,,,,,other,,,0,,,,onsite,TW,Taipei,,unspecified,,,,,,,,in_review,"City is specified but country is missing, and other fields are unknown. | rule_review: missing_normalized_title",ollama,qwen2.5:7b,0.550,1,low_confidence|missing_normalized_title,low_confidence,2
921,greenhouse,7631860003,https://job-boards.greenhouse.io/truebill/jobs/7631860003,,,,,other,other,,,,New York City,NY,,,,,other,,,0,,,,onsite,NY,New York City,,unspecified,,,,,,,,in_review,Location information is ambiguous between city name and state abbreviation; seniority level not specified. | rule_review: missing_normalized_title,ollama,qwen2.5:7b,0.550,1,low_confidence|missing_normalized_title,low_confidence,2
1621,greenhouse,6850646,https://job-boards.greenhouse.io/capco/jobs/6850646,,,,,other,other,,,,Singapore,,,,,,other,,,0,,,,onsite,,Singapore,unspecified,unspecified,,,,,,,,in_review,"Location and country are specified, but other details are missing. | rule_review: missing_normalized_title",ollama,qwen2.5:7b,0.550,1,low_confidence|missing_normalized_title|location_without_country,low_confidence,1
1515,greenhouse,7650988,https://job-boards.greenhouse.io/capco/jobs/7650988,,,,,other,other,,,,US - Orlando,,,,,,other,,,0,,,,onsite,US,Orlando,unspecified,unspecified,,,,,,,,in_review,"Location and country are provided but not in a structured format, seniority and employment type are missing. | rule_review: missing_normalized_title",ollama,qwen2.5:7b,0.550,1,low_confidence|missing_normalized_title,low_confidence,1
415,greenhouse,5692059,https://job-boards.greenhouse.io/canonical/jobs/5692059,,,,,other,other,,,,,,,,,,,,,,,,,,,,,,,,,,,,,in_review,"Pred values are all 'other' or missing, indicating low confidence and ambiguity. | rule_review: missing_normalized_title,missing_role_family,too_many_core_fields_missing",ollama,qwen2.5:7b,0.150,1,low_confidence|missing_normalized_title|missing_role_family|too_many_core_fields_missing|sparse_output,low_confidence,5
938,greenhouse,7619953003,https://job-boards.greenhouse.io/truebill/jobs/7619953003,,,,,other,other,,,,San Francisco,OR,,,,,other,,,0,,,,,OR,San Francisco,,unspecified,,,,,,,,in_review,"Country is ambiguous (OR could be Oregon or other countries). Seniority and employment type are missing. | rule_review: missing_normalized_title,too_many_core_fields_missing",ollama,qwen2.5:7b,0.150,1,low_confidence|missing_normalized_title|too_many_core_fields_missing,low_confidence,3
1962,greenhouse,7414639,https://job-boards.greenhouse.io/capco/jobs/7414639,,,,,other,other,,,,US - Charlotte,,,,,,other,,,0,,,,onsite,US,Charlotte,unspecified,unspecified,,,,,,,,in_review,"Location and country are specified, but other details are missing. | rule_review: missing_normalized_title",ollama,qwen2.5:7b,0.550,1,low_confidence|missing_normalized_title,low_confidence,1
1852,greenhouse,7622087,https://job-boards.greenhouse.io/capco/jobs/7622087,,,,,other,other,,,,Slovakia - Bratislava,,,,,,,,,,,,,onsite,,Bratislava,,,,,,,,,,in_review,"Location and city are specified, but other details are missing. | rule_review: missing_normalized_title,missing_role_family,too_many_core_fields_missing",ollama,qwen2.5:7b,0.550,1,low_confidence|missing_normalized_title|missing_role_family|location_without_country|too_many_core_fields_missing|sparse_output,low_confidence,4
1017,greenhouse,7376320,https://job-boards.greenhouse.io/webflow/jobs/7376320,,,,,other,other,,,,San Francisco,US,,,,,other,,,0,,,,onsite,US,San Francisco,,unspecified,,,,,,,,in_review,"Title and role family are unknown, employment type is unspecified. | rule_review: missing_normalized_title",ollama,qwen2.5:7b,0.500,1,low_confidence|missing_normalized_title,low_confidence,2
346,greenhouse,7055576,https://job-boards.greenhouse.io/canonical/jobs/7055576,,,,,other,other,,,,Home Based - Americas,,,,,,,,,,,,,remote,,Home Based - Americas,unspecified,unspecified,,,,,,,,in_review,"Location is specified as 'Home Based - Americas', which could be interpreted in multiple ways, and other fields are missing. | rule_review: missing_normalized_title,missing_role_family",ollama,qwen2.5:7b,0.550,1,low_confidence|missing_normalized_title|missing_role_family|location_without_country,low_confidence,2
1756,greenhouse,7658005,https://job-boards.greenhouse.io/capco/jobs/7658005,,,,,other,other,,,,UK - London,,,,,,other,,,0,,,,onsite,GB,London,unspecified,unspecified,,,,,,,,in_review,"Location and country are specified, but other details are missing. | rule_review: missing_normalized_title",ollama,qwen2.5:7b,0.550,1,low_confidence|missing_normalized_title,low_confidence,1
1109,greenhouse,7559335003,https://job-boards.greenhouse.io/celonis/jobs/7559335003?gh_jid=7559335003,,,,,other,other,,,,Bangalore,IN,,,,,other,,,0,,,,onsite,IN,Bangalore,,unspecified,,,,,,,,in_review,"Title and role family are unknown, employment type is unspecified. | rule_review: missing_normalized_title",ollama,qwen2.5:7b,0.550,1,low_confidence|missing_normalized_title,low_confidence,2
1520,greenhouse,7641047,https://job-boards.greenhouse.io/capco/jobs/7641047,,,,,other,other,,,,,DE,,,,,other,,,0,,,,,DE,,,unspecified,,,,,,,,in_review,"Title and role family are not specified, experience and employment type are unknown. | rule_review: missing_normalized_title,too_many_core_fields_missing",ollama,qwen2.5:7b,0.550,1,low_confidence|missing_normalized_title|too_many_core_fields_missing,low_confidence,3
1529,greenhouse,7600587,https://job-boards.greenhouse.io/capco/jobs/7600587,,,,,other,other,,,,US - Houston,,,,,,other,,,0,,,,onsite,US,Houston,unspecified,unspecified,,,,,,,,in_review,"Location and country are specified, but other details are missing. | rule_review: missing_normalized_title",ollama,qwen2.5:7b,0.550,1,low_confidence|missing_normalized_title,low_confidence,1
116,greenhouse,7593421,https://job-boards.greenhouse.io/smartsheet/jobs/7593421,,,,,other,other,,,,San Jose,CR,,,,,other,,,0,,,,onsite,CR,San Jose,,unspecified,,,,,,,,in_review,"Location and country are specified, but other details are missing. | rule_review: missing_normalized_title",ollama,qwen2.5:7b,0.550,1,low_confidence|missing_normalized_title,low_confidence,2
1223,greenhouse,7565713003,https://job-boards.greenhouse.io/celonis/jobs/7565713003?gh_jid=7565713003,,,,,other,other,,,,Raleigh,US,,,,,other,,,0,,,,onsite,US,Raleigh,unspecified,unspecified,,,,,,,,in_review,"Title and role family are unknown, experience and education details are missing, employment type is unspecified. | rule_review: missing_normalized_title",ollama,qwen2.5:7b,0.550,1,low_confidence|missing_normalized_title,low_confidence,1
1455,greenhouse,7531007,https://job-boards.greenhouse.io/datacamp/jobs/7531007,,,,,other,other,,,,Belgium,US,,,,,other,,,0,,,,onsite,US,Belgium,,unspecified,,,,,,,,in_review,Location is ambiguous (Belgium in US context) | rule_review: missing_normalized_title,ollama,qwen2.5:7b,0.550,1,low_confidence|missing_normalized_title,low_confidence,2
1567,greenhouse,7667896,https://job-boards.greenhouse.io/capco/jobs/7667896,,,,,other,other,,,,Thailand - Bangkok,,,,,,other,,,0,,,,onsite,,Bangkok,unspecified,unspecified,,,,,,,,in_review,"Location and country are specified, but other details are missing. | rule_review: missing_normalized_title",ollama,qwen2.5:7b,0.550,1,low_confidence|missing_normalized_title|location_without_country,low_confidence,1
936,greenhouse,7567958003,https://job-boards.greenhouse.io/truebill/jobs/7567958003,,,,,other,other,,,,San Francisco,CO,,,,,other,,,0,,,,onsite,CO,San Francisco,,unspecified,,,,,,,,in_review,Location and country are provided but other details are missing. | rule_review: missing_normalized_title,ollama,qwen2.5:7b,0.550,1,low_confidence|missing_normalized_title,low_confidence,2
1278,greenhouse,7618697003,https://job-boards.greenhouse.io/celonis/jobs/7618697003?gh_jid=7618697003,,,,,other,other,,,,New York,US,,,,,other,,,0,,,,onsite,US,New York,unspecified,unspecified,,,,,,,,in_review,"Title and role family are unknown, experience and education details are missing, employment type is unspecified. | rule_review: missing_normalized_title",ollama,qwen2.5:7b,0.500,1,low_confidence|missing_normalized_title,low_confidence,1
1173,greenhouse,7551536003,https://job-boards.greenhouse.io/celonis/jobs/7551536003?gh_jid=7551536003,,,,,other,other,,,,Tokyo,,,,,,other,,,0,,,,onsite,,Tokyo,unspecified,unspecified,,,,,,,,in_review,"Location and country are specified, but other details are missing. | rule_review: missing_normalized_title",ollama,qwen2.5:7b,0.550,1,low_confidence|missing_normalized_title|location_without_country,low_confidence,1
1875,greenhouse,7553920,https://job-boards.greenhouse.io/capco/jobs/7553920,,,,,other,other,,,,UK - London,,,,,,other,,,0,,,,onsite,GB,London,unspecified,unspecified,,,,,,,,in_review,"Location and country are specified, but other details are missing. | rule_review: missing_normalized_title",ollama,qwen2.5:7b,0.550,1,low_confidence|missing_normalized_title,low_confidence,1
984,greenhouse,7327195,https://job-boards.greenhouse.io/gofundme/jobs/7327195,,,,,other,other,,,,Buenos Aires,,,,,,other,,,0,,,,onsite,,Buenos Aires,unspecified,unspecified,,,,,,,,in_review,"Location and country are inferred, but other details are missing. | rule_review: missing_normalized_title",ollama,qwen2.5:7b,0.550,1,low_confidence|missing_normalized_title|location_without_country,low_confidence,1
1916,greenhouse,7641216,https://job-boards.greenhouse.io/capco/jobs/7641216,,,,,other,other,,,,Brazil - Sao Paulo,,,,,,other,,,0,,,,onsite,BR,Sao Paulo,unspecified,unspecified,,,,,,,,in_review,"Location and country are provided, but other details are missing. | rule_review: missing_normalized_title",ollama,qwen2.5:7b,0.550,1,low_confidence|missing_normalized_title,low_confidence,1
1452,greenhouse,4647159005,https://job-boards.greenhouse.io/aurosglobal/jobs/4647159005,,,,,other,other,,,,,GB,,,,,other,,,0,,,,,GB,,,unspecified,,,,,,,,in_review,"Title and role family are not specified, experience and employment type are unknown. | rule_review: missing_normalized_title,too_many_core_fields_missing",ollama,qwen2.5:7b,0.550,1,low_confidence|missing_normalized_title|too_many_core_fields_missing,low_confidence,3
109,greenhouse,7492226,https://job-boards.greenhouse.io/smartsheet/jobs/7492226,,,,,other,other,,,,Bangalore,IN,,,,,other,,,0,,,,onsite,IN,Bangalore,,unspecified,,,,,,,,in_review,"Title and role family are unknown, employment type is unspecified. | rule_review: missing_normalized_title",ollama,qwen2.5:7b,0.550,1,low_confidence|missing_normalized_title,low_confidence,2
1082,greenhouse,6105723003,https://job-boards.greenhouse.io/celonis/jobs/6105723003?gh_jid=6105723003,,,,,other,other,,,,Raleigh,US,,,,,other,,,0,,,,onsite,US,Raleigh,unspecified,unspecified,,,,,,,,in_review,"Title and role family are unknown, experience and education details are missing, employment type is unspecified. | rule_review: missing_normalized_title",ollama,qwen2.5:7b,0.550,1,low_confidence|missing_normalized_title,low_confidence,1
1228,greenhouse,7648583003,https://job-boards.greenhouse.io/celonis/jobs/7648583003?gh_jid=7648583003,,,,,other,other,,,,London,GB,,,,,other,,,0,,,,onsite,GB,London,unspecified,unspecified,,,,,,,,in_review,"Title and role family are unknown, experience and education details are missing, employment type is unspecified. | rule_review: missing_normalized_title",ollama,qwen2.5:7b,0.550,1,low_confidence|missing_normalized_title,low_confidence,1
308,greenhouse,4676823,https://job-boards.greenhouse.io/canonical/jobs/4676823,,,,,other,other,,,,,,,,,,,,,,,,,,,,,,,,,,,,,in_review,"Pred values are all 'other' or missing, indicating low confidence and ambiguity. | rule_review: missing_normalized_title,missing_role_family,too_many_core_fields_missing",ollama,qwen2.5:7b,0.150,1,low_confidence|missing_normalized_title|missing_role_family|too_many_core_fields_missing|sparse_output,low_confidence,5
1419,greenhouse,7486474,https://job-boards.greenhouse.io/appier/jobs/7486474,,,,,other,other,,,,Taipei,,,,,,other,,,0,,,,onsite,TW,Taipei,,unspecified,,,,,,,,in_review,"City is specified but country is missing, and other fields are unknown. | rule_review: missing_normalized_title",ollama,qwen2.5:7b,0.550,1,low_confidence|missing_normalized_title,low_confidence,2
1788,greenhouse,7585730,https://job-boards.greenhouse.io/capco/jobs/7585730,,,,,other,other,,,,Czech Republic - Prague,,,,,,other,,,0,,,,onsite,,Prague,unspecified,unspecified,,,,,,,,in_review,"Location and country are specified, but other details are missing or ambiguous. | rule_review: missing_normalized_title",ollama,qwen2.5:7b,0.550,1,low_confidence|missing_normalized_title|location_without_country,low_confidence,1
1165,greenhouse,6318712003,https://job-boards.greenhouse.io/celonis/jobs/6318712003?gh_jid=6318712003,,,,,other,other,,,,Bangalore,IN,,,,,other,,,0,,,,onsite,IN,Bangalore,,unspecified,,,,,,,,in_review,"Title and role family are unknown, employment type is unspecified. | rule_review: missing_normalized_title",ollama,qwen2.5:7b,0.550,1,low_confidence|missing_normalized_title,low_confidence,2
385,greenhouse,5739500,https://job-boards.greenhouse.io/canonical/jobs/5739500,,,,,other,other,,,,Home Based - Americas,,,,,,,,,,,,,remote,,Home Based - Americas,unspecified,unspecified,,,,,,,,in_review,"Location is specified as 'Home Based - Americas', which could be interpreted in multiple ways, and other fields are missing. | rule_review: missing_normalized_title,missing_role_family",ollama,qwen2.5:7b,0.550,1,low_confidence|missing_normalized_title|missing_role_family|location_without_country,low_confidence,2
1444,greenhouse,7491177,https://job-boards.greenhouse.io/appier/jobs/7491177,,,,,other,other,,,,Taipei,,,,,,other,,,0,,,,onsite,TW,Taipei,,unspecified,,,,,,,,in_review,"City is specified but country is missing, and other fields are unknown. | rule_review: missing_normalized_title",ollama,qwen2.5:7b,0.550,1,low_confidence|missing_normalized_title,low_confidence,2
1588,greenhouse,7407471,https://job-boards.greenhouse.io/capco/jobs/7407471,,,,,other,other,,,,US - Houston,,,,,,other,,,0,,,,onsite,US,Houston,unspecified,unspecified,,,,,,,,in_review,"Location and country are specified, but other details are missing. | rule_review: missing_normalized_title",ollama,qwen2.5:7b,0.550,1,low_confidence|missing_normalized_title,low_confidence,1
1194,greenhouse,7614803003,https://job-boards.greenhouse.io/celonis/jobs/7614803003?gh_jid=7614803003,,,,,other,other,,,,Madrid,ES,,,,,other,,,0,,,,onsite,ES,Madrid,,unspecified,,,,,,,,in_review,"Title and role family are unknown, employment type is unspecified. | rule_review: missing_normalized_title",ollama,qwen2.5:7b,0.550,1,low_confidence|missing_normalized_title,low_confidence,2
1661,greenhouse,7391344,https://job-boards.greenhouse.io/capco/jobs/7391344,,,,,other,other,,,,Brazil - Sao Paulo,,,,,,other,,,0,,,,onsite,BR,Sao Paulo,unspecified,unspecified,,,,,,,,in_review,"Location and country are provided, but other details are missing. | rule_review: missing_normalized_title",ollama,qwen2.5:7b,0.550,1,low_confidence|missing_normalized_title,low_confidence,1
1648,greenhouse,7533347,https://job-boards.greenhouse.io/capco/jobs/7533347,,,,,other,other,,,,India - Bengaluru,IN,,,,,,,,0,,,,onsite,IN,Bengaluru,unspecified,unspecified,,,,,,,,in_review,"Title and role family are not provided, experience and education details are missing, employment type is unspecified. | rule_review: missing_normalized_title,missing_role_family",ollama,qwen2.5:7b,0.550,1,low_confidence|missing_normalized_title|missing_role_family,low_confidence,2
1155,greenhouse,7626353003,https://job-boards.greenhouse.io/celonis/jobs/7626353003?gh_jid=7626353003,,,,,other,other,,,,London,GB,,,,,other,,,0,,,,onsite,GB,London,unspecified,unspecified,,,,,,,,in_review,"Title and role family are unknown, experience and education details are missing, employment type is unspecified. | rule_review: missing_normalized_title",ollama,qwen2.5:7b,0.550,1,low_confidence|missing_normalized_title,low_confidence,1
416,greenhouse,6401160,https://job-boards.greenhouse.io/canonical/jobs/6401160,,,,,other,other,,,,,,,,,,,,,,,,,,,,,,,,,,,,,in_review,"Pred values are all 'other' or missing, indicating low confidence and ambiguity. | rule_review: missing_normalized_title,missing_role_family,too_many_core_fields_missing",ollama,qwen2.5:7b,0.150,1,low_confidence|missing_normalized_title|missing_role_family|too_many_core_fields_missing|sparse_output,low_confidence,5
1308,greenhouse,6689279003,https://job-boards.greenhouse.io/celonis/jobs/6689279003?gh_jid=6689279003,,,,,other,other,,,,Amsterdam,NL,,,,,other,,,0,,,,onsite,NL,Amsterdam,,unspecified,,,,,,,,in_review,"Title and role family are unknown, employment type is unspecified. | rule_review: missing_normalized_title",ollama,qwen2.5:7b,0.550,1,low_confidence|missing_normalized_title,low_confidence,2
379,greenhouse,7267884,https://job-boards.greenhouse.io/canonical/jobs/7267884,,,,,other,other,,,,,,,,,,,,,,,,,,,,,,,,,,,,,in_review,"Pred values are all 'other' or missing, indicating low confidence and ambiguity. | rule_review: missing_normalized_title,missing_role_family,too_many_core_fields_missing",ollama,qwen2.5:7b,0.150,1,low_confidence|missing_normalized_title|missing_role_family|too_many_core_fields_missing|sparse_output,low_confidence,5
382,greenhouse,5191982,https://job-boards.greenhouse.io/canonical/jobs/5191982,,,,,other,other,,,,,,,,,,,,,,,,,,,,,,,,,,,,,in_review,"Pred values are all 'other' or missing, indicating low confidence and ambiguity. | rule_review: missing_normalized_title,missing_role_family,too_many_core_fields_missing",ollama,qwen2.5:7b,0.150,1,low_confidence|missing_normalized_title|missing_role_family|too_many_core_fields_missing|sparse_output,low_confidence,5
50,greenhouse,7663183,https://job-boards.greenhouse.io/smartsheet/jobs/7663183,,,,,other,other,,,,Chicago,US,,,,,other,,,0,,,,onsite,US,Chicago,unspecified,unspecified,,,,,,,,in_review,"Title and role family are not provided, experience and salary details are missing. | rule_review: missing_normalized_title",ollama,qwen2.5:7b,0.550,1,low_confidence|missing_normalized_title,low_confidence,1
658,greenhouse,4622149005,https://job-boards.greenhouse.io/gleanwork/jobs/4622149005,,,,,other,other,,,,London,GB,,,,,other,,,0,,,,onsite,GB,London,unspecified,unspecified,,,,,,,,in_review,"Title and role family are unknown, experience and education details are missing, employment type is unspecified. | rule_review: missing_normalized_title",ollama,qwen2.5:7b,0.550,1,low_confidence|missing_normalized_title,low_confidence,1
738,greenhouse,4854550007,https://job-boards.greenhouse.io/climateai/jobs/4854550007,,,,,other,other,,,,San Francisco,US,,,,,other,,,0,,,,onsite,US,San Francisco,,unspecified,,,,,,,,in_review,"Title and role family are unknown, employment type is unspecified. | rule_review: missing_normalized_title",ollama,qwen2.5:7b,0.500,1,low_confidence|missing_normalized_title,low_confidence,2
1720,greenhouse,7621539,https://job-boards.greenhouse.io/capco/jobs/7621539,,,,,other,other,,,,India - Bengaluru,IN,,,,,,,,0,,,,onsite,IN,Bengaluru,unspecified,unspecified,,,,,,,,in_review,"Title and role family are not provided, experience and education details are missing, employment type is unspecified. | rule_review: missing_normalized_title,missing_role_family",ollama,qwen2.5:7b,0.550,1,low_confidence|missing_normalized_title|missing_role_family,low_confidence,2
1760,greenhouse,7533837,https://job-boards.greenhouse.io/capco/jobs/7533837,,,,,other,other,,,,UK - London,,,,,,other,,,0,,,,onsite,GB,London,unspecified,unspecified,,,,,,,,in_review,"Location and country are specified, but other details are missing. | rule_review: missing_normalized_title",ollama,qwen2.5:7b,0.550,1,low_confidence|missing_normalized_title,low_confidence,1
1925,greenhouse,7657648,https://job-boards.greenhouse.io/capco/jobs/7657648,,,,,other,other,,,,India - Pune,IN,,,,,other,,,0,,,,onsite,IN,Pune,unspecified,unspecified,,,,,,,,in_review,"Location and country are specified, but other details are missing or ambiguous. | rule_review: missing_normalized_title",ollama,qwen2.5:7b,0.550,1,low_confidence|missing_normalized_title,low_confidence,1
686,greenhouse,4006733005,https://job-boards.greenhouse.io/gleanwork/jobs/4006733005,,,,,other,other,,,,San Francisco Bay Area,,,,,,other,,,0,,,,onsite,US,San Francisco Bay Area,full_time,unspecified,,,,,,,,in_review,City is specified but country is unknown; salary details are missing. | rule_review: missing_normalized_title,ollama,qwen2.5:7b,0.550,1,low_confidence|missing_normalized_title,low_confidence,1
352,greenhouse,7607749,https://job-boards.greenhouse.io/canonical/jobs/7607749,,,,,other,other,,,,Home Based - Americas,,,,,,,,,,,,,remote,,Home Based - Americas,unspecified,unspecified,,,,,,,,in_review,"Location is specified as 'Home Based - Americas', which could be interpreted in multiple ways, and other fields are missing. | rule_review: missing_normalized_title,missing_role_family",ollama,qwen2.5:7b,0.550,1,low_confidence|missing_normalized_title|missing_role_family|location_without_country,low_confidence,2
1422,greenhouse,7436263,https://job-boards.greenhouse.io/appier/jobs/7436263,,,,,other,other,,,,Taipei,,,,,,other,,,0,,,,onsite,TW,Taipei,,unspecified,,,,,,,,in_review,"City is specified but country is missing, and other fields are unknown. | rule_review: missing_normalized_title",ollama,qwen2.5:7b,0.550,1,low_confidence|missing_normalized_title,low_confidence,2
1823,greenhouse,7653279,https://job-boards.greenhouse.io/capco/jobs/7653279,,,,,other,other,,,,Belgium - Brussels,,,,,,other,,,0,,,,onsite,,Brussels,unspecified,unspecified,,,,,,,,in_review,"Location and country are specified, but other details are missing. | rule_review: missing_normalized_title",ollama,qwen2.5:7b,0.550,1,low_confidence|missing_normalized_title|location_without_country,low_confidence,1
1440,greenhouse,7382795,https://job-boards.greenhouse.io/appier/jobs/7382795,,,,,other,other,,,,Tokyo,,,,,,other,,,0,,,,onsite,,Tokyo,unspecified,unspecified,,,,,,,,in_review,"Location and country are specified, but other details are missing. | rule_review: missing_normalized_title",ollama,qwen2.5:7b,0.550,1,low_confidence|missing_normalized_title|location_without_country,low_confidence,1
1414,greenhouse,7382873,https://job-boards.greenhouse.io/appier/jobs/7382873,,,,,other,other,,,,Tokyo,,,,,,other,,,0,,,,onsite,,Tokyo,unspecified,unspecified,,,,,,,,in_review,"Location and country are specified, but other details are missing. | rule_review: missing_normalized_title",ollama,qwen2.5:7b,0.550,1,low_confidence|missing_normalized_title|location_without_country,low_confidence,1
1326,greenhouse,6512917003,https://job-boards.greenhouse.io/celonis/jobs/6512917003?gh_jid=6512917003,,,,,other,other,,,,Bangalore,IN,,,,,other,,,0,,,,onsite,IN,Bangalore,,unspecified,,,,,,,,in_review,"Title and role family are unknown, employment type is unspecified. | rule_review: missing_normalized_title",ollama,qwen2.5:7b,0.550,1,low_confidence|missing_normalized_title,low_confidence,2
161,greenhouse,8355403002,https://job-boards.greenhouse.io/gomotive/jobs/8355403002,,,,,other,other,,,,Mexico City,,,,,,other,,,0,,,,onsite,,Mexico City,,unspecified,,,,,,,,in_review,"Location and country are inferred, but employment type and seniority are missing. | rule_review: missing_normalized_title",ollama,qwen2.5:7b,0.550,1,low_confidence|missing_normalized_title|location_without_country,low_confidence,2
1922,greenhouse,6889746,https://job-boards.greenhouse.io/capco/jobs/6889746,,,,,other,other,,,,Slovakia - Kosice,,,,,,,,,,,,,onsite,,Kosice,,,,,,,,,,in_review,"Location is specified, but other details are missing. | rule_review: missing_normalized_title,missing_role_family,too_many_core_fields_missing",ollama,qwen2.5:7b,0.550,1,low_confidence|missing_normalized_title|missing_role_family|location_without_country|too_many_core_fields_missing|sparse_output,low_confidence,4
1879,greenhouse,7583354,https://job-boards.greenhouse.io/capco/jobs/7583354,,,,,other,other,,,,US - New York,,,,,,other,,,0,,,,onsite,US,New York,unspecified,unspecified,,,,,,,,in_review,"Location and country are provided but not fully consistent, needs more context. | rule_review: missing_normalized_title",ollama,qwen2.5:7b,0.550,1,low_confidence|missing_normalized_title,low_confidence,1
1370,greenhouse,7562958,https://job-boards.greenhouse.io/appier/jobs/7562958,,,,,other,other,,,,Tokyo,,,,,,other,,,0,,,,onsite,,Tokyo,unspecified,unspecified,,,,,,,,in_review,"Location and country are specified, but other details are missing. | rule_review: missing_normalized_title",ollama,qwen2.5:7b,0.550,1,low_confidence|missing_normalized_title|location_without_country,low_confidence,1
1753,greenhouse,7533952,https://job-boards.greenhouse.io/capco/jobs/7533952,,,,,other,other,,,,UK - Edinburgh,,,,,,other,,,0,,,,onsite,GB,Edinburgh,unspecified,unspecified,,,,,,,,in_review,"Location and country are provided, but other details are missing. | rule_review: missing_normalized_title",ollama,qwen2.5:7b,0.550,1,low_confidence|missing_normalized_title,low_confidence,1
1919,greenhouse,6889745,https://job-boards.greenhouse.io/capco/jobs/6889745,,,,,other,other,,,,Slovakia - Bratislava,,,,,,,,,,,,,onsite,,Bratislava,,,,,,,,,,in_review,"Location and city are specified, but other details are missing. | rule_review: missing_normalized_title,missing_role_family,too_many_core_fields_missing",ollama,qwen2.5:7b,0.550,1,low_confidence|missing_normalized_title|missing_role_family|location_without_country|too_many_core_fields_missing|sparse_output,low_confidence,4
1718,greenhouse,7589843,https://job-boards.greenhouse.io/capco/jobs/7589843,,,,,other,other,,,,Canada - Calgary,CA,,,,,,,,0,,,,onsite,CA,Calgary,,,,,,,,,,in_review,"Title and role family are unknown, employment type is unspecified. | rule_review: missing_normalized_title,missing_role_family,too_many_core_fields_missing",ollama,qwen2.5:7b,0.550,1,low_confidence|missing_normalized_title|missing_role_family|too_many_core_fields_missing|sparse_output,low_confidence,4
486,greenhouse,3257589,https://job-boards.greenhouse.io/canonical/jobs/3257589,,,,,other,other,,,,Home Based - Americas,,,,,,,,,,,,,remote,,Home Based - Americas,unspecified,unspecified,,,,,,,,in_review,"Location is specified as 'Home Based - Americas', which could be interpreted in multiple ways, and other fields are missing. | rule_review: missing_normalized_title,missing_role_family",ollama,qwen2.5:7b,0.550,1,low_confidence|missing_normalized_title|missing_role_family|location_without_country,low_confidence,2
980,greenhouse,7456574,https://job-boards.greenhouse.io/gofundme/jobs/7456574,,,,,other,other,,,,Buenos Aires,,,,,,other,,,0,,,,onsite,,Buenos Aires,unspecified,unspecified,,,,,,,,in_review,"Location and country are inferred, but other details are missing. | rule_review: missing_normalized_title",ollama,qwen2.5:7b,0.550,1,low_confidence|missing_normalized_title|location_without_country,low_confidence,1
1095,greenhouse,6621293003,https://job-boards.greenhouse.io/celonis/jobs/6621293003?gh_jid=6621293003,,,,,other,other,,,,Redwood City,US,,,,,other,,,0,,,,onsite,US,Redwood City,unspecified,unspecified,,,,,,,,in_review,"Location and country are specified, but other details are missing or ambiguous. | rule_review: missing_normalized_title",ollama,qwen2.5:7b,0.550,1,low_confidence|missing_normalized_title,low_confidence,1
370,greenhouse,4394058,https://job-boards.greenhouse.io/canonical/jobs/4394058,,,,,other,other,,,,Home Based - Americas,,,,,,,,,,,,,remote,,Home Based - Americas,unspecified,unspecified,,,,,,,,in_review,"Location is specified as 'Home Based - Americas', which could be interpreted in multiple ways, and other fields are missing. | rule_review: missing_normalized_title,missing_role_family",ollama,qwen2.5:7b,0.550,1,low_confidence|missing_normalized_title|missing_role_family|location_without_country,low_confidence,2
1093,greenhouse,7635568003,https://job-boards.greenhouse.io/celonis/jobs/7635568003?gh_jid=7635568003,,,,,other,other,,,,London,GB,,,,,other,,,0,,,,onsite,GB,London,unspecified,unspecified,,,,,,,,in_review,"Title and role family are unknown, experience and education details are missing, employment type is unspecified. | rule_review: missing_normalized_title",ollama,qwen2.5:7b,0.550,1,low_confidence|missing_normalized_title,low_confidence,1
989,greenhouse,7343484,https://job-boards.greenhouse.io/inthepocket/jobs/7343484,,,,,other,other,,,,Amsterdam,NL,,,,,other,,,0,,,,onsite,NL,Amsterdam,,unspecified,,,,,,,,in_review,"Title and role family are unknown, employment type is unspecified. | rule_review: missing_normalized_title",ollama,qwen2.5:7b,0.550,1,low_confidence|missing_normalized_title,low_confidence,2
1904,greenhouse,7549466,https://job-boards.greenhouse.io/capco/jobs/7549466,,,,,other,other,,,,UK - London,,,,,,other,,,0,,,,onsite,GB,London,unspecified,unspecified,,,,,,,,in_review,"Location and country are specified, but other details are missing. | rule_review: missing_normalized_title",ollama,qwen2.5:7b,0.550,1,low_confidence|missing_normalized_title,low_confidence,1
1618,greenhouse,6366595,https://job-boards.greenhouse.io/capco/jobs/6366595,,,,,other,other,,,,Malaysia - Kuala Lumpur,,,,,,,,,,,,,onsite,,Kuala Lumpur,unspecified,unspecified,,,,,,,,in_review,"Location and city are specified, but other details are missing or ambiguous. | rule_review: missing_normalized_title,missing_role_family",ollama,qwen2.5:7b,0.550,1,low_confidence|missing_normalized_title|missing_role_family|location_without_country,low_confidence,2
640,greenhouse,4007711005,https://job-boards.greenhouse.io/gleanwork/jobs/4007711005,,,,,other,other,,,,San Francisco Bay Area,,,,,,other,,,0,,,,onsite,US,San Francisco Bay Area,full_time,unspecified,,,,,,,,in_review,City is specified but country is unknown; salary details are missing. | rule_review: missing_normalized_title,ollama,qwen2.5:7b,0.550,1,low_confidence|missing_normalized_title,low_confidence,1
1319,greenhouse,6608935003,https://job-boards.greenhouse.io/celonis/jobs/6608935003?gh_jid=6608935003,,,,,other,other,,,,Madrid,ES,,,,,other,,,0,,,,onsite,ES,Madrid,,unspecified,,,,,,,,in_review,"Title and role family are unknown, employment type is unspecified. | rule_review: missing_normalized_title",ollama,qwen2.5:7b,0.550,1,low_confidence|missing_normalized_title,low_confidence,2
360,greenhouse,2166631,https://job-boards.greenhouse.io/canonical/jobs/2166631,,,,,other,other,,,,,,,,,,,,,,,,,,,,,,,,,,,,,in_review,"Pred values are all 'other' or missing, indicating low confidence and ambiguity. | rule_review: missing_normalized_title,missing_role_family,too_many_core_fields_missing",ollama,qwen2.5:7b,0.150,1,low_confidence|missing_normalized_title|missing_role_family|too_many_core_fields_missing|sparse_output,low_confidence,5
1848,greenhouse,7559857,https://job-boards.greenhouse.io/capco/jobs/7559857,,,,,other,other,,,,Brazil - Sao Paulo,,,,,,other,,,0,,,,onsite,BR,Sao Paulo,unspecified,unspecified,,,,,,,,in_review,"Location and country are provided, but other details are missing. | rule_review: missing_normalized_title",ollama,qwen2.5:7b,0.550,1,low_confidence|missing_normalized_title,low_confidence,1
1439,greenhouse,7058491,https://job-boards.greenhouse.io/appier/jobs/7058491,,,,,other,other,,,,Taipei,,,,,,other,,,0,,,,onsite,TW,Taipei,,unspecified,,,,,,,,in_review,"City is specified but country is missing, and other fields are unknown. | rule_review: missing_normalized_title",ollama,qwen2.5:7b,0.550,1,low_confidence|missing_normalized_title,low_confidence,2
1557,greenhouse,7537528,https://job-boards.greenhouse.io/capco/jobs/7537528,,,,,other,other,,,,India - Mumbai,IN,,,,,other,,,0,,,,onsite,IN,Mumbai,unspecified,unspecified,,,,,,,,in_review,"Location and country are specified, but other details are missing or unknown. | rule_review: missing_normalized_title",ollama,qwen2.5:7b,0.550,1,low_confidence|missing_normalized_title,low_confidence,1
534,greenhouse,7043028,https://job-boards.greenhouse.io/canonical/jobs/7043028,,,,,other,other,,,,,,,,,,,,,,,,,,,,,,,,,,,,,in_review,"Pred values are all 'other' or missing, indicating low confidence and ambiguity. | rule_review: missing_normalized_title,missing_role_family,too_many_core_fields_missing",ollama,qwen2.5:7b,0.150,1,low_confidence|missing_normalized_title|missing_role_family|too_many_core_fields_missing|sparse_output,low_confidence,5
1593,greenhouse,6368594,https://job-boards.greenhouse.io/capco/jobs/6368594,,,,,other,other,,,,Malaysia - Kuala Lumpur,,,,,,,,,,,,,onsite,,Kuala Lumpur,unspecified,unspecified,,,,,,,,in_review,"Location and city are specified, but other details are missing or ambiguous. | rule_review: missing_normalized_title,missing_role_family",ollama,qwen2.5:7b,0.550,1,low_confidence|missing_normalized_title|missing_role_family|location_without_country,low_confidence,2
1460,greenhouse,7399590,https://job-boards.greenhouse.io/datacamp/jobs/7399590,,,,,other,other,,,,Belgium,US,,,,,other,,,0,,,,onsite,US,Belgium,,unspecified,,,,,,,,in_review,Location is ambiguous (Belgium in US context) | rule_review: missing_normalized_title,ollama,qwen2.5:7b,0.550,1,low_confidence|missing_normalized_title,low_confidence,2
1391,greenhouse,7510874,https://job-boards.greenhouse.io/appier/jobs/7510874,,,,,other,other,,,,Taipei,,,,,,other,,,0,,,,onsite,TW,Taipei,,unspecified,,,,,,,,in_review,"City is specified but country is missing, and other fields are unknown. | rule_review: missing_normalized_title",ollama,qwen2.5:7b,0.550,1,low_confidence|missing_normalized_title,low_confidence,2
281,greenhouse,3275433,https://job-boards.greenhouse.io/canonical/jobs/3275433,,,,,other,other,,,,,,,,,,,,,,,,,,,,,,,,,,,,,in_review,"Pred values are all 'other' or missing, indicating low confidence and ambiguity. | rule_review: missing_normalized_title,missing_role_family,too_many_core_fields_missing",ollama,qwen2.5:7b,0.150,1,low_confidence|missing_normalized_title|missing_role_family|too_many_core_fields_missing|sparse_output,low_confidence,5
300,greenhouse,7074861,https://job-boards.greenhouse.io/canonical/jobs/7074861,,,,,other,other,,,,Taipei,,,,,,other,,,0,,,,onsite,TW,Taipei,,unspecified,,,,,,,,in_review,"City is specified but country is missing, and other fields are unknown. | rule_review: missing_normalized_title",ollama,qwen2.5:7b,0.550,1,low_confidence|missing_normalized_title,low_confidence,2
320,greenhouse,7084000,https://job-boards.greenhouse.io/canonical/jobs/7084000,,,,,other,other,,,,,,,,,,,,,,,,,,,,,,,,,,,,,in_review,"Pred values are all 'other' or missing, indicating low confidence and ambiguity. | rule_review: missing_normalized_title,missing_role_family,too_many_core_fields_missing",ollama,qwen2.5:7b,0.150,1,low_confidence|missing_normalized_title|missing_role_family|too_many_core_fields_missing|sparse_output,low_confidence,5
1151,greenhouse,7618718003,https://job-boards.greenhouse.io/celonis/jobs/7618718003?gh_jid=7618718003,,,,,other,other,,,,London,GB,,,,,other,,,0,,,,onsite,GB,London,unspecified,unspecified,,,,,,,,in_review,"Title and role family are unknown, experience and education details are missing, employment type is unspecified. | rule_review: missing_normalized_title",ollama,qwen2.5:7b,0.550,1,low_confidence|missing_normalized_title,low_confidence,1
1385,greenhouse,7192666,https://job-boards.greenhouse.io/appier/jobs/7192666,,,,,other,other,,,,Taipei,,,,,,other,,,0,,,,onsite,TW,Taipei,,unspecified,,,,,,,,in_review,"City is specified but country is missing, and other fields are unknown. | rule_review: missing_normalized_title",ollama,qwen2.5:7b,0.550,1,low_confidence|missing_normalized_title,low_confidence,2
718,greenhouse,4388073005,https://job-boards.greenhouse.io/gleanwork/jobs/4388073005,,,,,other,other,,,,Bangalore,IN,,,,,other,,,0,,,,onsite,IN,Bangalore,,unspecified,,,,,,,,in_review,"Title and role family are unknown, employment type is unspecified. | rule_review: missing_normalized_title",ollama,qwen2.5:7b,0.550,1,low_confidence|missing_normalized_title,low_confidence,2
928,greenhouse,7590626003,https://job-boards.greenhouse.io/truebill/jobs/7590626003,,,,,other,other,,,,San Francisco,NY,,,,,other,,,0,,,,,NY,San Francisco,,unspecified,,,,,,,,in_review,"Location information is ambiguous (NY vs San Francisco). Seniority and employment type are missing. | rule_review: missing_normalized_title,too_many_core_fields_missing",ollama,qwen2.5:7b,0.550,1,low_confidence|missing_normalized_title|too_many_core_fields_missing,low_confidence,3
1559,greenhouse,7573514,https://job-boards.greenhouse.io/capco/jobs/7573514,,,,,other,other,,,,India - Mumbai,IN,,,,,other,,,0,,,,onsite,IN,Mumbai,unspecified,unspecified,,,,,,,,in_review,"Location and country are specified, but other details are missing or unknown. | rule_review: missing_normalized_title",ollama,qwen2.5:7b,0.550,1,low_confidence|missing_normalized_title,low_confidence,1
228,greenhouse,6739928002,https://job-boards.greenhouse.io/gomotive/jobs/6739928002,,,,,other,other,,,,United States - Nashville,US,,,,,,,,,,,,onsite,US,United States - Nashville,,,,,,,,,,in_review,"Title and role family are unknown, employment type is unspecified. | rule_review: missing_normalized_title,missing_role_family,too_many_core_fields_missing",ollama,qwen2.5:7b,0.550,1,low_confidence|missing_normalized_title|missing_role_family|too_many_core_fields_missing|sparse_output,low_confidence,4
1121,greenhouse,7643335003,https://job-boards.greenhouse.io/celonis/jobs/7643335003?gh_jid=7643335003,,,,,other,other,,,,Raleigh,US,,,,,other,,,0,,,,onsite,US,Raleigh,unspecified,unspecified,,,,,,,,in_review,"Title and role family are unknown, experience and education details are missing, employment type is unspecified. | rule_review: missing_normalized_title",ollama,qwen2.5:7b,0.550,1,low_confidence|missing_normalized_title,low_confidence,1
365,greenhouse,6484410,https://job-boards.greenhouse.io/canonical/jobs/6484410,,,,,other,other,,,,Home Based - Americas,,,,,,,,,,,,,remote,,Home Based - Americas,unspecified,unspecified,,,,,,,,in_review,"Location is specified as 'Home Based - Americas', which could be interpreted in multiple ways, and other fields are missing. | rule_review: missing_normalized_title,missing_role_family",ollama,qwen2.5:7b,0.550,1,low_confidence|missing_normalized_title|missing_role_family|location_without_country,low_confidence,2
1849,greenhouse,7635418,https://job-boards.greenhouse.io/capco/jobs/7635418,,,,,other,other,,,,Brazil - Sao Paulo,,,,,,other,,,0,,,,onsite,BR,Sao Paulo,unspecified,unspecified,,,,,,,,in_review,"Location and country are provided, but other details are missing. | rule_review: missing_normalized_title",ollama,qwen2.5:7b,0.550,1,low_confidence|missing_normalized_title,low_confidence,1
975,greenhouse,7206748,https://job-boards.greenhouse.io/gofundme/jobs/7206748,,,,,other,other,,,,San Francisco,CA,,,,,other,,,0,,,,onsite,CA,San Francisco,,unspecified,,,,,,,,in_review,"Title and role family are not provided, employment type is missing, salary details are unknown. | rule_review: missing_normalized_title",ollama,qwen2.5:7b,0.550,1,low_confidence|missing_normalized_title,low_confidence,2
1961,greenhouse,7592033,https://job-boards.greenhouse.io/capco/jobs/7592033,,,,,other,other,,,,US - Orlando,,,,,,other,,,0,,,,onsite,US,Orlando,unspecified,unspecified,,,,,,,,in_review,"Location and country are provided but not in a structured format, seniority and employment type are missing. | rule_review: missing_normalized_title",ollama,qwen2.5:7b,0.550,1,low_confidence|missing_normalized_title,low_confidence,1
1735,greenhouse,7537140,https://job-boards.greenhouse.io/capco/jobs/7537140,,,,,other,other,,,,Canada - Toronto,CA,,,,,,,,,,,,onsite,CA,Canada - Toronto,unspecified,unspecified,,,,,,,,in_review,"Title and role family are not provided, experience, education level, employment type, seniority, salary details, and tools/tech are unknown. | rule_review: missing_normalized_title,missing_role_family",ollama,qwen2.5:7b,0.550,1,low_confidence|missing_normalized_title|missing_role_family,low_confidence,2
1815,greenhouse,7588673,https://job-boards.greenhouse.io/capco/jobs/7588673,,,,,other,other,,,,UK - London,,,,,,other,,,0,,,,onsite,GB,London,unspecified,unspecified,,,,,,,,in_review,"Location and country are specified, but other details are missing. | rule_review: missing_normalized_title",ollama,qwen2.5:7b,0.550,1,low_confidence|missing_normalized_title,low_confidence,1
569,greenhouse,4663798005,https://job-boards.greenhouse.io/gleanwork/jobs/4663798005,,,,,other,other,,,,Palo Alto,CA,,,,,other,,,0,,,,onsite,CA,Palo Alto,unspecified,unspecified,,,,,,,,in_review,"Title and role family are unknown, salary details are missing. | rule_review: missing_normalized_title",ollama,qwen2.5:7b,0.500,1,low_confidence|missing_normalized_title,low_confidence,1
32,greenhouse,7644646,https://job-boards.greenhouse.io/smartsheet/jobs/7644646,,,,,other,other,,,,Bellevue,US,,,,,other,,,0,,,,onsite,US,Bellevue,unspecified,unspecified,,,,,,,,in_review,"Title and role family are not provided, experience and salary details are missing. | rule_review: missing_normalized_title",ollama,qwen2.5:7b,0.550,1,low_confidence|missing_normalized_title,low_confidence,1
1874,greenhouse,7657887,https://job-boards.greenhouse.io/capco/jobs/7657887,,,,,other,other,,,,UK - London,,,,,,other,,,0,,,,onsite,GB,London,unspecified,unspecified,,,,,,,,in_review,"Location and country are specified, but other details are missing. | rule_review: missing_normalized_title",ollama,qwen2.5:7b,0.550,1,low_confidence|missing_normalized_title,low_confidence,1
1282,greenhouse,7500476003,https://job-boards.greenhouse.io/celonis/jobs/7500476003?gh_jid=7500476003,,,,,other,other,,,,Stockholm,,,,,,other,,,0,,,,onsite,,Stockholm,,unspecified,,,,,,,,in_review,"Location and city are specified, but other details are missing. | rule_review: missing_normalized_title",ollama,qwen2.5:7b,0.550,1,low_confidence|missing_normalized_title|location_without_country,low_confidence,2
1613,greenhouse,7581023,https://job-boards.greenhouse.io/capco/jobs/7581023,,,,,other,other,,,,UK - London,,,,,,other,,,0,,,,onsite,GB,London,unspecified,unspecified,,,,,,,,in_review,"Location and country are specified, but other details are missing. | rule_review: missing_normalized_title",ollama,qwen2.5:7b,0.550,1,low_confidence|missing_normalized_title,low_confidence,1
516,greenhouse,7440248,https://job-boards.greenhouse.io/canonical/jobs/7440248,,,,,other,other,,,,,,,,,,,,,,,,,,,,,,,,,,,,,in_review,"Pred values are all 'other' or missing, indicating low confidence and ambiguity. | rule_review: missing_normalized_title,missing_role_family,too_many_core_fields_missing",ollama,qwen2.5:7b,0.150,1,low_confidence|missing_normalized_title|missing_role_family|too_many_core_fields_missing|sparse_output,low_confidence,5
1079,greenhouse,6095979003,https://job-boards.greenhouse.io/celonis/jobs/6095979003?gh_jid=6095979003,,,,,other,other,,,,New York,US,,,,,other,,,0,,,,onsite,US,New York,unspecified,unspecified,,,,,,,,in_review,"Title and role family are unknown, experience and education details are missing, employment type is unspecified. | rule_review: missing_normalized_title",ollama,qwen2.5:7b,0.500,1,low_confidence|missing_normalized_title,low_confidence,1
1211,greenhouse,7419789003,https://job-boards.greenhouse.io/celonis/jobs/7419789003?gh_jid=7419789003,,,,,other,other,,,,Munich,DE,,,,,other,,,0,,,,onsite,DE,Munich,unspecified,unspecified,,,,,,,,in_review,"Title and role family are unknown, experience and education details are missing, employment type is unspecified. | rule_review: missing_normalized_title",ollama,qwen2.5:7b,0.500,1,low_confidence|missing_normalized_title,low_confidence,1
1703,greenhouse,7026073,https://job-boards.greenhouse.io/capco/jobs/7026073,,,,,other,other,,,,India - Pune,IN,,,,,other,,,0,,,,onsite,IN,Pune,unspecified,unspecified,,,,,,,,in_review,"Location and country are specified, but other details are missing or ambiguous. | rule_review: missing_normalized_title",ollama,qwen2.5:7b,0.550,1,low_confidence|missing_normalized_title,low_confidence,1
1872,greenhouse,7660344,https://job-boards.greenhouse.io/capco/jobs/7660344,,,,,other,other,,,,China - Hong Kong,,,,,,,,,,,,,,CN,Hong Kong,,,,,,,,,,in_review,"Location information is partially provided, country and city are specified but the location type is unknown. Confidence is below threshold. | rule_review: missing_normalized_title,missing_role_family,too_many_core_fields_missing",ollama,qwen2.5:7b,0.550,1,low_confidence|missing_normalized_title|missing_role_family|too_many_core_fields_missing|sparse_output,low_confidence,5
1597,greenhouse,7653242,https://job-boards.greenhouse.io/capco/jobs/7653242,,,,,other,other,,,,Belgium - Brussels,,,,,,other,,,0,,,,onsite,,Brussels,unspecified,unspecified,,,,,,,,in_review,"Location and country are specified, but other details are missing. | rule_review: missing_normalized_title",ollama,qwen2.5:7b,0.550,1,low_confidence|missing_normalized_title|location_without_country,low_confidence,1
1522,greenhouse,7649251,https://job-boards.greenhouse.io/capco/jobs/7649251,,,,,other,other,,,,China - Hong Kong,,,,,,,,,,,,,,CN,Hong Kong,,,,,,,,,,in_review,"Location information is partially provided, country and city are specified but the location type is unknown. Confidence is below threshold. | rule_review: missing_normalized_title,missing_role_family,too_many_core_fields_missing",ollama,qwen2.5:7b,0.550,1,low_confidence|missing_normalized_title|missing_role_family|too_many_core_fields_missing|sparse_output,low_confidence,5
54,greenhouse,7584948,https://job-boards.greenhouse.io/smartsheet/jobs/7584948,,,,,other,other,,,,London,GB,,,,,other,,,0,,,,onsite,GB,London,unspecified,unspecified,,,,,,,,in_review,"Title and role family are unknown, experience and education details are missing, employment type is unspecified. | rule_review: missing_normalized_title",ollama,qwen2.5:7b,0.550,1,low_confidence|missing_normalized_title,low_confidence,1
1177,greenhouse,5950671003,https://job-boards.greenhouse.io/celonis/jobs/5950671003?gh_jid=5950671003,,,,,other,other,,,,New York,US,,,,,other,,,0,,,,onsite,US,New York,unspecified,unspecified,,,,,,,,in_review,"Title and role family are unknown, experience and education details are missing, employment type is unspecified. | rule_review: missing_normalized_title",ollama,qwen2.5:7b,0.500,1,low_confidence|missing_normalized_title,low_confidence,1
1808,greenhouse,7594853,https://job-boards.greenhouse.io/capco/jobs/7594853,,,,,other,other,,,,UK - London,,,,,,other,,,0,,,,onsite,GB,London,unspecified,unspecified,,,,,,,,in_review,"Location and country are specified, but other details are missing. | rule_review: missing_normalized_title",ollama,qwen2.5:7b,0.550,1,low_confidence|missing_normalized_title,low_confidence,1
367,greenhouse,4717512,https://job-boards.greenhouse.io/canonical/jobs/4717512,,,,,other,other,,,,,,,,,,,,,,,,,,,,,,,,,,,,,in_review,"Pred values are all 'other' or missing, indicating low confidence and ambiguity. | rule_review: missing_normalized_title,missing_role_family,too_many_core_fields_missing",ollama,qwen2.5:7b,0.150,1,low_confidence|missing_normalized_title|missing_role_family|too_many_core_fields_missing|sparse_output,low_confidence,5
1855,greenhouse,7493742,https://job-boards.greenhouse.io/capco/jobs/7493742,,,,,other,other,,,,Brazil - Sao Paulo,,,,,,other,,,0,,,,onsite,BR,Sao Paulo,unspecified,unspecified,,,,,,,,in_review,"Location and country are provided, but other details are missing. | rule_review: missing_normalized_title",ollama,qwen2.5:7b,0.550,1,low_confidence|missing_normalized_title,low_confidence,1
967,greenhouse,7298941,https://job-boards.greenhouse.io/gofundme/jobs/7298941,,,,,other,other,,,,Buenos Aires,,,,,,other,,,0,,,,onsite,,Buenos Aires,unspecified,unspecified,,,,,,,,in_review,"Location and country are inferred, but other details are missing. | rule_review: missing_normalized_title",ollama,qwen2.5:7b,0.550,1,low_confidence|missing_normalized_title|location_without_country,low_confidence,1
113,greenhouse,7325786,https://job-boards.greenhouse.io/smartsheet/jobs/7325786,,,,,other,other,,,,Bangalore,IN,,,,,other,,,0,,,,onsite,IN,Bangalore,,unspecified,,,,,,,,in_review,"Title and role family are unknown, employment type is unspecified. | rule_review: missing_normalized_title",ollama,qwen2.5:7b,0.550,1,low_confidence|missing_normalized_title,low_confidence,2
796,greenhouse,5783167004,https://job-boards.greenhouse.io/grafanalabs/jobs/5783167004,,,,,other,other,,,remote,,DE,,,,,other,,,0,,,,remote,DE,,,unspecified,,,,,,,,in_review,"Title and role family are unknown, experience and employment type are unspecified. | rule_review: missing_normalized_title",ollama,qwen2.5:7b,0.550,1,low_confidence|missing_normalized_title,low_confidence,2
1986,greenhouse,4751895,https://job-boards.greenhouse.io/mavensecuritiesholdingltd/jobs/4751895,,,,,other,other,,,,London,GB,,,,,other,,,0,,,,onsite,GB,London,unspecified,unspecified,,,,,,,,in_review,"Title and role family are unknown, experience and education details are missing, employment type is unspecified. | rule_review: missing_normalized_title",ollama,qwen2.5:7b,0.550,1,low_confidence|missing_normalized_title,low_confidence,1
808,greenhouse,5799188004,https://job-boards.greenhouse.io/grafanalabs/jobs/5799188004,,,,,other,other,,,remote,,DE,,,,,other,,,0,,,,remote,DE,,,unspecified,,,,,,,,in_review,"Title and role family are unknown, experience and employment type are unspecified. | rule_review: missing_normalized_title",ollama,qwen2.5:7b,0.550,1,low_confidence|missing_normalized_title,low_confidence,2
662,greenhouse,4666997005,https://job-boards.greenhouse.io/gleanwork/jobs/4666997005,,,,,other,other,,,,Nashville,,,,,,other,,,0,,,,,,Nashville,,,,,,,,,,in_review,"Ambiguous role family, seniority, employment type, and country. | rule_review: missing_normalized_title,too_many_core_fields_missing",ollama,qwen2.5:7b,0.500,1,low_confidence|missing_normalized_title|too_many_core_fields_missing|sparse_output,low_confidence,4
1506,greenhouse,5753043004,https://job-boards.greenhouse.io/kalepa/jobs/5753043004,,,,,other,other,,,remote,,NY,,,,,other,,,0,,,,remote,NY,,,unspecified,,,,,,,,in_review,"Title and role family are unknown, experience and employment type are unspecified. | rule_review: missing_normalized_title",ollama,qwen2.5:7b,0.550,1,low_confidence|missing_normalized_title,low_confidence,2
1283,greenhouse,7594946003,https://job-boards.greenhouse.io/celonis/jobs/7594946003?gh_jid=7594946003,,,,,other,other,,,,Munich,DE,,,,,other,,,0,,,,onsite,DE,Munich,unspecified,unspecified,,,,,,,,in_review,"Title and role family are unknown, experience and education details are missing, employment type is unspecified. | rule_review: missing_normalized_title",ollama,qwen2.5:7b,0.500,1,low_confidence|missing_normalized_title,low_confidence,1
897,greenhouse,5427890004,https://job-boards.greenhouse.io/correlationone/jobs/5427890004,,,,,other,other,,,remote,,CA,,,,,other,,,0,,,,remote,CA,,,unspecified,,,,,,,,in_review,"Title and role family are unknown, experience and employment type are unspecified. | rule_review: missing_normalized_title",ollama,qwen2.5:7b,0.500,1,low_confidence|missing_normalized_title,low_confidence,2
1878,greenhouse,7592799,https://job-boards.greenhouse.io/capco/jobs/7592799,,,,,other,other,,,,US - New York,,,,,,other,,,0,,,,onsite,US,New York,unspecified,unspecified,,,,,,,,in_review,"Location and country are provided but not fully consistent, needs more context. | rule_review: missing_normalized_title",ollama,qwen2.5:7b,0.550,1,low_confidence|missing_normalized_title,low_confidence,1
771,greenhouse,5796306004,https://job-boards.greenhouse.io/grafanalabs/jobs/5796306004,,,,,other,other,,,remote,,,,,,,other,,,0,,,,remote,,,,unspecified,,,,,,,,in_review,"Title and role family are not specified, experience and employment type are unknown. | rule_review: missing_normalized_title",ollama,qwen2.5:7b,0.500,1,low_confidence|missing_normalized_title|location_without_country,low_confidence,2
1779,greenhouse,7582838,https://job-boards.greenhouse.io/capco/jobs/7582838,,,,,other,other,,,,,PL,,,,,other,,,0,,,,,PL,,,unspecified,,,,,,,,in_review,"Title and role family are not specified, experience and employment type are unknown. | rule_review: missing_normalized_title,too_many_core_fields_missing",ollama,qwen2.5:7b,0.500,1,low_confidence|missing_normalized_title|too_many_core_fields_missing,low_confidence,3
793,greenhouse,5693691004,https://job-boards.greenhouse.io/grafanalabs/jobs/5693691004,,,,,other,other,,,remote,,,,,,,other,,,0,,,,remote,,,,unspecified,,,,,,,,in_review,"Title and role family are not specified, experience and employment type are unknown. | rule_review: missing_normalized_title",ollama,qwen2.5:7b,0.500,1,low_confidence|missing_normalized_title|location_without_country,low_confidence,2
1424,greenhouse,5476743,https://job-boards.greenhouse.io/appier/jobs/5476743,,,,,other,other,,,,Taipei,,,,,,other,,,0,,,,onsite,TW,Taipei,,unspecified,,,,,,,,in_review,"City is specified but country is missing, and other fields are unknown. | rule_review: missing_normalized_title",ollama,qwen2.5:7b,0.550,1,low_confidence|missing_normalized_title,low_confidence,2
770,greenhouse,5802655004,https://job-boards.greenhouse.io/grafanalabs/jobs/5802655004,,,,,other,other,,,remote,,US,,,,,other,,,0,,,,remote,US,,,unspecified,,,,,,,,in_review,"Title and role family are unknown, experience and employment type are unspecified. | rule_review: missing_normalized_title",ollama,qwen2.5:7b,0.500,1,low_confidence|missing_normalized_title,low_confidence,2
1533,greenhouse,7585221,https://job-boards.greenhouse.io/capco/jobs/7585221,,,,,other,other,,,,India - Bengaluru,IN,,,,,,,,0,,,,onsite,IN,Bengaluru,unspecified,unspecified,,,,,,,,in_review,"Title and role family are not provided, experience and education details are missing, employment type is unspecified. | rule_review: missing_normalized_title,missing_role_family",ollama,qwen2.5:7b,0.550,1,low_confidence|missing_normalized_title|missing_role_family,low_confidence,2
1014,greenhouse,7301903,https://job-boards.greenhouse.io/webflow/jobs/7301903,,,,,other,other,,,remote,,US,,,,,other,,,0,,,,remote,US,,,unspecified,,,,,,,,in_review,"Title and role family are unknown, experience and employment type are unspecified. | rule_review: missing_normalized_title",ollama,qwen2.5:7b,0.500,1,low_confidence|missing_normalized_title,low_confidence,2
1174,greenhouse,6559243003,https://job-boards.greenhouse.io/celonis/jobs/6559243003?gh_jid=6559243003,,,,,other,other,,,,London,GB,,,,,other,,,0,,,,onsite,GB,London,unspecified,unspecified,,,,,,,,in_review,"Title and role family are unknown, experience and education details are missing, employment type is unspecified. | rule_review: missing_normalized_title",ollama,qwen2.5:7b,0.550,1,low_confidence|missing_normalized_title,low_confidence,1
831,greenhouse,5808860004,https://job-boards.greenhouse.io/grafanalabs/jobs/5808860004,,,,,other,other,,,remote,,ES,,,,,other,,,0,,,,remote,ES,,,unspecified,,,,,,,,in_review,"Title and role family are unknown, employment type is missing. | rule_review: missing_normalized_title",ollama,qwen2.5:7b,0.550,1,low_confidence|missing_normalized_title,low_confidence,2
129,greenhouse,7654140,https://job-boards.greenhouse.io/smartsheet/jobs/7654140,,,,,other,other,,,,Bangalore,IN,,,,,other,,,0,,,,onsite,IN,Bangalore,,unspecified,,,,,,,,in_review,"Title and role family are unknown, employment type is unspecified. | rule_review: missing_normalized_title",ollama,qwen2.5:7b,0.550,1,low_confidence|missing_normalized_title,low_confidence,2
839,greenhouse,5688185004,https://job-boards.greenhouse.io/grafanalabs/jobs/5688185004,,,,,other,other,,,remote,,ES,,,,,other,,,0,,,,remote,ES,,,unspecified,,,,,,,,in_review,"Title and role family are unknown, employment type is missing. | rule_review: missing_normalized_title",ollama,qwen2.5:7b,0.550,1,low_confidence|missing_normalized_title,low_confidence,2
1650,greenhouse,7529761,https://job-boards.greenhouse.io/capco/jobs/7529761,,,,,other,other,,,,Middle East - Riyadh,,,,,,other,,,0,,,,onsite,,Riyadh,unspecified,unspecified,,,,,,,,in_review,"Location and country are inferred, but not explicitly provided in the input. | rule_review: missing_normalized_title",ollama,qwen2.5:7b,0.550,1,low_confidence|missing_normalized_title|location_without_country,low_confidence,1
803,greenhouse,5798970004,https://job-boards.greenhouse.io/grafanalabs/jobs/5798970004,,,,,other,other,,,remote,,US,,,,,other,,,0,,,,remote,US,,,unspecified,,,,,,,,in_review,"Title and role family are unknown, experience and employment type are unspecified. | rule_review: missing_normalized_title",ollama,qwen2.5:7b,0.500,1,low_confidence|missing_normalized_title,low_confidence,2
1998,greenhouse,7540304,https://job-boards.greenhouse.io/mavensecuritiesholdingltd/jobs/7540304,,,,,other,other,,,,Chicago,,,,,,other,,,0,,,,,US,Chicago,,,,,,,,,,in_review,"Title and role family are unknown, location is ambiguous without employment type or seniority level. | rule_review: missing_normalized_title,too_many_core_fields_missing",ollama,qwen2.5:7b,0.550,1,low_confidence|missing_normalized_title|too_many_core_fields_missing|sparse_output,low_confidence,4
828,greenhouse,5802047004,https://job-boards.greenhouse.io/grafanalabs/jobs/5802047004,,,,,other,other,,,remote,,CA,,,,,other,,,0,,,,remote,CA,,,unspecified,,,,,,,,in_review,"Title and role family are unknown, experience and employment type are unspecified. | rule_review: missing_normalized_title",ollama,qwen2.5:7b,0.500,1,low_confidence|missing_normalized_title,low_confidence,2
1819,greenhouse,7588679,https://job-boards.greenhouse.io/capco/jobs/7588679,,,,,other,other,,,,UK - London,,,,,,other,,,0,,,,onsite,GB,London,unspecified,unspecified,,,,,,,,in_review,"Location and country are specified, but other details are missing. | rule_review: missing_normalized_title",ollama,qwen2.5:7b,0.550,1,low_confidence|missing_normalized_title,low_confidence,1
138,greenhouse,7812270002,https://job-boards.greenhouse.io/gomotive/jobs/7812270002,,,,,other,other,,,remote,,US,,,,,other,,,0,,,,remote,US,,,unspecified,,,,,,,,in_review,"Title and role family are unknown, experience and employment type are unspecified. | rule_review: missing_normalized_title",ollama,qwen2.5:7b,0.500,1,low_confidence|missing_normalized_title,low_confidence,2
1789,greenhouse,7585729,https://job-boards.greenhouse.io/capco/jobs/7585729,,,,,other,other,,,,Czech Republic - Brno,,,,,,,,,,,,,onsite,,Brno,unspecified,unspecified,,,,,,,,in_review,"Location and country are provided, but other details are missing or ambiguous. | rule_review: missing_normalized_title,missing_role_family",ollama,qwen2.5:7b,0.550,1,low_confidence|missing_normalized_title|missing_role_family|location_without_country,low_confidence,2
216,greenhouse,8096781002,https://job-boards.greenhouse.io/gomotive/jobs/8096781002,,,,,other,other,,,remote,,IN,,,,,other,,,0,,,,remote,IN,,,unspecified,,,,,,,,in_review,"Title and role family are not provided, experience and employment type are unknown. | rule_review: missing_normalized_title",ollama,qwen2.5:7b,0.550,1,low_confidence|missing_normalized_title,low_confidence,2
1566,greenhouse,7504958,https://job-boards.greenhouse.io/capco/jobs/7504958,,,,,other,other,,,,US - Houston,,,,,,other,,,0,,,,onsite,US,Houston,unspecified,unspecified,,,,,,,,in_review,"Location and country are specified, but other details are missing. | rule_review: missing_normalized_title",ollama,qwen2.5:7b,0.550,1,low_confidence|missing_normalized_title,low_confidence,1
28,greenhouse,7381236,https://job-boards.greenhouse.io/omadahealth/jobs/7381236,,,,,other,other,,,remote,,US,,,,,other,,,0,,,,remote,US,,,unspecified,,,,,,,,in_review,"Title and role family are unknown, experience and employment type are unspecified. | rule_review: missing_normalized_title",ollama,qwen2.5:7b,0.500,1,low_confidence|missing_normalized_title,low_confidence,2
1690,greenhouse,7570937,https://job-boards.greenhouse.io/capco/jobs/7570937,,,,,other,other,,,,India - Bengaluru,IN,,,,,,,,0,,,,onsite,IN,Bengaluru,unspecified,unspecified,,,,,,,,in_review,"Title and role family are not provided, experience and education details are missing, employment type is unspecified. | rule_review: missing_normalized_title,missing_role_family",ollama,qwen2.5:7b,0.550,1,low_confidence|missing_normalized_title|missing_role_family,low_confidence,2
732,greenhouse,8362790002,https://job-boards.greenhouse.io/dv01/jobs/8362790002,,,,,other,other,,,remote,,US,,,,,other,,,0,,,,remote,US,,,unspecified,,,,,,,,in_review,"Title and role family are unknown, experience and employment type are unspecified. | rule_review: missing_normalized_title",ollama,qwen2.5:7b,0.500,1,low_confidence|missing_normalized_title,low_confidence,2
126,greenhouse,7551022,https://job-boards.greenhouse.io/smartsheet/jobs/7551022,,,,,other,other,,,,Bangalore,IN,,,,,other,,,0,,,,onsite,IN,Bangalore,,unspecified,,,,,,,,in_review,"Title and role family are unknown, employment type is unspecified. | rule_review: missing_normalized_title",ollama,qwen2.5:7b,0.550,1,low_confidence|missing_normalized_title,low_confidence,2
254,greenhouse,8021088002,https://job-boards.greenhouse.io/gomotive/jobs/8021088002,,,,,other,other,,,remote,,,,,,,other,,,0,,,,remote,,,,unspecified,,,,,,,,in_review,"Title and role family are not specified, experience and employment type are unknown. | rule_review: missing_normalized_title",ollama,qwen2.5:7b,0.500,1,low_confidence|missing_normalized_title|location_without_country,low_confidence,2
1591,greenhouse,7433436,https://job-boards.greenhouse.io/capco/jobs/7433436,,,,,other,other,,,,Malaysia - Kuala Lumpur,,,,,,,,,,,,,onsite,,Kuala Lumpur,unspecified,unspecified,,,,,,,,in_review,"Location and city are specified, but other details are missing or ambiguous. | rule_review: missing_normalized_title,missing_role_family",ollama,qwen2.5:7b,0.550,1,low_confidence|missing_normalized_title|missing_role_family|location_without_country,low_confidence,2
252,greenhouse,8021070002,https://job-boards.greenhouse.io/gomotive/jobs/8021070002,,,,,other,other,,,remote,,,,,,,other,,,0,,,,remote,,,,unspecified,,,,,,,,in_review,"Title and role family are not specified, experience and employment type are unknown. | rule_review: missing_normalized_title",ollama,qwen2.5:7b,0.500,1,low_confidence|missing_normalized_title|location_without_country,low_confidence,2
1185,greenhouse,7540468003,https://job-boards.greenhouse.io/celonis/jobs/7540468003?gh_jid=7540468003,,,,,other,other,,,,Munich,DE,,,,,other,,,0,,,,onsite,DE,Munich,unspecified,unspecified,,,,,,,,in_review,"Title and role family are unknown, experience and education details are missing, employment type is unspecified. | rule_review: missing_normalized_title",ollama,qwen2.5:7b,0.500,1,low_confidence|missing_normalized_title,low_confidence,1
875,greenhouse,5804917004,https://job-boards.greenhouse.io/grafanalabs/jobs/5804917004,,,,,other,other,,,remote,,ES,,,,,other,,,0,,,,remote,ES,,,unspecified,,,,,,,,in_review,"Title and role family are unknown, employment type is missing. | rule_review: missing_normalized_title",ollama,qwen2.5:7b,0.550,1,low_confidence|missing_normalized_title,low_confidence,2
63,greenhouse,7538940,https://job-boards.greenhouse.io/smartsheet/jobs/7538940,,,,,other,other,,,,San Francisco,US,,,,,other,,,0,,,,onsite,US,San Francisco,,unspecified,,,,,,,,in_review,"Title and role family are unknown, employment type is unspecified. | rule_review: missing_normalized_title",ollama,qwen2.5:7b,0.500,1,low_confidence|missing_normalized_title,low_confidence,2
1354,greenhouse,7308675,https://job-boards.greenhouse.io/thumbtack/jobs/7308675,,,,,other,other,,,remote,,,,,,,other,,,0,,,,remote,,,,unspecified,,,,,,,,in_review,"Title and role family are not specified, experience and employment type are unknown. | rule_review: missing_normalized_title",ollama,qwen2.5:7b,0.500,1,low_confidence|missing_normalized_title|location_without_country,low_confidence,2
707,greenhouse,4638358005,https://job-boards.greenhouse.io/gleanwork/jobs/4638358005,,,,,other,other,,,,Melbourne,AU,,,,,other,,,0,,,,onsite,AU,Melbourne,,unspecified,,,,,,,,in_review,"Title and role family are unknown, employment type is unspecified. | rule_review: missing_normalized_title",ollama,qwen2.5:7b,0.550,1,low_confidence|missing_normalized_title,low_confidence,2
856,greenhouse,5809023004,https://job-boards.greenhouse.io/grafanalabs/jobs/5809023004,,,,,other,other,,,remote,,US,,,,,other,,,0,,,,remote,US,,,unspecified,,,,,,,,in_review,"Title and role family are unknown, experience and employment type are unspecified. | rule_review: missing_normalized_title",ollama,qwen2.5:7b,0.500,1,low_confidence|missing_normalized_title,low_confidence,2
1568,greenhouse,7653230,https://job-boards.greenhouse.io/capco/jobs/7653230,,,,,other,other,,,,Belgium - Brussels,,,,,,other,,,0,,,,onsite,,Brussels,unspecified,unspecified,,,,,,,,in_review,"Location and country are specified, but other details are missing. | rule_review: missing_normalized_title",ollama,qwen2.5:7b,0.550,1,low_confidence|missing_normalized_title|location_without_country,low_confidence,1
184,greenhouse,8381125002,https://job-boards.greenhouse.io/gomotive/jobs/8381125002,,,,,other,other,,,remote,,,,,,,other,,,0,,,,remote,,,,unspecified,,,,,,,,in_review,"Title and role family are not specified, experience and employment type are unknown. | rule_review: missing_normalized_title",ollama,qwen2.5:7b,0.500,1,low_confidence|missing_normalized_title|location_without_country,low_confidence,2
377,greenhouse,6177790,https://job-boards.greenhouse.io/canonical/jobs/6177790,,,,,other,other,,,,Toronto,CA,,,,,other,,,0,,,,onsite,CA,Toronto,,unspecified,,,,,,,,in_review,"Title and role family are unknown, employment type is unspecified. | rule_review: missing_normalized_title",ollama,qwen2.5:7b,0.550,1,low_confidence|missing_normalized_title,low_confidence,2
574,greenhouse,4661878005,https://job-boards.greenhouse.io/gleanwork/jobs/4661878005,,,,,other,other,,,remote,,US,,,,,other,,,0,,,,remote,US,,,unspecified,,,,,,,,in_review,"Title and role family are unknown, experience and employment type are unspecified. | rule_review: missing_normalized_title",ollama,qwen2.5:7b,0.500,1,low_confidence|missing_normalized_title,low_confidence,2
1738,greenhouse,7574766,https://job-boards.greenhouse.io/capco/jobs/7574766,,,,,other,other,,,,,PL,,,,,other,,,0,,,,,PL,,,unspecified,,,,,,,,in_review,"Title and role family are not specified, experience and employment type are unknown. | rule_review: missing_normalized_title,too_many_core_fields_missing",ollama,qwen2.5:7b,0.500,1,low_confidence|missing_normalized_title|too_many_core_fields_missing,low_confidence,3
92,greenhouse,7388435,https://job-boards.greenhouse.io/smartsheet/jobs/7388435,,,,,other,other,,,remote,,,,,,,other,,,0,,,,remote,,,,unspecified,,,,,,,,in_review,"Title and role family are not specified, experience and employment type are unknown. | rule_review: missing_normalized_title",ollama,qwen2.5:7b,0.500,1,low_confidence|missing_normalized_title|location_without_country,low_confidence,2
372,greenhouse,3262042,https://job-boards.greenhouse.io/canonical/jobs/3262042,,,,,other,other,,,,Taipei,,,,,,other,,,0,,,,onsite,TW,Taipei,,unspecified,,,,,,,,in_review,"City is specified but country is missing, and other fields are unknown. | rule_review: missing_normalized_title",ollama,qwen2.5:7b,0.550,1,low_confidence|missing_normalized_title,low_confidence,2
739,greenhouse,5786050004,https://job-boards.greenhouse.io/grafanalabs/jobs/5786050004,,,,,other,other,,,remote,,US,,,,,other,,,0,,,,remote,US,,,unspecified,,,,,,,,in_review,"Title and role family are unknown, experience and employment type are unspecified. | rule_review: missing_normalized_title",ollama,qwen2.5:7b,0.500,1,low_confidence|missing_normalized_title,low_confidence,2
1712,greenhouse,7518781,https://job-boards.greenhouse.io/capco/jobs/7518781,,,,,other,other,,,,,PL,,,,,other,,,0,,,,,PL,,,unspecified,,,,,,,,in_review,"Title and role family are not specified, experience and employment type are unknown. | rule_review: missing_normalized_title,too_many_core_fields_missing",ollama,qwen2.5:7b,0.500,1,low_confidence|missing_normalized_title|too_many_core_fields_missing,low_confidence,3
768,greenhouse,5735634004,https://job-boards.greenhouse.io/grafanalabs/jobs/5735634004,,,,,other,other,,,remote,,US,,,,,other,,,0,,,,remote,US,,,unspecified,,,,,,,,in_review,"Title and role family are unknown, experience and employment type are unspecified. | rule_review: missing_normalized_title",ollama,qwen2.5:7b,0.500,1,low_confidence|missing_normalized_title,low_confidence,2
1421,greenhouse,7267131,https://job-boards.greenhouse.io/appier/jobs/7267131,,,,,other,other,,,,Taipei,,,,,,other,,,0,,,,onsite,TW,Taipei,,unspecified,,,,,,,,in_review,"City is specified but country is missing, and other fields are unknown. | rule_review: missing_normalized_title",ollama,qwen2.5:7b,0.550,1,low_confidence|missing_normalized_title,low_confidence,2
133,greenhouse,8235635002,https://job-boards.greenhouse.io/gomotive/jobs/8235635002,,,,,other,other,,,remote,,,,,,,other,,,0,,,,remote,,,,unspecified,,,,,,,,in_review,"Title and role family are not specified, experience and employment type are unknown. | rule_review: missing_normalized_title",ollama,qwen2.5:7b,0.500,1,low_confidence|missing_normalized_title|location_without_country,low_confidence,2
682,greenhouse,4006731005,https://job-boards.greenhouse.io/gleanwork/jobs/4006731005,,,,,other,other,,,,Bangalore,IN,,,,,other,,,0,,,,onsite,IN,Bangalore,,unspecified,,,,,,,,in_review,"Title and role family are unknown, employment type is unspecified. | rule_review: missing_normalized_title",ollama,qwen2.5:7b,0.550,1,low_confidence|missing_normalized_title,low_confidence,2
1033,greenhouse,7470985,https://job-boards.greenhouse.io/webflow/jobs/7470985,,,,,other,other,,,remote,,US,,,,,other,,,0,,,,remote,US,,,unspecified,,,,,,,,in_review,"Title and role family are unknown, experience and employment type are unspecified. | rule_review: missing_normalized_title",ollama,qwen2.5:7b,0.500,1,low_confidence|missing_normalized_title,low_confidence,2
34,greenhouse,7637509,https://job-boards.greenhouse.io/smartsheet/jobs/7637509,,,,,other,other,,,,Boston,US,,,,,other,,,0,,,,onsite,US,Boston,,unspecified,,,,,,,,in_review,"Title and role family are unknown, employment type is unspecified. | rule_review: missing_normalized_title",ollama,qwen2.5:7b,0.500,1,low_confidence|missing_normalized_title,low_confidence,2
1332,greenhouse,7278601,https://job-boards.greenhouse.io/thumbtack/jobs/7278601,,,,,other,other,,,remote,,,,,,,other,,,0,,,,remote,,,,unspecified,,,,,,,,in_review,"Title and role family are not specified, experience and employment type are unknown. | rule_review: missing_normalized_title",ollama,qwen2.5:7b,0.500,1,low_confidence|missing_normalized_title|location_without_country,low_confidence,2
287,greenhouse,7566317,https://job-boards.greenhouse.io/canonical/jobs/7566317,,,,,other,other,,,,,,,,,,,,,,,,,,,,,,,,,,,,,in_review,"Pred values are all 'other' or missing, indicating low confidence and ambiguity. | rule_review: missing_normalized_title,missing_role_family,too_many_core_fields_missing",ollama,qwen2.5:7b,0.150,1,low_confidence|missing_normalized_title|missing_role_family|too_many_core_fields_missing|sparse_output,low_confidence,5
820,greenhouse,5811263004,https://job-boards.greenhouse.io/grafanalabs/jobs/5811263004,,,,,other,other,,,remote,,US,,,,,other,,,0,,,,remote,US,,,unspecified,,,,,,,,in_review,"Title and role family are unknown, experience and employment type are unspecified. | rule_review: missing_normalized_title",ollama,qwen2.5:7b,0.500,1,low_confidence|missing_normalized_title,low_confidence,2
1992,greenhouse,4685116,https://job-boards.greenhouse.io/mavensecuritiesholdingltd/jobs/4685116,,,,,other,other,,,,London,GB,,,,,other,,,0,,,,onsite,GB,London,unspecified,unspecified,,,,,,,,in_review,"Title and role family are unknown, experience and education details are missing, employment type is unspecified. | rule_review: missing_normalized_title",ollama,qwen2.5:7b,0.550,1,low_confidence|missing_normalized_title,low_confidence,1
1032,greenhouse,7456130,https://job-boards.greenhouse.io/webflow/jobs/7456130,,,,,other,other,,,remote,,,,,,,other,,,0,,,,remote,,,,unspecified,,,,,,,,in_review,"Title and role family are not specified, experience and employment type are unknown. | rule_review: missing_normalized_title",ollama,qwen2.5:7b,0.500,1,low_confidence|missing_normalized_title|location_without_country,low_confidence,2
102,greenhouse,7105333,https://job-boards.greenhouse.io/smartsheet/jobs/7105333,,,,,other,other,,,,Bangalore,IN,,,,,other,,,0,,,,onsite,IN,Bangalore,,unspecified,,,,,,,,in_review,"Title and role family are unknown, employment type is unspecified. | rule_review: missing_normalized_title",ollama,qwen2.5:7b,0.550,1,low_confidence|missing_normalized_title,low_confidence,2
760,greenhouse,5813803004,https://job-boards.greenhouse.io/grafanalabs/jobs/5813803004,,,,,other,other,,,remote,,CA,,,,,other,,,0,,,,remote,CA,,,unspecified,,,,,,,,in_review,"Title and role family are unknown, experience and employment type are unspecified. | rule_review: missing_normalized_title",ollama,qwen2.5:7b,0.500,1,low_confidence|missing_normalized_title,low_confidence,2
1275,greenhouse,7478093003,https://job-boards.greenhouse.io/celonis/jobs/7478093003?gh_jid=7478093003,,,,,other,other,,,,Amsterdam,NL,,,,,other,,,0,,,,onsite,NL,Amsterdam,,unspecified,,,,,,,,in_review,"Title and role family are unknown, employment type is unspecified. | rule_review: missing_normalized_title",ollama,qwen2.5:7b,0.550,1,low_confidence|missing_normalized_title,low_confidence,2
788,greenhouse,5802160004,https://job-boards.greenhouse.io/grafanalabs/jobs/5802160004,,,,,other,other,,,remote,,CA,,,,,other,,,0,,,,remote,CA,,,unspecified,,,,,,,,in_review,"Title and role family are unknown, experience and employment type are unspecified. | rule_review: missing_normalized_title",ollama,qwen2.5:7b,0.500,1,low_confidence|missing_normalized_title,low_confidence,2
1934,greenhouse,7641065,https://job-boards.greenhouse.io/capco/jobs/7641065,,,,,other,other,,,,India - Bengaluru,IN,,,,,,,,0,,,,onsite,IN,Bengaluru,unspecified,unspecified,,,,,,,,in_review,"Title and role family are not provided, experience and education details are missing, employment type is unspecified. | rule_review: missing_normalized_title,missing_role_family",ollama,qwen2.5:7b,0.550,1,low_confidence|missing_normalized_title|missing_role_family,low_confidence,2
188,greenhouse,5476318002,https://job-boards.greenhouse.io/gomotive/jobs/5476318002,,,,,other,other,,,remote,,,,,,,other,,,0,,,,remote,,,,unspecified,,,,,,,,in_review,"Title and role family are not specified, experience and employment type are unknown. | rule_review: missing_normalized_title",ollama,qwen2.5:7b,0.500,1,low_confidence|missing_normalized_title|location_without_country,low_confidence,2
1901,greenhouse,7584722,https://job-boards.greenhouse.io/capco/jobs/7584722,,,,,other,other,,,,India - Bengaluru,IN,,,,,,,,0,,,,onsite,IN,Bengaluru,unspecified,unspecified,,,,,,,,in_review,"Title and role family are not provided, experience and education details are missing, employment type is unspecified. | rule_review: missing_normalized_title,missing_role_family",ollama,qwen2.5:7b,0.550,1,low_confidence|missing_normalized_title|missing_role_family,low_confidence,2
1038,greenhouse,7595374,https://job-boards.greenhouse.io/webflow/jobs/7595374,,,,,other,other,,,remote,,US,,,,,other,,,0,,,,remote,US,,,unspecified,,,,,,,,in_review,"Title and role family are unknown, experience and employment type are unspecified. | rule_review: missing_normalized_title",ollama,qwen2.5:7b,0.500,1,low_confidence|missing_normalized_title,low_confidence,2
1157,greenhouse,6268607003,https://job-boards.greenhouse.io/celonis/jobs/6268607003?gh_jid=6268607003,,,,,other,other,,,,New York,US,,,,,other,,,0,,,,onsite,US,New York,unspecified,unspecified,,,,,,,,in_review,"Title and role family are unknown, experience and education details are missing, employment type is unspecified. | rule_review: missing_normalized_title",ollama,qwen2.5:7b,0.500,1,low_confidence|missing_normalized_title,low_confidence,1
1333,greenhouse,7565622,https://job-boards.greenhouse.io/thumbtack/jobs/7565622,,,,,other,other,,,remote,,US,,,,,other,,,0,,,,remote,US,,,unspecified,,,,,,,,in_review,"Title and role family are unknown, experience and employment type are unspecified. | rule_review: missing_normalized_title",ollama,qwen2.5:7b,0.500,1,low_confidence|missing_normalized_title,low_confidence,2
1097,greenhouse,6273079003,https://job-boards.greenhouse.io/celonis/jobs/6273079003?gh_jid=6273079003,,,,,other,other,,,,Madrid,ES,,,,,other,,,0,,,,onsite,ES,Madrid,,unspecified,,,,,,,,in_review,"Title and role family are unknown, employment type is unspecified. | rule_review: missing_normalized_title",ollama,qwen2.5:7b,0.550,1,low_confidence|missing_normalized_title,low_confidence,2
25,greenhouse,7235657,https://job-boards.greenhouse.io/omadahealth/jobs/7235657,,,,,other,other,,,remote,,US,,,,,other,,,0,,,,remote,US,,,unspecified,,,,,,,,in_review,"Title and role family are unknown, experience and employment type are unspecified. | rule_review: missing_normalized_title",ollama,qwen2.5:7b,0.500,1,low_confidence|missing_normalized_title,low_confidence,2
465,greenhouse,6397940,https://job-boards.greenhouse.io/canonical/jobs/6397940,,,,,other,other,,,,Home Based - Americas,,,,,,,,,,,,,remote,,Home Based - Americas,unspecified,unspecified,,,,,,,,in_review,"Location is specified as 'Home Based - Americas', which could be interpreted in multiple ways, and other fields are missing. | rule_review: missing_normalized_title,missing_role_family",ollama,qwen2.5:7b,0.550,1,low_confidence|missing_normalized_title|missing_role_family|location_without_country,low_confidence,2
801,greenhouse,5765822004,https://job-boards.greenhouse.io/grafanalabs/jobs/5765822004,,,,,other,other,,,remote,,NL,,,,,other,,,0,,,,remote,NL,,,unspecified,,,,,,,,in_review,"Title and role family are unknown, employment type is missing. | rule_review: missing_normalized_title",ollama,qwen2.5:7b,0.550,1,low_confidence|missing_normalized_title,low_confidence,2
1089,greenhouse,7525789003,https://job-boards.greenhouse.io/celonis/jobs/7525789003?gh_jid=7525789003,,,,,other,other,,,,New York,US,,,,,other,,,0,,,,onsite,US,New York,unspecified,unspecified,,,,,,,,in_review,"Title and role family are unknown, experience and education details are missing, employment type is unspecified. | rule_review: missing_normalized_title",ollama,qwen2.5:7b,0.500,1,low_confidence|missing_normalized_title,low_confidence,1
1504,greenhouse,5322230004,https://job-boards.greenhouse.io/kalepa/jobs/5322230004,,,,,other,other,,,remote,,US,,,,,other,,,0,,,,remote,US,,,unspecified,,,,,,,,in_review,"Title and role family are unknown, experience and employment type are unspecified. | rule_review: missing_normalized_title",ollama,qwen2.5:7b,0.500,1,low_confidence|missing_normalized_title,low_confidence,2
1708,greenhouse,6108229,https://job-boards.greenhouse.io/capco/jobs/6108229,,,,,other,other,,,,UK - London,,,,,,other,,,0,,,,onsite,GB,London,unspecified,unspecified,,,,,,,,in_review,"Location and country are specified, but other details are missing. | rule_review: missing_normalized_title",ollama,qwen2.5:7b,0.550,1,low_confidence|missing_normalized_title,low_confidence,1
157,greenhouse,5796845002,https://job-boards.greenhouse.io/gomotive/jobs/5796845002,,,,,other,other,,,remote,,,,,,,other,,,0,,,,remote,,,,unspecified,,,,,,,,in_review,"Title and role family are not specified, experience and employment type are unknown. | rule_review: missing_normalized_title",ollama,qwen2.5:7b,0.500,1,low_confidence|missing_normalized_title|location_without_country,low_confidence,2
659,greenhouse,4651043005,https://job-boards.greenhouse.io/gleanwork/jobs/4651043005,,,,,other,other,,,,London,GB,,,,,other,,,0,,,,onsite,GB,London,unspecified,unspecified,,,,,,,,in_review,"Title and role family are unknown, experience and education details are missing, employment type is unspecified. | rule_review: missing_normalized_title",ollama,qwen2.5:7b,0.550,1,low_confidence|missing_normalized_title,low_confidence,1
183,greenhouse,8381121002,https://job-boards.greenhouse.io/gomotive/jobs/8381121002,,,,,other,other,,,remote,,,,,,,other,,,0,,,,remote,,,,unspecified,,,,,,,,in_review,"Title and role family are not specified, experience and employment type are unknown. | rule_review: missing_normalized_title",ollama,qwen2.5:7b,0.500,1,low_confidence|missing_normalized_title|location_without_country,low_confidence,2
1907,greenhouse,6963178,https://job-boards.greenhouse.io/capco/jobs/6963178,,,,,other,other,,,,Czech Republic - Prague,,,,,,other,,,0,,,,onsite,,Prague,unspecified,unspecified,,,,,,,,in_review,"Location and country are specified, but other details are missing or ambiguous. | rule_review: missing_normalized_title",ollama,qwen2.5:7b,0.550,1,low_confidence|missing_normalized_title|location_without_country,low_confidence,1
814,greenhouse,5797491004,https://job-boards.greenhouse.io/grafanalabs/jobs/5797491004,,,,,other,other,,,remote,,DE,,,,,other,,,0,,,,remote,DE,,,unspecified,,,,,,,,in_review,"Title and role family are unknown, experience and employment type are unspecified. | rule_review: missing_normalized_title",ollama,qwen2.5:7b,0.550,1,low_confidence|missing_normalized_title,low_confidence,2
1876,greenhouse,7648976,https://job-boards.greenhouse.io/capco/jobs/7648976,,,,,other,other,,,,China - Hong Kong,,,,,,,,,,,,,,CN,Hong Kong,,,,,,,,,,in_review,"Location information is partially provided, country and city are specified but the location type is unknown. Confidence is below threshold. | rule_review: missing_normalized_title,missing_role_family,too_many_core_fields_missing",ollama,qwen2.5:7b,0.550,1,low_confidence|missing_normalized_title|missing_role_family|too_many_core_fields_missing|sparse_output,low_confidence,5
1045,greenhouse,7293969,https://job-boards.greenhouse.io/webflow/jobs/7293969,,,,,other,other,,,remote,,,,,,,other,,,0,,,,remote,,,,unspecified,,,,,,,,in_review,"Title and role family are not specified, experience and employment type are unknown. | rule_review: missing_normalized_title",ollama,qwen2.5:7b,0.500,1,low_confidence|missing_normalized_title|location_without_country,low_confidence,2
39,greenhouse,5955645,https://job-boards.greenhouse.io/smartsheet/jobs/5955645,,,,,other,other,,,,Sydney,AU,,,,,other,,,0,,,,onsite,AU,Sydney,,unspecified,,,,,,,,in_review,"Title and role family are unknown, employment type is unspecified. | rule_review: missing_normalized_title",ollama,qwen2.5:7b,0.500,1,low_confidence|missing_normalized_title,low_confidence,2
713,greenhouse,4659510005,https://job-boards.greenhouse.io/gleanwork/jobs/4659510005,,,,,other,other,,,remote,,,,,,,other,,,0,,,,remote,,,,unspecified,,,,,,,,in_review,"Title and role family are not specified, experience and employment type are unknown. | rule_review: missing_normalized_title",ollama,qwen2.5:7b,0.500,1,low_confidence|missing_normalized_title|location_without_country,low_confidence,2
47,greenhouse,7578148,https://job-boards.greenhouse.io/smartsheet/jobs/7578148,,,,,other,other,,,,Bangalore,IN,,,,,other,,,0,,,,onsite,IN,Bangalore,,unspecified,,,,,,,,in_review,"Title and role family are unknown, employment type is unspecified. | rule_review: missing_normalized_title",ollama,qwen2.5:7b,0.550,1,low_confidence|missing_normalized_title,low_confidence,2
909,greenhouse,5462843004,https://job-boards.greenhouse.io/correlationone/jobs/5462843004,,,,,other,other,,,remote,,,,,,,other,,,0,,,,remote,,,,unspecified,,,,,,,,in_review,"Title and role family are not specified, experience and employment type are unknown. | rule_review: missing_normalized_title",ollama,qwen2.5:7b,0.500,1,low_confidence|missing_normalized_title|location_without_country,low_confidence,2
1399,greenhouse,7430675,https://job-boards.greenhouse.io/appier/jobs/7430675,,,,,other,other,,,,Kuala Lumpur,,,,,,other,,,0,,,,onsite,,Kuala Lumpur,unspecified,unspecified,,,,,,,,in_review,"Location and city are specified, but other details are missing or unknown. | rule_review: missing_normalized_title",ollama,qwen2.5:7b,0.550,1,low_confidence|missing_normalized_title|location_without_country,low_confidence,1
99,greenhouse,7515921,https://job-boards.greenhouse.io/smartsheet/jobs/7515921,,,,,other,other,,,remote,,US,,,,,other,,,0,,,,remote,US,,,unspecified,,,,,,,,in_review,"Title and role family are unknown, experience and employment type are unspecified. | rule_review: missing_normalized_title",ollama,qwen2.5:7b,0.500,1,low_confidence|missing_normalized_title,low_confidence,2
1616,greenhouse,7573533,https://job-boards.greenhouse.io/capco/jobs/7573533,,,,,other,other,,,,China - Hong Kong,,,,,,,,,,,,,,CN,Hong Kong,,,,,,,,,,in_review,"Location information is partially provided, country and city are specified but the location type is unknown. Confidence is below threshold. | rule_review: missing_normalized_title,missing_role_family,too_many_core_fields_missing",ollama,qwen2.5:7b,0.550,1,low_confidence|missing_normalized_title|missing_role_family|too_many_core_fields_missing|sparse_output,low_confidence,5
737,greenhouse,8360601002,https://job-boards.greenhouse.io/dv01/jobs/8360601002,,,,,other,other,,,remote,,US,,,,,other,,,0,,,,remote,US,,,unspecified,,,,,,,,in_review,"Title and role family are unknown, experience and employment type are unspecified. | rule_review: missing_normalized_title",ollama,qwen2.5:7b,0.500,1,low_confidence|missing_normalized_title,low_confidence,2
476,greenhouse,5002072,https://job-boards.greenhouse.io/canonical/jobs/5002072,,,,,other,other,,,,,,,,,,,,,,,,,,,,,,,,,,,,,in_review,"Pred values are all 'other' or missing, indicating low confidence and ambiguity. | rule_review: missing_normalized_title,missing_role_family,too_many_core_fields_missing",ollama,qwen2.5:7b,0.150,1,low_confidence|missing_normalized_title|missing_role_family|too_many_core_fields_missing|sparse_output,low_confidence,5
843,greenhouse,5784532004,https://job-boards.greenhouse.io/grafanalabs/jobs/5784532004,,,,,other,other,,,remote,,US,,,,,other,,,0,,,,remote,US,,,unspecified,,,,,,,,in_review,"Title and role family are unknown, experience and employment type are unspecified. | rule_review: missing_normalized_title",ollama,qwen2.5:7b,0.500,1,low_confidence|missing_normalized_title,low_confidence,2
1707,greenhouse,7546989,https://job-boards.greenhouse.io/capco/jobs/7546989,,,,,other,other,,,,UK - London,,,,,,other,,,0,,,,onsite,GB,London,unspecified,unspecified,,,,,,,,in_review,"Location and country are specified, but other details are missing. | rule_review: missing_normalized_title",ollama,qwen2.5:7b,0.550,1,low_confidence|missing_normalized_title,low_confidence,1
1342,greenhouse,7592414,https://job-boards.greenhouse.io/thumbtack/jobs/7592414,,,,,other,other,,,remote,,US,,,,,other,,,0,,,,remote,US,,,unspecified,,,,,,,,in_review,"Title and role family are unknown, experience and employment type are unspecified. | rule_review: missing_normalized_title",ollama,qwen2.5:7b,0.500,1,low_confidence|missing_normalized_title,low_confidence,2
227,greenhouse,8365243002,https://job-boards.greenhouse.io/gomotive/jobs/8365243002,,,,,other,other,,,,Pakistan - Lahore,,,,,,other,,,0,,,,onsite,PK,Lahore,unspecified,unspecified,,,,,,,,in_review,"Location and country are provided, but other details are missing or ambiguous. | rule_review: missing_normalized_title",ollama,qwen2.5:7b,0.550,1,low_confidence|missing_normalized_title,low_confidence,1
719,greenhouse,4549560005,https://job-boards.greenhouse.io/gleanwork/jobs/4549560005,,,,,other,other,,,remote,,US,,,,,other,,,0,,,,remote,US,,,unspecified,,,,,,,,in_review,"Title and role family are unknown, experience and employment type are unspecified. | rule_review: missing_normalized_title",ollama,qwen2.5:7b,0.500,1,low_confidence|missing_normalized_title,low_confidence,2
1192,greenhouse,7563011003,https://job-boards.greenhouse.io/celonis/jobs/7563011003?gh_jid=7563011003,,,,,other,other,,,,Bangalore,IN,,,,,other,,,0,,,,onsite,IN,Bangalore,,unspecified,,,,,,,,in_review,"Title and role family are unknown, employment type is unspecified. | rule_review: missing_normalized_title",ollama,qwen2.5:7b,0.550,1,low_confidence|missing_normalized_title,low_confidence,2
19,greenhouse,7648699,https://job-boards.greenhouse.io/omadahealth/jobs/7648699,,,,,other,other,,,remote,,US,,,,,other,,,0,,,,remote,US,,,unspecified,,,,,,,,in_review,"Title and role family are unknown, experience and employment type are unspecified. | rule_review: missing_normalized_title",ollama,qwen2.5:7b,0.500,1,low_confidence|missing_normalized_title,low_confidence,2
575,greenhouse,4661879005,https://job-boards.greenhouse.io/gleanwork/jobs/4661879005,,,,,other,other,,,,New York City,,,,,,other,,,0,,,,onsite,US,New York City,full_time,unspecified,,,,,,,,in_review,"City and country are specified, but other details are missing. | rule_review: missing_normalized_title",ollama,qwen2.5:7b,0.500,1,low_confidence|missing_normalized_title,low_confidence,1
672,greenhouse,4636294005,https://job-boards.greenhouse.io/gleanwork/jobs/4636294005,,,,,other,other,,,remote,,,,,,,other,,,0,,,,remote,,,,unspecified,,,,,,,,in_review,"Title and role family are not specified, experience and employment type are unknown. | rule_review: missing_normalized_title",ollama,qwen2.5:7b,0.500,1,low_confidence|missing_normalized_title|location_without_country,low_confidence,2
1074,greenhouse,6657178003,https://job-boards.greenhouse.io/celonis/jobs/6657178003?gh_jid=6657178003,,,,,other,other,,,,Madrid,ES,,,,,other,,,0,,,,onsite,ES,Madrid,,unspecified,,,,,,,,in_review,"Title and role family are unknown, employment type is unspecified. | rule_review: missing_normalized_title",ollama,qwen2.5:7b,0.550,1,low_confidence|missing_normalized_title,low_confidence,2
631,greenhouse,4663045005,https://job-boards.greenhouse.io/gleanwork/jobs/4663045005,,,,,other,other,,,remote,,US,,,,,other,,,0,,,,remote,US,,,unspecified,,,,,,,,in_review,"Title and role family are unknown, experience and employment type are unspecified. | rule_review: missing_normalized_title",ollama,qwen2.5:7b,0.500,1,low_confidence|missing_normalized_title,low_confidence,2
483,greenhouse,6635671,https://job-boards.greenhouse.io/canonical/jobs/6635671,,,,,other,other,,,,,,,,,,,,,,,,,,,,,,,,,,,,,in_review,"Pred values are all 'other' or missing, indicating low confidence and ambiguity. | rule_review: missing_normalized_title,missing_role_family,too_many_core_fields_missing",ollama,qwen2.5:7b,0.150,1,low_confidence|missing_normalized_title|missing_role_family|too_many_core_fields_missing|sparse_output,low_confidence,5
752,greenhouse,5789034004,https://job-boards.greenhouse.io/grafanalabs/jobs/5789034004,,,,,other,other,,,remote,,DE,,,,,other,,,0,,,,remote,DE,,,unspecified,,,,,,,,in_review,"Title and role family are unknown, experience and employment type are unspecified. | rule_review: missing_normalized_title",ollama,qwen2.5:7b,0.550,1,low_confidence|missing_normalized_title,low_confidence,2
1677,greenhouse,6856413,https://job-boards.greenhouse.io/capco/jobs/6856413,,,,,other,other,,,,China - Hong Kong,,,,,,,,,,,,,,CN,Hong Kong,,,,,,,,,,in_review,"Location information is partially provided, country and city are specified but the location type is unknown. Confidence is below threshold. | rule_review: missing_normalized_title,missing_role_family,too_many_core_fields_missing",ollama,qwen2.5:7b,0.550,1,low_confidence|missing_normalized_title|missing_role_family|too_many_core_fields_missing|sparse_output,low_confidence,5
18,greenhouse,7562427,https://job-boards.greenhouse.io/omadahealth/jobs/7562427,,,,,other,other,,,remote,,US,,,,,other,,,0,,,,remote,US,,,unspecified,,,,,,,,in_review,"Title and role family are unknown, experience and employment type are unspecified. | rule_review: missing_normalized_title",ollama,qwen2.5:7b,0.500,1,low_confidence|missing_normalized_title,low_confidence,2
1599,greenhouse,7141150,https://job-boards.greenhouse.io/capco/jobs/7141150,,,,,other,other,,,,US - Dallas,,,,,,other,,,0,,,,onsite,US,Dallas,unspecified,unspecified,,,,,,,,in_review,"Title and role family are not provided, location is partially specified (city but no country), salary details missing. | rule_review: missing_normalized_title",ollama,qwen2.5:7b,0.550,1,low_confidence|missing_normalized_title,low_confidence,1
253,greenhouse,6903824002,https://job-boards.greenhouse.io/gomotive/jobs/6903824002,,,,,other,other,,,remote,,,,,,,other,,,0,,,,remote,,,,unspecified,,,,,,,,in_review,"Title and role family are not specified, experience and employment type are unknown. | rule_review: missing_normalized_title",ollama,qwen2.5:7b,0.500,1,low_confidence|missing_normalized_title|location_without_country,low_confidence,2
685,greenhouse,4614706005,https://job-boards.greenhouse.io/gleanwork/jobs/4614706005,,,,,other,other,,,,San Francisco Bay Area,,,,,,other,,,0,,,,onsite,US,San Francisco Bay Area,full_time,unspecified,,,,,,,,in_review,City is specified but country is unknown; salary details are missing. | rule_review: missing_normalized_title,ollama,qwen2.5:7b,0.550,1,low_confidence|missing_normalized_title,low_confidence,1
873,greenhouse,5800233004,https://job-boards.greenhouse.io/grafanalabs/jobs/5800233004,,,,,other,other,,,remote,,CA,,,,,other,,,0,,,,remote,CA,,,unspecified,,,,,,,,in_review,"Title and role family are unknown, experience and employment type are unspecified. | rule_review: missing_normalized_title",ollama,qwen2.5:7b,0.500,1,low_confidence|missing_normalized_title,low_confidence,2
1078,greenhouse,7488790003,https://job-boards.greenhouse.io/celonis/jobs/7488790003?gh_jid=7488790003,,,,,other,other,,,,Bangalore,IN,,,,,other,,,0,,,,onsite,IN,Bangalore,,unspecified,,,,,,,,in_review,"Title and role family are unknown, employment type is unspecified. | rule_review: missing_normalized_title",ollama,qwen2.5:7b,0.550,1,low_confidence|missing_normalized_title,low_confidence,2
226,greenhouse,8235467002,https://job-boards.greenhouse.io/gomotive/jobs/8235467002,,,,,other,other,,,remote,,,,,,,other,,,0,,,,remote,,,,unspecified,,,,,,,,in_review,"Title and role family are not specified, experience and employment type are unknown. | rule_review: missing_normalized_title",ollama,qwen2.5:7b,0.500,1,low_confidence|missing_normalized_title|location_without_country,low_confidence,2
1570,greenhouse,7487457,https://job-boards.greenhouse.io/capco/jobs/7487457,,,,,other,other,,,,,PL,,,,,other,,,0,,,,,PL,,,unspecified,,,,,,,,in_review,"Title and role family are not specified, experience and employment type are unknown. | rule_review: missing_normalized_title,too_many_core_fields_missing",ollama,qwen2.5:7b,0.500,1,low_confidence|missing_normalized_title|too_many_core_fields_missing,low_confidence,3
783,greenhouse,5796016004,https://job-boards.greenhouse.io/grafanalabs/jobs/5796016004,,,,,other,other,,,remote,,US,,,,,other,,,0,,,,remote,US,,,unspecified,,,,,,,,in_review,"Title and role family are unknown, experience and employment type are unspecified. | rule_review: missing_normalized_title",ollama,qwen2.5:7b,0.500,1,low_confidence|missing_normalized_title,low_confidence,2
1442,greenhouse,7407514,https://job-boards.greenhouse.io/appier/jobs/7407514,,,,,other,other,,,,Tokyo,,,,,,other,,,0,,,,onsite,,Tokyo,unspecified,unspecified,,,,,,,,in_review,"Location and country are specified, but other details are missing. | rule_review: missing_normalized_title",ollama,qwen2.5:7b,0.550,1,low_confidence|missing_normalized_title|location_without_country,low_confidence,1
810,greenhouse,5592708004,https://job-boards.greenhouse.io/grafanalabs/jobs/5592708004,,,,,other,other,,,remote,,,,,,,other,,,0,,,,remote,,,,unspecified,,,,,,,,in_review,"Title and role family are not specified, experience and employment type are unknown. | rule_review: missing_normalized_title",ollama,qwen2.5:7b,0.500,1,low_confidence|missing_normalized_title|location_without_country,low_confidence,2
127,greenhouse,7569386,https://job-boards.greenhouse.io/smartsheet/jobs/7569386,,,,,other,other,,,,San Jose,CR,,,,,other,,,0,,,,onsite,CR,San Jose,,unspecified,,,,,,,,in_review,"Location and country are specified, but other details are missing. | rule_review: missing_normalized_title",ollama,qwen2.5:7b,0.550,1,low_confidence|missing_normalized_title,low_confidence,2
596,greenhouse,4655552005,https://job-boards.greenhouse.io/gleanwork/jobs/4655552005,,,,,other,other,,,remote,,US,,,,,other,,,0,,,,remote,US,,,unspecified,,,,,,,,in_review,"Title and role family are unknown, experience and employment type are unspecified. | rule_review: missing_normalized_title",ollama,qwen2.5:7b,0.500,1,low_confidence|missing_normalized_title,low_confidence,2
1152,greenhouse,7230188003,https://job-boards.greenhouse.io/celonis/jobs/7230188003?gh_jid=7230188003,,,,,other,other,,,,Munich,DE,,,,,other,,,0,,,,onsite,DE,Munich,unspecified,unspecified,,,,,,,,in_review,"Title and role family are unknown, experience and education details are missing, employment type is unspecified. | rule_review: missing_normalized_title",ollama,qwen2.5:7b,0.500,1,low_confidence|missing_normalized_title,low_confidence,1
198,greenhouse,8384147002,https://job-boards.greenhouse.io/gomotive/jobs/8384147002,,,,,other,other,,,remote,,,,,,,other,,,0,,,,remote,,,,unspecified,,,,,,,,in_review,"Title and role family are not specified, experience and employment type are unknown. | rule_review: missing_normalized_title",ollama,qwen2.5:7b,0.500,1,low_confidence|missing_normalized_title|location_without_country,low_confidence,2
405,greenhouse,7601064,https://job-boards.greenhouse.io/canonical/jobs/7601064,,,,,other,other,,,,,,,,,,,,,,,,,,,,,,,,,,,,,in_review,"Pred values are all 'other' or missing, indicating low confidence and ambiguity. | rule_review: missing_normalized_title,missing_role_family,too_many_core_fields_missing",ollama,qwen2.5:7b,0.150,1,low_confidence|missing_normalized_title|missing_role_family|too_many_core_fields_missing|sparse_output,low_confidence,5
915,greenhouse,5812228004,https://job-boards.greenhouse.io/correlationone/jobs/5812228004,,,,,other,other,,,remote,,,,,,,other,,,0,,,,remote,,,,unspecified,,,,,,,,in_review,"Title and role family are not specified, experience and employment type are unknown. | rule_review: missing_normalized_title",ollama,qwen2.5:7b,0.500,1,low_confidence|missing_normalized_title|location_without_country,low_confidence,2
2000,greenhouse,7588724,https://job-boards.greenhouse.io/mavensecuritiesholdingltd/jobs/7588724,,,,,other,other,,,,London,GB,,,,,other,,,0,,,,onsite,GB,London,unspecified,unspecified,,,,,,,,in_review,"Title and role family are unknown, experience and education details are missing, employment type is unspecified. | rule_review: missing_normalized_title",ollama,qwen2.5:7b,0.550,1,low_confidence|missing_normalized_title,low_confidence,1
889,greenhouse,5802014004,https://job-boards.greenhouse.io/grafanalabs/jobs/5802014004,,,,,other,other,,,remote,,US,,,,,other,,,0,,,,remote,US,,,unspecified,,,,,,,,in_review,"Title and role family are unknown, experience and employment type are unspecified. | rule_review: missing_normalized_title",ollama,qwen2.5:7b,0.500,1,low_confidence|missing_normalized_title,low_confidence,2
1898,greenhouse,7588472,https://job-boards.greenhouse.io/capco/jobs/7588472,,,,,other,other,,,,UK - London,,,,,,other,,,0,,,,onsite,GB,London,unspecified,unspecified,,,,,,,,in_review,"Location and country are specified, but other details are missing. | rule_review: missing_normalized_title",ollama,qwen2.5:7b,0.550,1,low_confidence|missing_normalized_title,low_confidence,1
794,greenhouse,5785653004,https://job-boards.greenhouse.io/grafanalabs/jobs/5785653004,,,,,other,other,,,remote,,GB,,,,,other,,,0,,,,remote,GB,,,unspecified,,,,,,,,in_review,"Title and role family are unknown, experience and employment type are unspecified. | rule_review: missing_normalized_title",ollama,qwen2.5:7b,0.550,1,low_confidence|missing_normalized_title,low_confidence,2
1924,greenhouse,7621459,https://job-boards.greenhouse.io/capco/jobs/7621459,,,,,other,other,,,,India - Bengaluru,IN,,,,,,,,0,,,,onsite,IN,Bengaluru,unspecified,unspecified,,,,,,,,in_review,"Title and role family are not provided, experience and education details are missing, employment type is unspecified. | rule_review: missing_normalized_title,missing_role_family",ollama,qwen2.5:7b,0.550,1,low_confidence|missing_normalized_title|missing_role_family,low_confidence,2
774,greenhouse,5790608004,https://job-boards.greenhouse.io/grafanalabs/jobs/5790608004,,,,,other,other,,,remote,,DE,,,,,other,,,0,,,,remote,DE,,,unspecified,,,,,,,,in_review,"Title and role family are unknown, experience and employment type are unspecified. | rule_review: missing_normalized_title",ollama,qwen2.5:7b,0.550,1,low_confidence|missing_normalized_title,low_confidence,2
78,greenhouse,7651508,https://job-boards.greenhouse.io/smartsheet/jobs/7651508,,,,,other,other,,,,Bangalore,IN,,,,,other,,,0,,,,onsite,IN,Bangalore,,unspecified,,,,,,,,in_review,"Title and role family are unknown, employment type is unspecified. | rule_review: missing_normalized_title",ollama,qwen2.5:7b,0.550,1,low_confidence|missing_normalized_title,low_confidence,2
1334,greenhouse,7565623,https://job-boards.greenhouse.io/thumbtack/jobs/7565623,,,,,other,other,,,remote,,,,,,,other,,,0,,,,remote,,,,unspecified,,,,,,,,in_review,"Title and role family are not specified, experience and employment type are unknown. | rule_review: missing_normalized_title",ollama,qwen2.5:7b,0.500,1,low_confidence|missing_normalized_title|location_without_country,low_confidence,2
987,greenhouse,7016918,https://job-boards.greenhouse.io/inthepocket/jobs/7016918,,,,,other,other,,,,Belgium,,,,,,other,,,0,,,,onsite,,,unspecified,unspecified,,,,,,,,in_review,"Location and employment type are specified, but other details are missing. | rule_review: missing_normalized_title,location_without_country",ollama,qwen2.5:7b,0.550,1,low_confidence|missing_normalized_title|location_without_country,low_confidence,1
880,greenhouse,5800230004,https://job-boards.greenhouse.io/grafanalabs/jobs/5800230004,,,,,other,other,,,remote,,CA,,,,,other,,,0,,,,remote,CA,,,unspecified,,,,,,,,in_review,"Title and role family are unknown, experience and employment type are unspecified. | rule_review: missing_normalized_title",ollama,qwen2.5:7b,0.500,1,low_confidence|missing_normalized_title,low_confidence,2
1401,greenhouse,7189015,https://job-boards.greenhouse.io/appier/jobs/7189015,,,,,other,other,,,,Taipei,,,,,,other,,,0,,,,onsite,TW,Taipei,,unspecified,,,,,,,,in_review,"City is specified but country is missing, and other fields are unknown. | rule_review: missing_normalized_title",ollama,qwen2.5:7b,0.550,1,low_confidence|missing_normalized_title,low_confidence,2
1344,greenhouse,7607781,https://job-boards.greenhouse.io/thumbtack/jobs/7607781,,,,,other,other,,,remote,,US,,,,,other,,,0,,,,remote,US,,,unspecified,,,,,,,,in_review,"Title and role family are unknown, experience and employment type are unspecified. | rule_review: missing_normalized_title",ollama,qwen2.5:7b,0.500,1,low_confidence|missing_normalized_title,low_confidence,2
1761,greenhouse,7533836,https://job-boards.greenhouse.io/capco/jobs/7533836,,,,,other,other,,,,UK - London,,,,,,other,,,0,,,,onsite,GB,London,unspecified,unspecified,,,,,,,,in_review,"Location and country are specified, but other details are missing. | rule_review: missing_normalized_title",ollama,qwen2.5:7b,0.550,1,low_confidence|missing_normalized_title,low_confidence,1
88,greenhouse,6806756,https://job-boards.greenhouse.io/smartsheet/jobs/6806756,,,,,other,other,,,remote,,,,,,,other,,,0,,,,remote,,,,unspecified,,,,,,,,in_review,"Title and role family are not specified, experience and employment type are unknown. | rule_review: missing_normalized_title",ollama,qwen2.5:7b,0.500,1,low_confidence|missing_normalized_title|location_without_country,low_confidence,2
264,greenhouse,5569916,https://job-boards.greenhouse.io/canonical/jobs/5569916,,,,,other,other,,,,,,,,,,,,,,,,,,,,,,,,,,,,,in_review,"Pred values are all 'other' or missing, indicating low confidence and ambiguity. | rule_review: missing_normalized_title,missing_role_family,too_many_core_fields_missing",ollama,qwen2.5:7b,0.150,1,low_confidence|missing_normalized_title|missing_role_family|too_many_core_fields_missing|sparse_output,low_confidence,5
11,greenhouse,7473994,https://job-boards.greenhouse.io/omadahealth/jobs/7473994,,,,,other,other,,,remote,,US,,,,,other,,,0,,,,remote,US,,,unspecified,,,,,,,,in_review,"Title and role family are unknown, experience and employment type are unspecified. | rule_review: missing_normalized_title",ollama,qwen2.5:7b,0.500,1,low_confidence|missing_normalized_title,low_confidence,2
1969,greenhouse,7642364,https://job-boards.greenhouse.io/capco/jobs/7642364,,,,,other,other,,,,UK - Edinburgh,,,,,,other,,,0,,,,onsite,GB,Edinburgh,unspecified,unspecified,,,,,,,,in_review,"Location and country are provided, but other details are missing. | rule_review: missing_normalized_title",ollama,qwen2.5:7b,0.550,1,low_confidence|missing_normalized_title,low_confidence,1
1490,greenhouse,5737333004,https://job-boards.greenhouse.io/kalepa/jobs/5737333004,,,,,other,other,,,remote,,,,,,,other,,,0,,,,remote,,,,unspecified,,,,,,,,in_review,"Title and role family are not specified, experience and employment type are unknown. | rule_review: missing_normalized_title",ollama,qwen2.5:7b,0.500,1,low_confidence|missing_normalized_title|location_without_country,low_confidence,2
514,greenhouse,6793868,https://job-boards.greenhouse.io/canonical/jobs/6793868,,,,,other,other,,,,,,,,,,,,,,,,,,,,,,,,,,,,,in_review,"Pred values are all 'other' or missing, indicating low confidence and ambiguity. | rule_review: missing_normalized_title,missing_role_family,too_many_core_fields_missing",ollama,qwen2.5:7b,0.150,1,low_confidence|missing_normalized_title|missing_role_family|too_many_core_fields_missing|sparse_output,low_confidence,5
1307,greenhouse,7631651003,https://job-boards.greenhouse.io/celonis/jobs/7631651003?gh_jid=7631651003,,,,,other,other,,,remote,,DE,,,,,other,,,0,,,,remote,DE,,,unspecified,,,,,,,,in_review,"Title and role family are unknown, experience and employment type are unspecified. | rule_review: missing_normalized_title",ollama,qwen2.5:7b,0.550,1,low_confidence|missing_normalized_title,low_confidence,2
729,greenhouse,4529580005,https://job-boards.greenhouse.io/gleanwork/jobs/4529580005,,,,,other,other,,,,Bangalore,IN,,,,,other,,,0,,,,onsite,IN,Bangalore,,unspecified,,,,,,,,in_review,"Title and role family are unknown, employment type is unspecified. | rule_review: missing_normalized_title",ollama,qwen2.5:7b,0.550,1,low_confidence|missing_normalized_title,low_confidence,2
214,greenhouse,8381853002,https://job-boards.greenhouse.io/gomotive/jobs/8381853002,,,,,other,other,,,remote,,,,,,,other,,,0,,,,remote,,,,unspecified,,,,,,,,in_review,"Title and role family are not specified, experience and employment type are unknown. | rule_review: missing_normalized_title",ollama,qwen2.5:7b,0.500,1,low_confidence|missing_normalized_title|location_without_country,low_confidence,2
375,greenhouse,6062471,https://job-boards.greenhouse.io/canonical/jobs/6062471,,,,,other,other,,,,,,,,,,,,,,,,,,,,,,,,,,,,,in_review,"Pred values are all 'other' or missing, indicating low confidence and ambiguity. | rule_review: missing_normalized_title,missing_role_family,too_many_core_fields_missing",ollama,qwen2.5:7b,0.150,1,low_confidence|missing_normalized_title|missing_role_family|too_many_core_fields_missing|sparse_output,low_confidence,5
877,greenhouse,5804918004,https://job-boards.greenhouse.io/grafanalabs/jobs/5804918004,,,,,other,other,,,remote,,GB,,,,,other,,,0,,,,remote,GB,,,unspecified,,,,,,,,in_review,"Title and role family are unknown, experience and employment type are unspecified. | rule_review: missing_normalized_title",ollama,qwen2.5:7b,0.550,1,low_confidence|missing_normalized_title,low_confidence,2
1405,greenhouse,7364432,https://job-boards.greenhouse.io/appier/jobs/7364432,,,,,other,other,,,,Taipei,,,,,,other,,,0,,,,onsite,TW,Taipei,,unspecified,,,,,,,,in_review,"City is specified but country is missing, and other fields are unknown. | rule_review: missing_normalized_title",ollama,qwen2.5:7b,0.550,1,low_confidence|missing_normalized_title,low_confidence,2
1488,greenhouse,4162793004,https://job-boards.greenhouse.io/kalepa/jobs/4162793004,,,,,other,other,,,remote,,US,,,,,other,,,0,,,,remote,US,,,unspecified,,,,,,,,in_review,"Title and role family are unknown, experience and employment type are unspecified. | rule_review: missing_normalized_title",ollama,qwen2.5:7b,0.500,1,low_confidence|missing_normalized_title,low_confidence,2
1867,greenhouse,7570370,https://job-boards.greenhouse.io/capco/jobs/7570370,,,,,other,other,,,,Thailand - Bangkok,,,,,,other,,,0,,,,onsite,,Bangkok,unspecified,unspecified,,,,,,,,in_review,"Location and country are specified, but other details are missing. | rule_review: missing_normalized_title",ollama,qwen2.5:7b,0.550,1,low_confidence|missing_normalized_title|location_without_country,low_confidence,1
587,greenhouse,4664782005,https://job-boards.greenhouse.io/gleanwork/jobs/4664782005,,,,,other,other,,,remote,,,,,,,other,,,0,,,,remote,,,,unspecified,,,,,,,,in_review,"Title and role family are not specified, experience and employment type are unknown. | rule_review: missing_normalized_title",ollama,qwen2.5:7b,0.500,1,low_confidence|missing_normalized_title|location_without_country,low_confidence,2
1928,greenhouse,4895405,https://job-boards.greenhouse.io/capco/jobs/4895405,,,,,other,other,,,,Switzerland - Zurich,CH,,,,,other,,,0,,,,onsite,CH,Zurich,unspecified,unspecified,,,,,,,,in_review,"Location and country are specified, but other details are missing or ambiguous. | rule_review: missing_normalized_title",ollama,qwen2.5:7b,0.550,1,low_confidence|missing_normalized_title,low_confidence,1
816,greenhouse,5793596004,https://job-boards.greenhouse.io/grafanalabs/jobs/5793596004,,,,,other,other,,,remote,,GB,,,,,other,,,0,,,,remote,GB,,,unspecified,,,,,,,,in_review,"Title and role family are unknown, experience and employment type are unspecified. | rule_review: missing_normalized_title",ollama,qwen2.5:7b,0.550,1,low_confidence|missing_normalized_title,low_confidence,2
1271,greenhouse,7614050003,https://job-boards.greenhouse.io/celonis/jobs/7614050003?gh_jid=7614050003,,,,,other,other,,,,Paris,FR,,,,,other,,,0,,,,onsite,FR,Paris,,,,,,,,,,in_review,"Title and role family are unknown, employment type and seniority are unspecified. | rule_review: missing_normalized_title,too_many_core_fields_missing",ollama,qwen2.5:7b,0.500,1,low_confidence|missing_normalized_title|too_many_core_fields_missing,low_confidence,3
255,greenhouse,6533318002,https://job-boards.greenhouse.io/gomotive/jobs/6533318002,,,,,other,other,,,remote,,,,,,,other,,,0,,,,remote,,,,unspecified,,,,,,,,in_review,"Title and role family are not specified, experience and employment type are unknown. | rule_review: missing_normalized_title",ollama,qwen2.5:7b,0.500,1,low_confidence|missing_normalized_title|location_without_country,low_confidence,2
1888,greenhouse,7411096,https://job-boards.greenhouse.io/capco/jobs/7411096,,,,,other,other,,,,US - New York,,,,,,other,,,0,,,,onsite,US,New York,unspecified,unspecified,,,,,,,,in_review,"Location and country are provided but not fully consistent, needs more context. | rule_review: missing_normalized_title",ollama,qwen2.5:7b,0.550,1,low_confidence|missing_normalized_title,low_confidence,1
764,greenhouse,5806296004,https://job-boards.greenhouse.io/grafanalabs/jobs/5806296004,,,,,other,other,,,remote,,US,,,,,other,,,0,,,,remote,US,,,unspecified,,,,,,,,in_review,"Title and role family are unknown, experience and employment type are unspecified. | rule_review: missing_normalized_title",ollama,qwen2.5:7b,0.500,1,low_confidence|missing_normalized_title,low_confidence,2
374,greenhouse,5151903,https://job-boards.greenhouse.io/canonical/jobs/5151903,,,,,other,other,,,,,,,,,,,,,,,,,,,,,,,,,,,,,in_review,"Pred values are all 'other' or missing, indicating low confidence and ambiguity. | rule_review: missing_normalized_title,missing_role_family,too_many_core_fields_missing",ollama,qwen2.5:7b,0.150,1,low_confidence|missing_normalized_title|missing_role_family|too_many_core_fields_missing|sparse_output,low_confidence,5
758,greenhouse,5802819004,https://job-boards.greenhouse.io/grafanalabs/jobs/5802819004,,,,,other,other,,,remote,,CA,,,,,other,,,0,,,,remote,CA,,,unspecified,,,,,,,,in_review,"Title and role family are unknown, experience and employment type are unspecified. | rule_review: missing_normalized_title",ollama,qwen2.5:7b,0.500,1,low_confidence|missing_normalized_title,low_confidence,2
1990,greenhouse,6843715,https://job-boards.greenhouse.io/mavensecuritiesholdingltd/jobs/6843715,,,,,other,other,,,,London,GB,,,,,other,,,0,,,,onsite,GB,London,unspecified,unspecified,,,,,,,,in_review,"Title and role family are unknown, experience and education details are missing, employment type is unspecified. | rule_review: missing_normalized_title",ollama,qwen2.5:7b,0.550,1,low_confidence|missing_normalized_title,low_confidence,1
1493,greenhouse,5755011004,https://job-boards.greenhouse.io/kalepa/jobs/5755011004,,,,,other,other,,,remote,,,,,,,other,,,0,,,,remote,,,,unspecified,,,,,,,,in_review,"Title and role family are not specified, experience and employment type are unknown. | rule_review: missing_normalized_title",ollama,qwen2.5:7b,0.500,1,low_confidence|missing_normalized_title|location_without_country,low_confidence,2
35,greenhouse,3788031,https://job-boards.greenhouse.io/smartsheet/jobs/3788031,,,,,other,other,,,,Boston,US,,,,,other,,,0,,,,onsite,US,Boston,,unspecified,,,,,,,,in_review,"Title and role family are unknown, employment type is unspecified. | rule_review: missing_normalized_title",ollama,qwen2.5:7b,0.500,1,low_confidence|missing_normalized_title,low_confidence,2
696,greenhouse,4006909005,https://job-boards.greenhouse.io/gleanwork/jobs/4006909005,,,,,other,other,,,remote,,,,,,,other,,,0,,,,remote,,,,unspecified,,,,,,,,in_review,"Title and role family are not specified, experience and employment type are unknown. | rule_review: missing_normalized_title",ollama,qwen2.5:7b,0.500,1,low_confidence|missing_normalized_title|location_without_country,low_confidence,2
1541,greenhouse,7593546,https://job-boards.greenhouse.io/capco/jobs/7593546,,,,,other,other,,,,India - Bengaluru,IN,,,,,,,,0,,,,onsite,IN,Bengaluru,unspecified,unspecified,,,,,,,,in_review,"Title and role family are not provided, experience and education details are missing, employment type is unspecified. | rule_review: missing_normalized_title,missing_role_family",ollama,qwen2.5:7b,0.550,1,low_confidence|missing_normalized_title|missing_role_family,low_confidence,2
177,greenhouse,8325871002,https://job-boards.greenhouse.io/gomotive/jobs/8325871002,,,,,other,other,,,remote,,,,,,,other,,,0,,,,remote,,,,unspecified,,,,,,,,in_review,"Title and role family are not specified, experience and employment type are unknown. | rule_review: missing_normalized_title",ollama,qwen2.5:7b,0.500,1,low_confidence|missing_normalized_title|location_without_country,low_confidence,2
1468,greenhouse,7272390,https://job-boards.greenhouse.io/datacamp/jobs/7272390,,,,,other,other,,,,Argentina,,,,,,,,,0,,,,,,null,,,,,,,,,,in_review,"Title and role family are unknown, location city is missing, salary details are unavailable. | rule_review: missing_normalized_title,missing_role_family,too_many_core_fields_missing",ollama,qwen2.5:7b,0.500,1,low_confidence|missing_normalized_title|missing_role_family|too_many_core_fields_missing|sparse_output,low_confidence,5
855,greenhouse,5809025004,https://job-boards.greenhouse.io/grafanalabs/jobs/5809025004,,,,,other,other,,,remote,,CA,,,,,other,,,0,,,,remote,CA,,,unspecified,,,,,,,,in_review,"Title and role family are unknown, experience and employment type are unspecified. | rule_review: missing_normalized_title",ollama,qwen2.5:7b,0.500,1,low_confidence|missing_normalized_title,low_confidence,2
1952,greenhouse,7237726,https://job-boards.greenhouse.io/capco/jobs/7237726,,,,,other,other,,,,US - Dallas,,,,,,other,,,0,,,,onsite,US,Dallas,unspecified,unspecified,,,,,,,,in_review,"Title and role family are not provided, location is partially specified (city but no country), salary details missing. | rule_review: missing_normalized_title",ollama,qwen2.5:7b,0.550,1,low_confidence|missing_normalized_title,low_confidence,1
954,greenhouse,7531351,https://job-boards.greenhouse.io/gofundme/jobs/7531351,,,,,other,other,,,remote,,,,,,,other,,,0,,,,remote,,,,unspecified,,,,,,,,in_review,"Title and role family are not specified, experience and employment type are unknown. | rule_review: missing_normalized_title",ollama,qwen2.5:7b,0.500,1,low_confidence|missing_normalized_title|location_without_country,low_confidence,2
1395,greenhouse,6491987,https://job-boards.greenhouse.io/appier/jobs/6491987,,,,,other,other,,,,Seoul,,,,,,other,,,0,,,,onsite,,Seoul,unspecified,unspecified,,,,,,,,in_review,"City is specified but country is missing, and other fields are unknown. | rule_review: missing_normalized_title",ollama,qwen2.5:7b,0.500,1,low_confidence|missing_normalized_title|location_without_country,low_confidence,1
215,greenhouse,8324828002,https://job-boards.greenhouse.io/gomotive/jobs/8324828002,,,,,other,other,,,remote,,US,,,,,other,,,0,,,,remote,US,,,unspecified,,,,,,,,in_review,"Title and role family are unknown, experience and employment type are unspecified. | rule_review: missing_normalized_title",ollama,qwen2.5:7b,0.500,1,low_confidence|missing_normalized_title,low_confidence,2
100,greenhouse,7639370,https://job-boards.greenhouse.io/smartsheet/jobs/7639370,,,,,other,other,,,,Bangalore,IN,,,,,other,,,0,,,,onsite,IN,Bangalore,,unspecified,,,,,,,,in_review,"Title and role family are unknown, employment type is unspecified. | rule_review: missing_normalized_title",ollama,qwen2.5:7b,0.550,1,low_confidence|missing_normalized_title,low_confidence,2
1505,greenhouse,5753042004,https://job-boards.greenhouse.io/kalepa/jobs/5753042004,,,,,other,other,,,remote,,,,,,,other,,,0,,,,remote,,,,unspecified,,,,,,,,in_review,"Title and role family are not specified, experience and employment type are unknown. | rule_review: missing_normalized_title",ollama,qwen2.5:7b,0.500,1,low_confidence|missing_normalized_title|location_without_country,low_confidence,2
1877,greenhouse,7663030,https://job-boards.greenhouse.io/capco/jobs/7663030,,,,,other,other,,,,US - New York,,,,,,other,,,0,,,,onsite,US,New York,unspecified,unspecified,,,,,,,,in_review,"Location and country are provided but not fully consistent, needs more context. | rule_review: missing_normalized_title",ollama,qwen2.5:7b,0.550,1,low_confidence|missing_normalized_title,low_confidence,1
611,greenhouse,4648605005,https://job-boards.greenhouse.io/gleanwork/jobs/4648605005,,,,,other,other,,,remote,,US,,,,,other,,,0,,,,remote,US,,,unspecified,,,,,,,,in_review,"Title and role family are unknown, experience and employment type are unspecified. | rule_review: missing_normalized_title",ollama,qwen2.5:7b,0.500,1,low_confidence|missing_normalized_title,low_confidence,2
1985,greenhouse,7400756,https://job-boards.greenhouse.io/mavensecuritiesholdingltd/jobs/7400756,,,,,other,other,,,,London,GB,,,,,other,,,0,,,,onsite,GB,London,unspecified,unspecified,,,,,,,,in_review,"Title and role family are unknown, experience and education details are missing, employment type is unspecified. | rule_review: missing_normalized_title",ollama,qwen2.5:7b,0.550,1,low_confidence|missing_normalized_title,low_confidence,1
840,greenhouse,5688186004,https://job-boards.greenhouse.io/grafanalabs/jobs/5688186004,,,,,other,other,,,remote,,,,,,,other,,,0,,,,remote,,,,unspecified,,,,,,,,in_review,"Title and role family are not specified, experience and employment type are unknown. | rule_review: missing_normalized_title",ollama,qwen2.5:7b,0.500,1,low_confidence|missing_normalized_title|location_without_country,low_confidence,2
1721,greenhouse,7439258,https://job-boards.greenhouse.io/capco/jobs/7439258,,,,,other,other,,,,India - Bengaluru,IN,,,,,,,,0,,,,onsite,IN,Bengaluru,unspecified,unspecified,,,,,,,,in_review,"Title and role family are not provided, experience and education details are missing, employment type is unspecified. | rule_review: missing_normalized_title,missing_role_family",ollama,qwen2.5:7b,0.550,1,low_confidence|missing_normalized_title|missing_role_family,low_confidence,2
745,greenhouse,5789342004,https://job-boards.greenhouse.io/grafanalabs/jobs/5789342004,,,,,other,other,,,remote,,GB,,,,,other,,,0,,,,remote,GB,,,unspecified,,,,,,,,in_review,"Title and role family are unknown, experience and employment type are unspecified. | rule_review: missing_normalized_title",ollama,qwen2.5:7b,0.550,1,low_confidence|missing_normalized_title,low_confidence,2
1583,greenhouse,7217669,https://job-boards.greenhouse.io/capco/jobs/7217669,,,,,other,other,,,,,PL,,,,,other,,,0,,,,,PL,,,unspecified,,,,,,,,in_review,"Title and role family are not specified, experience and employment type are unknown. | rule_review: missing_normalized_title,too_many_core_fields_missing",ollama,qwen2.5:7b,0.500,1,low_confidence|missing_normalized_title|too_many_core_fields_missing,low_confidence,3
1353,greenhouse,7380261,https://job-boards.greenhouse.io/thumbtack/jobs/7380261,,,,,other,other,,,remote,,US,,,,,other,,,0,,,,remote,US,,,unspecified,,,,,,,,in_review,"Title and role family are unknown, experience and employment type are unspecified. | rule_review: missing_normalized_title",ollama,qwen2.5:7b,0.500,1,low_confidence|missing_normalized_title,low_confidence,2
652,greenhouse,4617980005,https://job-boards.greenhouse.io/gleanwork/jobs/4617980005,,,,,other,other,,,,San Francisco,CA,,,,,other,,,0,,,,onsite,CA,San Francisco,,unspecified,,,,,,,,in_review,"Title and role family are not provided, employment type is missing, salary details are unknown. | rule_review: missing_normalized_title",ollama,qwen2.5:7b,0.550,1,low_confidence|missing_normalized_title,low_confidence,2
137,greenhouse,7812301002,https://job-boards.greenhouse.io/gomotive/jobs/7812301002,,,,,other,other,,,remote,,US,,,,,other,,,0,,,,remote,US,,,unspecified,,,,,,,,in_review,"Title and role family are unknown, experience and employment type are unspecified. | rule_review: missing_normalized_title",ollama,qwen2.5:7b,0.500,1,low_confidence|missing_normalized_title,low_confidence,2
1831,greenhouse,7532969,https://job-boards.greenhouse.io/capco/jobs/7532969,,,,,other,other,,,,UK - London,,,,,,other,,,0,,,,onsite,GB,London,unspecified,unspecified,,,,,,,,in_review,"Location and country are specified, but other details are missing. | rule_review: missing_normalized_title",ollama,qwen2.5:7b,0.550,1,low_confidence|missing_normalized_title,low_confidence,1
806,greenhouse,5813618004,https://job-boards.greenhouse.io/grafanalabs/jobs/5813618004,,,,,other,other,,,remote,,,,,,,other,,,0,,,,remote,,,,unspecified,,,,,,,,in_review,"Title and role family are not specified, experience and employment type are unknown. | rule_review: missing_normalized_title",ollama,qwen2.5:7b,0.500,1,low_confidence|missing_normalized_title|location_without_country,low_confidence,2
1159,greenhouse,7563003003,https://job-boards.greenhouse.io/celonis/jobs/7563003003?gh_jid=7563003003,,,,,other,other,,,,Bangalore,IN,,,,,other,,,0,,,,onsite,IN,Bangalore,,unspecified,,,,,,,,in_review,"Title and role family are unknown, employment type is unspecified. | rule_review: missing_normalized_title",ollama,qwen2.5:7b,0.550,1,low_confidence|missing_normalized_title,low_confidence,2
189,greenhouse,5466892002,https://job-boards.greenhouse.io/gomotive/jobs/5466892002,,,,,other,other,,,remote,,US,,,,,other,,,0,,,,remote,US,,,unspecified,,,,,,,,in_review,"Title and role family are unknown, experience and employment type are unspecified. | rule_review: missing_normalized_title",ollama,qwen2.5:7b,0.500,1,low_confidence|missing_normalized_title,low_confidence,2
622,greenhouse,4632997005,https://job-boards.greenhouse.io/gleanwork/jobs/4632997005,,,,,other,other,,,,San Francisco Bay Area,,,,,,other,,,0,,,,onsite,US,San Francisco Bay Area,full_time,unspecified,,,,,,,,in_review,City is specified but country is unknown; salary details are missing. | rule_review: missing_normalized_title,ollama,qwen2.5:7b,0.550,1,low_confidence|missing_normalized_title,low_confidence,1
899,greenhouse,5475234004,https://job-boards.greenhouse.io/correlationone/jobs/5475234004,,,,,other,other,,,remote,,,,,,,other,,,0,,,,remote,,,,unspecified,,,,,,,,in_review,"Title and role family are not specified, experience and employment type are unknown. | rule_review: missing_normalized_title",ollama,qwen2.5:7b,0.500,1,low_confidence|missing_normalized_title|location_without_country,low_confidence,2
294,greenhouse,3362765,https://job-boards.greenhouse.io/canonical/jobs/3362765,,,,,other,other,,,,,,,,,,,,,,,,,,,,,,,,,,,,,in_review,"Pred values are all 'other' or missing, indicating low confidence and ambiguity. | rule_review: missing_normalized_title,missing_role_family,too_many_core_fields_missing",ollama,qwen2.5:7b,0.150,1,low_confidence|missing_normalized_title|missing_role_family|too_many_core_fields_missing|sparse_output,low_confidence,5
1031,greenhouse,7353505,https://job-boards.greenhouse.io/webflow/jobs/7353505,,,,,other,other,,,remote,,US,,,,,other,,,0,,,,remote,US,,,unspecified,,,,,,,,in_review,"Title and role family are unknown, experience and employment type are unspecified. | rule_review: missing_normalized_title",ollama,qwen2.5:7b,0.500,1,low_confidence|missing_normalized_title,low_confidence,2
621,greenhouse,4605215005,https://job-boards.greenhouse.io/gleanwork/jobs/4605215005,,,,,other,other,,,,San Francisco Bay Area,,,,,,other,,,0,,,,onsite,US,San Francisco Bay Area,full_time,unspecified,,,,,,,,in_review,City is specified but country is unknown; salary details are missing. | rule_review: missing_normalized_title,ollama,qwen2.5:7b,0.550,1,low_confidence|missing_normalized_title,low_confidence,1
181,greenhouse,8386120002,https://job-boards.greenhouse.io/gomotive/jobs/8386120002,,,,,other,other,,,remote,,US,,,,,other,,,0,,,,remote,US,,,unspecified,,,,,,,,in_review,"Title and role family are unknown, experience and employment type are unspecified. | rule_review: missing_normalized_title",ollama,qwen2.5:7b,0.500,1,low_confidence|missing_normalized_title,low_confidence,2
1860,greenhouse,7519129,https://job-boards.greenhouse.io/capco/jobs/7519129,,,,,other,other,,,,UK - London,,,,,,other,,,0,,,,onsite,GB,London,unspecified,unspecified,,,,,,,,in_review,"Location and country are specified, but other details are missing. | rule_review: missing_normalized_title",ollama,qwen2.5:7b,0.550,1,low_confidence|missing_normalized_title,low_confidence,1
1027,greenhouse,7657237,https://job-boards.greenhouse.io/webflow/jobs/7657237,,,,,other,other,,,remote,,,,,,,other,,,0,,,,remote,,,,unspecified,,,,,,,,in_review,"Title and role family are not specified, experience and employment type are unknown. | rule_review: missing_normalized_title",ollama,qwen2.5:7b,0.500,1,low_confidence|missing_normalized_title|location_without_country,low_confidence,2
1306,greenhouse,7607677003,https://job-boards.greenhouse.io/celonis/jobs/7607677003?gh_jid=7607677003,,,,,other,other,,,,Munich,DE,,,,,other,,,0,,,,onsite,DE,Munich,unspecified,unspecified,,,,,,,,in_review,"Title and role family are unknown, experience and education details are missing, employment type is unspecified. | rule_review: missing_normalized_title",ollama,qwen2.5:7b,0.500,1,low_confidence|missing_normalized_title,low_confidence,1
182,greenhouse,8367414002,https://job-boards.greenhouse.io/gomotive/jobs/8367414002,,,,,other,other,,,remote,,US,,,,,other,,,0,,,,remote,US,,,unspecified,,,,,,,,in_review,"Title and role family are unknown, experience and employment type are unspecified. | rule_review: missing_normalized_title",ollama,qwen2.5:7b,0.500,1,low_confidence|missing_normalized_title,low_confidence,2
282,greenhouse,5172247,https://job-boards.greenhouse.io/canonical/jobs/5172247,,,,,other,other,,,,,,,,,,,,,,,,,,,,,,,,,,,,,in_review,"Pred values are all 'other' or missing, indicating low confidence and ambiguity. | rule_review: missing_normalized_title,missing_role_family,too_many_core_fields_missing",ollama,qwen2.5:7b,0.150,1,low_confidence|missing_normalized_title|missing_role_family|too_many_core_fields_missing|sparse_output,low_confidence,5
902,greenhouse,5657817004,https://job-boards.greenhouse.io/correlationone/jobs/5657817004,,,,,other,other,,,remote,,,,,,,other,,,0,,,,remote,,,,unspecified,,,,,,,,in_review,"Title and role family are not specified, experience and employment type are unknown. | rule_review: missing_normalized_title",ollama,qwen2.5:7b,0.500,1,low_confidence|missing_normalized_title|location_without_country,low_confidence,2
406,greenhouse,5326649,https://job-boards.greenhouse.io/canonical/jobs/5326649,,,,,other,other,,,,,,,,,,,,,,,,,,,,,,,,,,,,,in_review,"Pred values are all 'other' or missing, indicating low confidence and ambiguity. | rule_review: missing_normalized_title,missing_role_family,too_many_core_fields_missing",ollama,qwen2.5:7b,0.150,1,low_confidence|missing_normalized_title|missing_role_family|too_many_core_fields_missing|sparse_output,low_confidence,5
895,greenhouse,5728176004,https://job-boards.greenhouse.io/grafanalabs/jobs/5728176004,,,,,other,other,,,remote,,,,,,,other,,,0,,,,remote,,,,unspecified,,,,,,,,in_review,"Title and role family are not specified, experience and employment type are unknown. | rule_review: missing_normalized_title",ollama,qwen2.5:7b,0.500,1,low_confidence|missing_normalized_title|location_without_country,low_confidence,2
675,greenhouse,4611652005,https://job-boards.greenhouse.io/gleanwork/jobs/4611652005,,,,,other,other,,,,Bangalore,IN,,,,,other,,,0,,,,onsite,IN,Bangalore,,unspecified,,,,,,,,in_review,"Title and role family are unknown, employment type is unspecified. | rule_review: missing_normalized_title",ollama,qwen2.5:7b,0.550,1,low_confidence|missing_normalized_title,low_confidence,2
1010,greenhouse,7648674,https://job-boards.greenhouse.io/webflow/jobs/7648674,,,,,other,other,,,remote,,,,,,,other,,,0,,,,remote,,,,unspecified,,,,,,,,in_review,"Title and role family are not specified, experience and employment type are unknown. | rule_review: missing_normalized_title",ollama,qwen2.5:7b,0.500,1,low_confidence|missing_normalized_title|location_without_country,low_confidence,2
1734,greenhouse,6870486,https://job-boards.greenhouse.io/capco/jobs/6870486,,,,,other,other,,,,UK - London,,,,,,other,,,0,,,,onsite,GB,London,unspecified,unspecified,,,,,,,,in_review,"Location and country are specified, but other details are missing. | rule_review: missing_normalized_title",ollama,qwen2.5:7b,0.550,1,low_confidence|missing_normalized_title,low_confidence,1
735,greenhouse,8416034002,https://job-boards.greenhouse.io/dv01/jobs/8416034002,,,,,other,other,,,remote,,US,,,,,other,,,0,,,,remote,US,,,unspecified,,,,,,,,in_review,"Title and role family are unknown, experience and employment type are unspecified. | rule_review: missing_normalized_title",ollama,qwen2.5:7b,0.500,1,low_confidence|missing_normalized_title,low_confidence,2
1896,greenhouse,7637843,https://job-boards.greenhouse.io/capco/jobs/7637843,,,,,other,other,,,,UK - London,,,,,,other,,,0,,,,onsite,GB,London,unspecified,unspecified,,,,,,,,in_review,"Location and country are specified, but other details are missing. | rule_review: missing_normalized_title",ollama,qwen2.5:7b,0.550,1,low_confidence|missing_normalized_title,low_confidence,1
1028,greenhouse,7456857,https://job-boards.greenhouse.io/webflow/jobs/7456857,,,,,other,other,,,remote,,US,,,,,other,,,0,,,,remote,US,,,unspecified,,,,,,,,in_review,"Title and role family are unknown, experience and employment type are unspecified. | rule_review: missing_normalized_title",ollama,qwen2.5:7b,0.500,1,low_confidence|missing_normalized_title,low_confidence,2
589,greenhouse,4595930005,https://job-boards.greenhouse.io/gleanwork/jobs/4595930005,,,,,other,other,,,,Sweden,,,,,,other,,,0,,,,,,,,unspecified,,,,,,,,in_review,"Title and role family are unknown, location type is unspecified, employment type and seniority are missing. | rule_review: missing_normalized_title,too_many_core_fields_missing",ollama,qwen2.5:7b,0.550,1,low_confidence|missing_normalized_title|too_many_core_fields_missing,low_confidence,3
971,greenhouse,7531355,https://job-boards.greenhouse.io/gofundme/jobs/7531355,,,,,other,other,,,remote,,,,,,,other,,,0,,,,remote,,,,unspecified,,,,,,,,in_review,"Title and role family are not specified, experience and employment type are unknown. | rule_review: missing_normalized_title",ollama,qwen2.5:7b,0.500,1,low_confidence|missing_normalized_title|location_without_country,low_confidence,2
1625,greenhouse,7314538,https://job-boards.greenhouse.io/capco/jobs/7314538,,,,,other,other,,,,India - Pune,IN,,,,,other,,,0,,,,onsite,IN,Pune,unspecified,unspecified,,,,,,,,in_review,"Location and country are specified, but other details are missing or ambiguous. | rule_review: missing_normalized_title",ollama,qwen2.5:7b,0.550,1,low_confidence|missing_normalized_title,low_confidence,1
1349,greenhouse,7638146,https://job-boards.greenhouse.io/thumbtack/jobs/7638146,,,,,other,other,,,remote,,US,,,,,other,,,0,,,,remote,US,,,unspecified,,,,,,,,in_review,"Title and role family are unknown, experience and employment type are unspecified. | rule_review: missing_normalized_title",ollama,qwen2.5:7b,0.500,1,low_confidence|missing_normalized_title,low_confidence,2
1746,greenhouse,7621545,https://job-boards.greenhouse.io/capco/jobs/7621545,,,,,other,other,,,,,IN,,,,,other,,,0,,,,,IN,,,unspecified,,,,,,,,in_review,"Title and role family are not specified, experience and employment type are unknown. | rule_review: missing_normalized_title,too_many_core_fields_missing",ollama,qwen2.5:7b,0.550,1,low_confidence|missing_normalized_title|too_many_core_fields_missing,low_confidence,3
1203,greenhouse,7549925003,https://job-boards.greenhouse.io/celonis/jobs/7549925003?gh_jid=7549925003,,,,,other,other,,,remote,,CH,,,,,other,,,0,,,,remote,CH,,,unspecified,,,,,,,,in_review,"Title and role family are unknown, employment type is missing, salary details are unspecified. | rule_review: missing_normalized_title",ollama,qwen2.5:7b,0.550,1,low_confidence|missing_normalized_title,low_confidence,2
1246,greenhouse,6554352003,https://job-boards.greenhouse.io/celonis/jobs/6554352003?gh_jid=6554352003,,,,,other,other,,,,New York,US,,,,,other,,,0,,,,onsite,US,New York,unspecified,unspecified,,,,,,,,in_review,"Title and role family are unknown, experience and education details are missing, employment type is unspecified. | rule_review: missing_normalized_title",ollama,qwen2.5:7b,0.500,1,low_confidence|missing_normalized_title,low_confidence,1
900,greenhouse,5737117004,https://job-boards.greenhouse.io/correlationone/jobs/5737117004,,,,,other,other,,,remote,,DE,,,,,other,,,0,,,,remote,DE,,,unspecified,,,,,,,,in_review,"Title and role family are unknown, experience and employment type are unspecified. | rule_review: missing_normalized_title",ollama,qwen2.5:7b,0.550,1,low_confidence|missing_normalized_title,low_confidence,2
1766,greenhouse,7126735,https://job-boards.greenhouse.io/capco/jobs/7126735,,,,,other,other,,,,China - Hong Kong,,,,,,,,,,,,,,CN,Hong Kong,,,,,,,,,,in_review,"Location information is partially provided, country and city are specified but the location type is unknown. Confidence is below threshold. | rule_review: missing_normalized_title,missing_role_family,too_many_core_fields_missing",ollama,qwen2.5:7b,0.550,1,low_confidence|missing_normalized_title|missing_role_family|too_many_core_fields_missing|sparse_output,low_confidence,5
212,greenhouse,8174963002,https://job-boards.greenhouse.io/gomotive/jobs/8174963002,,,,,other,other,,,remote,,,,,,,other,,,0,,,,remote,,,,unspecified,,,,,,,,in_review,"Title and role family are not specified, experience and employment type are unknown. | rule_review: missing_normalized_title",ollama,qwen2.5:7b,0.500,1,low_confidence|missing_normalized_title|location_without_country,low_confidence,2
1757,greenhouse,7658022,https://job-boards.greenhouse.io/capco/jobs/7658022,,,,,other,other,,,,UK - London,,,,,,other,,,0,,,,onsite,GB,London,unspecified,unspecified,,,,,,,,in_review,"Location and country are specified, but other details are missing. | rule_review: missing_normalized_title",ollama,qwen2.5:7b,0.550,1,low_confidence|missing_normalized_title,low_confidence,1
577,greenhouse,4520716005,https://job-boards.greenhouse.io/gleanwork/jobs/4520716005,,,,,other,other,,,remote,,US,,,,,other,,,0,,,,remote,US,,,unspecified,,,,,,,,in_review,"Title and role family are unknown, experience and employment type are unspecified. | rule_review: missing_normalized_title",ollama,qwen2.5:7b,0.500,1,low_confidence|missing_normalized_title,low_confidence,2
1923,greenhouse,7647601,https://job-boards.greenhouse.io/capco/jobs/7647601,,,,,other,other,,,,Canada - Calgary,CA,,,,,,,,0,,,,onsite,CA,Calgary,,,,,,,,,,in_review,"Title and role family are unknown, employment type is unspecified. | rule_review: missing_normalized_title,missing_role_family,too_many_core_fields_missing",ollama,qwen2.5:7b,0.550,1,low_confidence|missing_normalized_title|missing_role_family|too_many_core_fields_missing|sparse_output,low_confidence,4
629,greenhouse,4646677005,https://job-boards.greenhouse.io/gleanwork/jobs/4646677005,,,,,other,other,,,remote,,US,,,,,other,,,0,,,,remote,US,,,unspecified,,,,,,,,in_review,"Title and role family are unknown, experience and employment type are unspecified. | rule_review: missing_normalized_title",ollama,qwen2.5:7b,0.500,1,low_confidence|missing_normalized_title,low_confidence,2
310,greenhouse,4144793,https://job-boards.greenhouse.io/canonical/jobs/4144793,,,,,other,other,,,,Home Based - Americas,,,,,,,,,,,,,remote,,Home Based - Americas,unspecified,unspecified,,,,,,,,in_review,"Location is specified as 'Home Based - Americas', which could be interpreted in multiple ways, and other fields are missing. | rule_review: missing_normalized_title,missing_role_family",ollama,qwen2.5:7b,0.550,1,low_confidence|missing_normalized_title|missing_role_family|location_without_country,low_confidence,2
1012,greenhouse,7595470,https://job-boards.greenhouse.io/webflow/jobs/7595470,,,,,other,other,,,remote,,US,,,,,other,,,0,,,,remote,US,,,unspecified,,,,,,,,in_review,"Title and role family are unknown, experience and employment type are unspecified. | rule_review: missing_normalized_title",ollama,qwen2.5:7b,0.500,1,low_confidence|missing_normalized_title,low_confidence,2
968,greenhouse,7456572,https://job-boards.greenhouse.io/gofundme/jobs/7456572,,,,,other,other,,,,San Francisco,CA,,,,,other,,,0,,,,onsite,CA,San Francisco,,unspecified,,,,,,,,in_review,"Title and role family are not provided, employment type is missing, salary details are unknown. | rule_review: missing_normalized_title",ollama,qwen2.5:7b,0.550,1,low_confidence|missing_normalized_title,low_confidence,2
1015,greenhouse,7644949,https://job-boards.greenhouse.io/webflow/jobs/7644949,,,,,other,other,,,remote,,US,,,,,other,,,0,,,,remote,US,,,unspecified,,,,,,,,in_review,"Title and role family are unknown, experience and employment type are unspecified. | rule_review: missing_normalized_title",ollama,qwen2.5:7b,0.500,1,low_confidence|missing_normalized_title,low_confidence,2
1137,greenhouse,7507758003,https://job-boards.greenhouse.io/celonis/jobs/7507758003?gh_jid=7507758003,,,,,other,other,,,,Bangalore,IN,,,,,other,,,0,,,,onsite,IN,Bangalore,,unspecified,,,,,,,,in_review,"Title and role family are unknown, employment type is unspecified. | rule_review: missing_normalized_title",ollama,qwen2.5:7b,0.550,1,low_confidence|missing_normalized_title,low_confidence,2
913,greenhouse,5815347004,https://job-boards.greenhouse.io/correlationone/jobs/5815347004,,,,,other,other,,,remote,,,,,,,other,,,0,,,,remote,,,,unspecified,,,,,,,,in_review,"Title and role family are not specified, experience and employment type are unknown. | rule_review: missing_normalized_title",ollama,qwen2.5:7b,0.500,1,low_confidence|missing_normalized_title|location_without_country,low_confidence,2
1829,greenhouse,7657541,https://job-boards.greenhouse.io/capco/jobs/7657541,,,,,other,other,,,,UK - London,,,,,,other,,,0,,,,onsite,GB,London,unspecified,unspecified,,,,,,,,in_review,"Location and country are specified, but other details are missing. | rule_review: missing_normalized_title",ollama,qwen2.5:7b,0.550,1,low_confidence|missing_normalized_title,low_confidence,1
750,greenhouse,5810432004,https://job-boards.greenhouse.io/grafanalabs/jobs/5810432004,,,,,other,other,,,remote,,DE,,,,,other,,,0,,,,remote,DE,,,unspecified,,,,,,,,in_review,"Title and role family are unknown, experience and employment type are unspecified. | rule_review: missing_normalized_title",ollama,qwen2.5:7b,0.550,1,low_confidence|missing_normalized_title,low_confidence,2
1732,greenhouse,7427269,https://job-boards.greenhouse.io/capco/jobs/7427269,,,,,other,other,,,,India - Bengaluru,IN,,,,,,,,0,,,,onsite,IN,Bengaluru,unspecified,unspecified,,,,,,,,in_review,"Title and role family are not provided, experience and education details are missing, employment type is unspecified. | rule_review: missing_normalized_title,missing_role_family",ollama,qwen2.5:7b,0.550,1,low_confidence|missing_normalized_title|missing_role_family,low_confidence,2
858,greenhouse,5725860004,https://job-boards.greenhouse.io/grafanalabs/jobs/5725860004,,,,,other,other,,,remote,,,,,,,other,,,0,,,,remote,,,,unspecified,,,,,,,,in_review,"Title and role family are not specified, experience and employment type are unknown. | rule_review: missing_normalized_title",ollama,qwen2.5:7b,0.500,1,low_confidence|missing_normalized_title|location_without_country,low_confidence,2
1070,greenhouse,6657176003,https://job-boards.greenhouse.io/celonis/jobs/6657176003?gh_jid=6657176003,,,,,other,other,,,,Tokyo,,,,,,other,,,0,,,,onsite,,Tokyo,unspecified,unspecified,,,,,,,,in_review,"Location and country are specified, but other details are missing. | rule_review: missing_normalized_title",ollama,qwen2.5:7b,0.550,1,low_confidence|missing_normalized_title|location_without_country,low_confidence,1
762,greenhouse,5748597004,https://job-boards.greenhouse.io/grafanalabs/jobs/5748597004,,,,,other,other,,,remote,,US,,,,,other,,,0,,,,remote,US,,,unspecified,,,,,,,,in_review,"Title and role family are unknown, experience and employment type are unspecified. | rule_review: missing_normalized_title",ollama,qwen2.5:7b,0.500,1,low_confidence|missing_normalized_title,low_confidence,2
76,greenhouse,7395033,https://job-boards.greenhouse.io/smartsheet/jobs/7395033,,,,,other,other,,,,Bangalore,IN,,,,,other,,,0,,,,onsite,IN,Bangalore,,unspecified,,,,,,,,in_review,"Title and role family are unknown, employment type is unspecified. | rule_review: missing_normalized_title",ollama,qwen2.5:7b,0.550,1,low_confidence|missing_normalized_title,low_confidence,2
904,greenhouse,5464389004,https://job-boards.greenhouse.io/correlationone/jobs/5464389004,,,,,other,other,,,remote,,,,,,,other,,,0,,,,remote,,,,unspecified,,,,,,,,in_review,"Title and role family are not specified, experience and employment type are unknown. | rule_review: missing_normalized_title",ollama,qwen2.5:7b,0.500,1,low_confidence|missing_normalized_title|location_without_country,low_confidence,2
1759,greenhouse,7642514,https://job-boards.greenhouse.io/capco/jobs/7642514,,,,,other,other,,,,UK - Edinburgh,,,,,,other,,,0,,,,onsite,GB,Edinburgh,unspecified,unspecified,,,,,,,,in_review,"Location and country are provided, but other details are missing. | rule_review: missing_normalized_title",ollama,qwen2.5:7b,0.550,1,low_confidence|missing_normalized_title,low_confidence,1
836,greenhouse,5764236004,https://job-boards.greenhouse.io/grafanalabs/jobs/5764236004,,,,,other,other,,,remote,,,,,,,other,,,0,,,,remote,,,,unspecified,,,,,,,,in_review,"Title and role family are not specified, experience and employment type are unknown. | rule_review: missing_normalized_title",ollama,qwen2.5:7b,0.500,1,low_confidence|missing_normalized_title|location_without_country,low_confidence,2
560,greenhouse,4608948005,https://job-boards.greenhouse.io/gleanwork/jobs/4608948005,,,,,other,other,,,,Nashville,,,,,,other,,,0,,,,,,Nashville,,,,,,,,,,in_review,"Ambiguous role family, seniority, employment type, and country. | rule_review: missing_normalized_title,too_many_core_fields_missing",ollama,qwen2.5:7b,0.500,1,low_confidence|missing_normalized_title|too_many_core_fields_missing|sparse_output,low_confidence,4
1346,greenhouse,7576128,https://job-boards.greenhouse.io/thumbtack/jobs/7576128,,,,,other,other,,,remote,,,,,,,other,,,0,,,,remote,,,,unspecified,,,,,,,,in_review,"Title and role family are not specified, experience and employment type are unknown. | rule_review: missing_normalized_title",ollama,qwen2.5:7b,0.500,1,low_confidence|missing_normalized_title|location_without_country,low_confidence,2
694,greenhouse,4592324005,https://job-boards.greenhouse.io/gleanwork/jobs/4592324005,,,,,other,other,,,,Palo Alto,CA,,,,,other,,,0,,,,onsite,CA,Palo Alto,unspecified,unspecified,,,,,,,,in_review,"Title and role family are unknown, salary details are missing. | rule_review: missing_normalized_title",ollama,qwen2.5:7b,0.500,1,low_confidence|missing_normalized_title,low_confidence,1
791,greenhouse,5785663004,https://job-boards.greenhouse.io/grafanalabs/jobs/5785663004,,,,,other,other,,,remote,,DE,,,,,other,,,0,,,,remote,DE,,,unspecified,,,,,,,,in_review,"Title and role family are unknown, experience and employment type are unspecified. | rule_review: missing_normalized_title",ollama,qwen2.5:7b,0.550,1,low_confidence|missing_normalized_title,low_confidence,2
1913,greenhouse,7530600,https://job-boards.greenhouse.io/capco/jobs/7530600,,,,,other,other,,,,UK - London,,,,,,other,,,0,,,,onsite,GB,London,unspecified,unspecified,,,,,,,,in_review,"Location and country are specified, but other details are missing. | rule_review: missing_normalized_title",ollama,qwen2.5:7b,0.550,1,low_confidence|missing_normalized_title,low_confidence,1
802,greenhouse,5763972004,https://job-boards.greenhouse.io/grafanalabs/jobs/5763972004,,,,,other,other,,,remote,,GB,,,,,other,,,0,,,,remote,GB,,,unspecified,,,,,,,,in_review,"Title and role family are unknown, experience and employment type are unspecified. | rule_review: missing_normalized_title",ollama,qwen2.5:7b,0.550,1,low_confidence|missing_normalized_title,low_confidence,2
683,greenhouse,4638008005,https://job-boards.greenhouse.io/gleanwork/jobs/4638008005,,,,,other,other,,,,Palo Alto,,,,,,other,,,0,,,,,US,Palo Alto,,,,,,,,,,in_review,"Title and role family are not provided, location is known but country is missing, no salary or employment type information. | rule_review: missing_normalized_title,too_many_core_fields_missing",ollama,qwen2.5:7b,0.550,1,low_confidence|missing_normalized_title|too_many_core_fields_missing|sparse_output,low_confidence,4
1051,greenhouse,7340652,https://job-boards.greenhouse.io/webflow/jobs/7340652,,,,,other,other,,,remote,,,,,,,other,,,0,,,,remote,,,,unspecified,,,,,,,,in_review,"Title and role family are not specified, experience and employment type are unknown. | rule_review: missing_normalized_title",ollama,qwen2.5:7b,0.500,1,low_confidence|missing_normalized_title|location_without_country,low_confidence,2
1241,greenhouse,7500473003,https://job-boards.greenhouse.io/celonis/jobs/7500473003?gh_jid=7500473003,,,,,other,other,,,,Stockholm,,,,,,other,,,0,,,,onsite,,Stockholm,,unspecified,,,,,,,,in_review,"Location and city are specified, but other details are missing. | rule_review: missing_normalized_title",ollama,qwen2.5:7b,0.550,1,low_confidence|missing_normalized_title|location_without_country,low_confidence,2
896,greenhouse,5811992004,https://job-boards.greenhouse.io/grafanalabs/jobs/5811992004,,,,,other,other,,,remote,,US,,,,,other,,,0,,,,remote,US,,,unspecified,,,,,,,,in_review,"Title and role family are unknown, experience and employment type are unspecified. | rule_review: missing_normalized_title",ollama,qwen2.5:7b,0.500,1,low_confidence|missing_normalized_title,low_confidence,2
471,greenhouse,1861978,https://job-boards.greenhouse.io/canonical/jobs/1861978,,,,,other,other,,,,Home Based - Americas,,,,,,,,,,,,,remote,,Home Based - Americas,unspecified,unspecified,,,,,,,,in_review,"Location is specified as 'Home Based - Americas', which could be interpreted in multiple ways, and other fields are missing. | rule_review: missing_normalized_title,missing_role_family",ollama,qwen2.5:7b,0.550,1,low_confidence|missing_normalized_title|missing_role_family|location_without_country,low_confidence,2
790,greenhouse,5711137004,https://job-boards.greenhouse.io/grafanalabs/jobs/5711137004,,,,,other,other,,,remote,,US,,,,,other,,,0,,,,remote,US,,,unspecified,,,,,,,,in_review,"Title and role family are unknown, experience and employment type are unspecified. | rule_review: missing_normalized_title",ollama,qwen2.5:7b,0.500,1,low_confidence|missing_normalized_title,low_confidence,2
1912,greenhouse,7563697,https://job-boards.greenhouse.io/capco/jobs/7563697,,,,,other,other,,,,,PL,,,,,other,,,0,,,,,PL,,,unspecified,,,,,,,,in_review,"Title and role family are not specified, experience and employment type are unknown. | rule_review: missing_normalized_title,too_many_core_fields_missing",ollama,qwen2.5:7b,0.500,1,low_confidence|missing_normalized_title|too_many_core_fields_missing,low_confidence,3
773,greenhouse,5598635004,https://job-boards.greenhouse.io/grafanalabs/jobs/5598635004,,,,,other,other,,,remote,,US,,,,,other,,,0,,,,remote,US,,,unspecified,,,,,,,,in_review,"Title and role family are unknown, experience and employment type are unspecified. | rule_review: missing_normalized_title",ollama,qwen2.5:7b,0.500,1,low_confidence|missing_normalized_title,low_confidence,2
654,greenhouse,4540862005,https://job-boards.greenhouse.io/gleanwork/jobs/4540862005,,,,,other,other,,,,Bangalore,IN,,,,,other,,,0,,,,onsite,IN,Bangalore,,unspecified,,,,,,,,in_review,"Title and role family are unknown, employment type is unspecified. | rule_review: missing_normalized_title",ollama,qwen2.5:7b,0.550,1,low_confidence|missing_normalized_title,low_confidence,2
912,greenhouse,5815345004,https://job-boards.greenhouse.io/correlationone/jobs/5815345004,,,,,other,other,,,remote,,,,,,,other,,,0,,,,remote,,,,unspecified,,,,,,,,in_review,"Title and role family are not specified, experience and employment type are unknown. | rule_review: missing_normalized_title",ollama,qwen2.5:7b,0.500,1,low_confidence|missing_normalized_title|location_without_country,low_confidence,2
1895,greenhouse,7637860,https://job-boards.greenhouse.io/capco/jobs/7637860,,,,,other,other,,,,UK - Edinburgh,,,,,,other,,,0,,,,onsite,GB,Edinburgh,unspecified,unspecified,,,,,,,,in_review,"Location and country are provided, but other details are missing. | rule_review: missing_normalized_title",ollama,qwen2.5:7b,0.550,1,low_confidence|missing_normalized_title,low_confidence,1
244,greenhouse,8303849002,https://job-boards.greenhouse.io/gomotive/jobs/8303849002,,,,,other,other,,,remote,,US,,,,,other,,,0,,,,remote,US,,,unspecified,,,,,,,,in_review,"Title and role family are unknown, experience and employment type are unspecified. | rule_review: missing_normalized_title",ollama,qwen2.5:7b,0.500,1,low_confidence|missing_normalized_title,low_confidence,2
598,greenhouse,4656385005,https://job-boards.greenhouse.io/gleanwork/jobs/4656385005,,,,,other,other,,,,London,GB,,,,,other,,,0,,,,onsite,GB,London,unspecified,unspecified,,,,,,,,in_review,"Title and role family are unknown, experience and education details are missing, employment type is unspecified. | rule_review: missing_normalized_title",ollama,qwen2.5:7b,0.550,1,low_confidence|missing_normalized_title,low_confidence,1
781,greenhouse,5786043004,https://job-boards.greenhouse.io/grafanalabs/jobs/5786043004,,,,,other,other,,,remote,,US,,,,,other,,,0,,,,remote,US,,,unspecified,,,,,,,,in_review,"Title and role family are unknown, experience and employment type are unspecified. | rule_review: missing_normalized_title",ollama,qwen2.5:7b,0.500,1,low_confidence|missing_normalized_title,low_confidence,2
1666,greenhouse,7578353,https://job-boards.greenhouse.io/capco/jobs/7578353,,,,,other,other,,,,,PL,,,,,other,,,0,,,,,PL,,,unspecified,,,,,,,,in_review,"Title and role family are not specified, experience and employment type are unknown. | rule_review: missing_normalized_title,too_many_core_fields_missing",ollama,qwen2.5:7b,0.500,1,low_confidence|missing_normalized_title|too_many_core_fields_missing,low_confidence,3
1063,greenhouse,7493399003,https://job-boards.greenhouse.io/celonis/jobs/7493399003?gh_jid=7493399003,,,,,other,other,,,remote,,US,,,,,other,,,0,,,,remote,US,,,unspecified,,,,,,,,in_review,"Title and role family are unknown, experience and employment type are unspecified. | rule_review: missing_normalized_title",ollama,qwen2.5:7b,0.500,1,low_confidence|missing_normalized_title,low_confidence,2
700,greenhouse,4600403005,https://job-boards.greenhouse.io/gleanwork/jobs/4600403005,,,,,other,other,,,,San Francisco,US,,,,,other,,,0,,,,onsite,US,San Francisco,,unspecified,,,,,,,,in_review,"Title and role family are unknown, employment type is unspecified. | rule_review: missing_normalized_title",ollama,qwen2.5:7b,0.500,1,low_confidence|missing_normalized_title,low_confidence,2
846,greenhouse,5740512004,https://job-boards.greenhouse.io/grafanalabs/jobs/5740512004,,,,,other,other,,,remote,,US,,,,,other,,,0,,,,remote,US,,,unspecified,,,,,,,,in_review,"Title and role family are unknown, experience and employment type are unspecified. | rule_review: missing_normalized_title",ollama,qwen2.5:7b,0.500,1,low_confidence|missing_normalized_title,low_confidence,2
635,greenhouse,4577381005,https://job-boards.greenhouse.io/gleanwork/jobs/4577381005,,,,,other,other,,,,San Francisco Bay Area,,,,,,other,,,0,,,,onsite,US,San Francisco Bay Area,full_time,unspecified,,,,,,,,in_review,City is specified but country is unknown; salary details are missing. | rule_review: missing_normalized_title,ollama,qwen2.5:7b,0.550,1,low_confidence|missing_normalized_title,low_confidence,1
830,greenhouse,5808863004,https://job-boards.greenhouse.io/grafanalabs/jobs/5808863004,,,,,other,other,,,remote,,DE,,,,,other,,,0,,,,remote,DE,,,unspecified,,,,,,,,in_review,"Title and role family are unknown, experience and employment type are unspecified. | rule_review: missing_normalized_title",ollama,qwen2.5:7b,0.550,1,low_confidence|missing_normalized_title,low_confidence,2
1129,greenhouse,7627616003,https://job-boards.greenhouse.io/celonis/jobs/7627616003?gh_jid=7627616003,,,,,other,other,,,,Munich,DE,,,,,other,,,0,,,,onsite,DE,Munich,unspecified,unspecified,,,,,,,,in_review,"Title and role family are unknown, experience and education details are missing, employment type is unspecified. | rule_review: missing_normalized_title",ollama,qwen2.5:7b,0.500,1,low_confidence|missing_normalized_title,low_confidence,1
239,greenhouse,6056440002,https://job-boards.greenhouse.io/gomotive/jobs/6056440002,,,,,other,other,,,remote,,,,,,,other,,,0,,,,remote,,,,unspecified,,,,,,,,in_review,"Title and role family are not specified, experience and employment type are unknown. | rule_review: missing_normalized_title",ollama,qwen2.5:7b,0.500,1,low_confidence|missing_normalized_title|location_without_country,low_confidence,2
950,greenhouse,7312575,https://job-boards.greenhouse.io/gofundme/jobs/7312575,,,,,other,other,,,,San Francisco,CA,,,,,other,,,0,,,,onsite,CA,San Francisco,,unspecified,,,,,,,,in_review,"Title and role family are not provided, employment type is missing, salary details are unknown. | rule_review: missing_normalized_title",ollama,qwen2.5:7b,0.550,1,low_confidence|missing_normalized_title,low_confidence,2
755,greenhouse,5789038004,https://job-boards.greenhouse.io/grafanalabs/jobs/5789038004,,,,,other,other,,,remote,,ES,,,,,other,,,0,,,,remote,ES,,,unspecified,,,,,,,,in_review,"Title and role family are unknown, employment type is missing. | rule_review: missing_normalized_title",ollama,qwen2.5:7b,0.550,1,low_confidence|missing_normalized_title,low_confidence,2
1169,greenhouse,6681250003,https://job-boards.greenhouse.io/celonis/jobs/6681250003?gh_jid=6681250003,,,,,other,other,,,,Munich,DE,,,,,other,,,0,,,,onsite,DE,Munich,unspecified,unspecified,,,,,,,,in_review,"Title and role family are unknown, experience and education details are missing, employment type is unspecified. | rule_review: missing_normalized_title",ollama,qwen2.5:7b,0.500,1,low_confidence|missing_normalized_title,low_confidence,1
1337,greenhouse,7517293,https://job-boards.greenhouse.io/thumbtack/jobs/7517293,,,,,other,other,,,remote,,US,,,,,other,,,0,,,,remote,US,,,unspecified,,,,,,,,in_review,"Title and role family are unknown, experience and employment type are unspecified. | rule_review: missing_normalized_title",ollama,qwen2.5:7b,0.500,1,low_confidence|missing_normalized_title,low_confidence,2
1423,greenhouse,7382788,https://job-boards.greenhouse.io/appier/jobs/7382788,,,,,other,other,,,,Tokyo,,,,,,other,,,0,,,,onsite,,Tokyo,unspecified,unspecified,,,,,,,,in_review,"Location and country are specified, but other details are missing. | rule_review: missing_normalized_title",ollama,qwen2.5:7b,0.550,1,low_confidence|missing_normalized_title|location_without_country,low_confidence,1
838,greenhouse,5688180004,https://job-boards.greenhouse.io/grafanalabs/jobs/5688180004,,,,,other,other,,,remote,,DE,,,,,other,,,0,,,,remote,DE,,,unspecified,,,,,,,,in_review,"Title and role family are unknown, experience and employment type are unspecified. | rule_review: missing_normalized_title",ollama,qwen2.5:7b,0.550,1,low_confidence|missing_normalized_title,low_confidence,2
442,greenhouse,7528950,https://job-boards.greenhouse.io/canonical/jobs/7528950,,,,,other,other,,,,,,,,,,,,,,,,,,,,,,,,,,,,,in_review,"Pred values are all 'other' or missing, indicating low confidence and ambiguity. | rule_review: missing_normalized_title,missing_role_family,too_many_core_fields_missing",ollama,qwen2.5:7b,0.150,1,low_confidence|missing_normalized_title|missing_role_family|too_many_core_fields_missing|sparse_output,low_confidence,5
743,greenhouse,5799038004,https://job-boards.greenhouse.io/grafanalabs/jobs/5799038004,,,,,other,other,,,remote,,GB,,,,,other,,,0,,,,remote,GB,,,unspecified,,,,,,,,in_review,"Title and role family are unknown, experience and employment type are unspecified. | rule_review: missing_normalized_title",ollama,qwen2.5:7b,0.550,1,low_confidence|missing_normalized_title,low_confidence,2
384,greenhouse,6391434,https://job-boards.greenhouse.io/canonical/jobs/6391434,,,,,other,other,,,,,,,,,,,,,,,,,,,,,,,,,,,,,in_review,"Pred values are all 'other' or missing, indicating low confidence and ambiguity. | rule_review: missing_normalized_title,missing_role_family,too_many_core_fields_missing",ollama,qwen2.5:7b,0.150,1,low_confidence|missing_normalized_title|missing_role_family|too_many_core_fields_missing|sparse_output,low_confidence,5
823,greenhouse,5783880004,https://job-boards.greenhouse.io/grafanalabs/jobs/5783880004,,,,,other,other,,,remote,,ES,,,,,other,,,0,,,,remote,ES,,,unspecified,,,,,,,,in_review,"Title and role family are unknown, employment type is missing. | rule_review: missing_normalized_title",ollama,qwen2.5:7b,0.550,1,low_confidence|missing_normalized_title,low_confidence,2
1085,greenhouse,7553494003,https://job-boards.greenhouse.io/celonis/jobs/7553494003?gh_jid=7553494003,,,,,other,other,,,,Madrid,ES,,,,,other,,,0,,,,onsite,ES,Madrid,,unspecified,,,,,,,,in_review,"Title and role family are unknown, employment type is unspecified. | rule_review: missing_normalized_title",ollama,qwen2.5:7b,0.550,1,low_confidence|missing_normalized_title,low_confidence,2
551,greenhouse,4661899005,https://job-boards.greenhouse.io/gleanwork/jobs/4661899005,,,,,other,other,,,remote,,US,,,,,other,,,0,,,,remote,US,,,unspecified,,,,,,,,in_review,"Title and role family are unknown, experience and employment type are unspecified. | rule_review: missing_normalized_title",ollama,qwen2.5:7b,0.500,1,low_confidence|missing_normalized_title,low_confidence,2
301,greenhouse,5188002,https://job-boards.greenhouse.io/canonical/jobs/5188002,,,,,other,other,,,,,,,,,,,,,,,,,,,,,,,,,,,,,in_review,"Pred values are all 'other' or missing, indicating low confidence and ambiguity. | rule_review: missing_normalized_title,missing_role_family,too_many_core_fields_missing",ollama,qwen2.5:7b,0.150,1,low_confidence|missing_normalized_title|missing_role_family|too_many_core_fields_missing|sparse_output,low_confidence,5
754,greenhouse,5789039004,https://job-boards.greenhouse.io/grafanalabs/jobs/5789039004,,,,,other,other,,,remote,,,,,,,other,,,0,,,,remote,,,,unspecified,,,,,,,,in_review,"Title and role family are not specified, experience and employment type are unknown. | rule_review: missing_normalized_title",ollama,qwen2.5:7b,0.500,1,low_confidence|missing_normalized_title|location_without_country,low_confidence,2
58,greenhouse,7484283,https://job-boards.greenhouse.io/smartsheet/jobs/7484283,,,,,other,other,,,,Detroit,US,,,,,other,,,0,,,,onsite,US,Detroit,,unspecified,,,,,,,,in_review,"Title and role family are unknown, employment type is unspecified. | rule_review: missing_normalized_title",ollama,qwen2.5:7b,0.550,1,low_confidence|missing_normalized_title,low_confidence,2
985,greenhouse,7600269,https://job-boards.greenhouse.io/gofundme/jobs/7600269,,,,,other,other,,,remote,,,,,,,other,,,0,,,,remote,,,,unspecified,,,,,,,,in_review,"Title and role family are not specified, experience and employment type are unknown. | rule_review: missing_normalized_title",ollama,qwen2.5:7b,0.500,1,low_confidence|missing_normalized_title|location_without_country,low_confidence,2
1466,greenhouse,7630615,https://job-boards.greenhouse.io/datacamp/jobs/7630615,,,,,other,other,,,,Leuven,,,,,,other,,,0,,,,,,Leuven,,unspecified,,,,,,,,in_review,"Location and country are known, but other details are missing or ambiguous. | rule_review: missing_normalized_title,too_many_core_fields_missing",ollama,qwen2.5:7b,0.550,1,low_confidence|missing_normalized_title|too_many_core_fields_missing,low_confidence,3
934,greenhouse,7583320003,https://job-boards.greenhouse.io/truebill/jobs/7583320003,,,,,other,other,,,remote,,US,,,,,other,,,0,,,,remote,US,,,unspecified,,,,,,,,in_review,"Title and role family are unknown, experience and employment type are unspecified. | rule_review: missing_normalized_title",ollama,qwen2.5:7b,0.500,1,low_confidence|missing_normalized_title,low_confidence,2
1908,greenhouse,6963181,https://job-boards.greenhouse.io/capco/jobs/6963181,,,,,other,other,,,,Czech Republic - Brno,,,,,,,,,,,,,onsite,,Brno,unspecified,unspecified,,,,,,,,in_review,"Location and country are provided, but other details are missing or ambiguous. | rule_review: missing_normalized_title,missing_role_family",ollama,qwen2.5:7b,0.550,1,low_confidence|missing_normalized_title|missing_role_family|location_without_country,low_confidence,2
841,greenhouse,5688182004,https://job-boards.greenhouse.io/grafanalabs/jobs/5688182004,,,,,other,other,,,remote,,GB,,,,,other,,,0,,,,remote,GB,,,unspecified,,,,,,,,in_review,"Title and role family are unknown, experience and employment type are unspecified. | rule_review: missing_normalized_title",ollama,qwen2.5:7b,0.550,1,low_confidence|missing_normalized_title,low_confidence,2
307,greenhouse,5869156,https://job-boards.greenhouse.io/canonical/jobs/5869156,,,,,other,other,,,,Home Based - Americas,,,,,,,,,,,,,remote,,Home Based - Americas,unspecified,unspecified,,,,,,,,in_review,"Location is specified as 'Home Based - Americas', which could be interpreted in multiple ways, and other fields are missing. | rule_review: missing_normalized_title,missing_role_family",ollama,qwen2.5:7b,0.550,1,low_confidence|missing_normalized_title|missing_role_family|location_without_country,low_confidence,2
805,greenhouse,5813620004,https://job-boards.greenhouse.io/grafanalabs/jobs/5813620004,,,,,other,other,,,remote,,ES,,,,,other,,,0,,,,remote,ES,,,unspecified,,,,,,,,in_review,"Title and role family are unknown, employment type is missing. | rule_review: missing_normalized_title",ollama,qwen2.5:7b,0.550,1,low_confidence|missing_normalized_title,low_confidence,2
1726,greenhouse,7643997,https://job-boards.greenhouse.io/capco/jobs/7643997,,,,,other,other,,,,Canada - Toronto,CA,,,,,,,,,,,,onsite,CA,Canada - Toronto,unspecified,unspecified,,,,,,,,in_review,"Title and role family are not provided, experience, education level, employment type, seniority, salary details, and tools/tech are unknown. | rule_review: missing_normalized_title,missing_role_family",ollama,qwen2.5:7b,0.550,1,low_confidence|missing_normalized_title|missing_role_family,low_confidence,2
916,greenhouse,5796167004,https://job-boards.greenhouse.io/correlationone/jobs/5796167004,,,,,other,other,,,remote,,US,,,,,other,,,0,,,,remote,US,,,unspecified,,,,,,,,in_review,"Title and role family are unknown, experience and employment type are unspecified. | rule_review: missing_normalized_title",ollama,qwen2.5:7b,0.500,1,low_confidence|missing_normalized_title,low_confidence,2
455,greenhouse,5142887,https://job-boards.greenhouse.io/canonical/jobs/5142887,,,,,other,other,,,,,,,,,,,,,,,,,,,,,,,,,,,,,in_review,"Pred values are all 'other' or missing, indicating low confidence and ambiguity. | rule_review: missing_normalized_title,missing_role_family,too_many_core_fields_missing",ollama,qwen2.5:7b,0.150,1,low_confidence|missing_normalized_title|missing_role_family|too_many_core_fields_missing|sparse_output,low_confidence,5
1019,greenhouse,7565928,https://job-boards.greenhouse.io/webflow/jobs/7565928,,,,,other,other,,,remote,,US,,,,,other,,,0,,,,remote,US,,,unspecified,,,,,,,,in_review,"Title and role family are unknown, experience and employment type are unspecified. | rule_review: missing_normalized_title",ollama,qwen2.5:7b,0.500,1,low_confidence|missing_normalized_title,low_confidence,2
1415,greenhouse,4869920,https://job-boards.greenhouse.io/appier/jobs/4869920,,,,,other,other,,,,Taipei,,,,,,other,,,0,,,,onsite,TW,Taipei,,unspecified,,,,,,,,in_review,"City is specified but country is missing, and other fields are unknown. | rule_review: missing_normalized_title",ollama,qwen2.5:7b,0.550,1,low_confidence|missing_normalized_title,low_confidence,2
870,greenhouse,5795312004,https://job-boards.greenhouse.io/grafanalabs/jobs/5795312004,,,,,other,other,,,remote,,US,,,,,other,,,0,,,,remote,US,,,unspecified,,,,,,,,in_review,"Title and role family are unknown, experience and employment type are unspecified. | rule_review: missing_normalized_title",ollama,qwen2.5:7b,0.500,1,low_confidence|missing_normalized_title,low_confidence,2
1285,greenhouse,7541168003,https://job-boards.greenhouse.io/celonis/jobs/7541168003?gh_jid=7541168003,,,,,other,other,,,,Raleigh,US,,,,,other,,,0,,,,onsite,US,Raleigh,unspecified,unspecified,,,,,,,,in_review,"Title and role family are unknown, experience and education details are missing, employment type is unspecified. | rule_review: missing_normalized_title",ollama,qwen2.5:7b,0.550,1,low_confidence|missing_normalized_title,low_confidence,1
761,greenhouse,5813790004,https://job-boards.greenhouse.io/grafanalabs/jobs/5813790004,,,,,other,other,,,remote,,US,,,,,other,,,0,,,,remote,US,,,unspecified,,,,,,,,in_review,"Title and role family are unknown, experience and employment type are unspecified. | rule_review: missing_normalized_title",ollama,qwen2.5:7b,0.500,1,low_confidence|missing_normalized_title,low_confidence,2
649,greenhouse,4573741005,https://job-boards.greenhouse.io/gleanwork/jobs/4573741005,,,,,other,other,,,,Bangalore,IN,,,,,other,,,0,,,,onsite,IN,Bangalore,,unspecified,,,,,,,,in_review,"Title and role family are unknown, employment type is unspecified. | rule_review: missing_normalized_title",ollama,qwen2.5:7b,0.550,1,low_confidence|missing_normalized_title,low_confidence,2
232,greenhouse,8349913002,https://job-boards.greenhouse.io/gomotive/jobs/8349913002,,,,,other,other,,,remote,,US,,,,,other,,,0,,,,remote,US,,,unspecified,,,,,,,,in_review,"Title and role family are unknown, experience and employment type are unspecified. | rule_review: missing_normalized_title",ollama,qwen2.5:7b,0.500,1,low_confidence|missing_normalized_title,low_confidence,2
101,greenhouse,7171724,https://job-boards.greenhouse.io/smartsheet/jobs/7171724,,,,,other,other,,,,Bangalore,IN,,,,,other,,,0,,,,onsite,IN,Bangalore,,unspecified,,,,,,,,in_review,"Title and role family are unknown, employment type is unspecified. | rule_review: missing_normalized_title",ollama,qwen2.5:7b,0.550,1,low_confidence|missing_normalized_title,low_confidence,2
145,greenhouse,7083315002,https://job-boards.greenhouse.io/gomotive/jobs/7083315002,,,,,other,other,,,remote,,US,,,,,other,,,0,,,,remote,US,,,unspecified,,,,,,,,in_review,"Title and role family are unknown, experience and employment type are unspecified. | rule_review: missing_normalized_title",ollama,qwen2.5:7b,0.500,1,low_confidence|missing_normalized_title,low_confidence,2
445,greenhouse,5920689,https://job-boards.greenhouse.io/canonical/jobs/5920689,,,,,other,other,,,,,,,,,,,,,,,,,,,,,,,,,,,,,in_review,"Pred values are all 'other' or missing, indicating low confidence and ambiguity. | rule_review: missing_normalized_title,missing_role_family,too_many_core_fields_missing",ollama,qwen2.5:7b,0.150,1,low_confidence|missing_normalized_title|missing_role_family|too_many_core_fields_missing|sparse_output,low_confidence,5
1009,greenhouse,7532377,https://job-boards.greenhouse.io/webflow/jobs/7532377,,,,,other,other,,,remote,,US,,,,,other,,,0,,,,remote,US,,,unspecified,,,,,,,,in_review,"Title and role family are unknown, experience and employment type are unspecified. | rule_review: missing_normalized_title",ollama,qwen2.5:7b,0.500,1,low_confidence|missing_normalized_title,low_confidence,2
93,greenhouse,7593216,https://job-boards.greenhouse.io/smartsheet/jobs/7593216,,,,,other,other,,,,San Jose,CR,,,,,other,,,0,,,,onsite,CR,San Jose,,unspecified,,,,,,,,in_review,"Location and country are specified, but other details are missing. | rule_review: missing_normalized_title",ollama,qwen2.5:7b,0.550,1,low_confidence|missing_normalized_title,low_confidence,2
772,greenhouse,5725454004,https://job-boards.greenhouse.io/grafanalabs/jobs/5725454004,,,,,other,other,,,remote,,US,,,,,other,,,0,,,,remote,US,,,unspecified,,,,,,,,in_review,"Title and role family are unknown, experience and employment type are unspecified. | rule_review: missing_normalized_title",ollama,qwen2.5:7b,0.500,1,low_confidence|missing_normalized_title,low_confidence,2
1897,greenhouse,7461931,https://job-boards.greenhouse.io/capco/jobs/7461931,,,,,other,other,,,,India - Pune,IN,,,,,other,,,0,,,,onsite,IN,Pune,unspecified,unspecified,,,,,,,,in_review,"Location and country are specified, but other details are missing or ambiguous. | rule_review: missing_normalized_title",ollama,qwen2.5:7b,0.550,1,low_confidence|missing_normalized_title,low_confidence,1
169,greenhouse,8047012002,https://job-boards.greenhouse.io/gomotive/jobs/8047012002,,,,,other,other,,,remote,,US,,,,,other,,,0,,,,remote,US,,,unspecified,,,,,,,,in_review,"Title and role family are unknown, experience and employment type are unspecified. | rule_review: missing_normalized_title",ollama,qwen2.5:7b,0.500,1,low_confidence|missing_normalized_title,low_confidence,2
1958,greenhouse,7513649,https://job-boards.greenhouse.io/capco/jobs/7513649,,,,,other,other,,,,US - Dallas,,,,,,other,,,0,,,,onsite,US,Dallas,unspecified,unspecified,,,,,,,,in_review,"Title and role family are not provided, location is partially specified (city but no country), salary details missing. | rule_review: missing_normalized_title",ollama,qwen2.5:7b,0.550,1,low_confidence|missing_normalized_title,low_confidence,1
1090,greenhouse,7528112003,https://job-boards.greenhouse.io/celonis/jobs/7528112003?gh_jid=7528112003,,,,,other,other,,,remote,,US,,,,,other,,,0,,,,remote,US,,,unspecified,,,,,,,,in_review,"Title and role family are unknown, experience and employment type are unspecified. | rule_review: missing_normalized_title",ollama,qwen2.5:7b,0.500,1,low_confidence|missing_normalized_title,low_confidence,2
633,greenhouse,4657395005,https://job-boards.greenhouse.io/gleanwork/jobs/4657395005,,,,,other,other,,,,Bangalore,IN,,,,,other,,,0,,,,onsite,IN,Bangalore,,unspecified,,,,,,,,in_review,"Title and role family are unknown, employment type is unspecified. | rule_review: missing_normalized_title",ollama,qwen2.5:7b,0.550,1,low_confidence|missing_normalized_title,low_confidence,2
804,greenhouse,5813621004,https://job-boards.greenhouse.io/grafanalabs/jobs/5813621004,,,,,other,other,,,remote,,DE,,,,,other,,,0,,,,remote,DE,,,unspecified,,,,,,,,in_review,"Title and role family are unknown, experience and employment type are unspecified. | rule_review: missing_normalized_title",ollama,qwen2.5:7b,0.550,1,low_confidence|missing_normalized_title,low_confidence,2
37,greenhouse,7590172,https://job-boards.greenhouse.io/smartsheet/jobs/7590172,,,,,other,other,,,,Boston,US,,,,,other,,,0,,,,onsite,US,Boston,,unspecified,,,,,,,,in_review,"Title and role family are unknown, employment type is unspecified. | rule_review: missing_normalized_title",ollama,qwen2.5:7b,0.500,1,low_confidence|missing_normalized_title,low_confidence,2
749,greenhouse,5775909004,https://job-boards.greenhouse.io/grafanalabs/jobs/5775909004,,,,,other,other,,,remote,,US,,,,,other,,,0,,,,remote,US,,,unspecified,,,,,,,,in_review,"Title and role family are unknown, experience and employment type are unspecified. | rule_review: missing_normalized_title",ollama,qwen2.5:7b,0.500,1,low_confidence|missing_normalized_title,low_confidence,2
1214,greenhouse,7594944003,https://job-boards.greenhouse.io/celonis/jobs/7594944003?gh_jid=7594944003,,,,,other,other,,,,Munich,DE,,,,,other,,,0,,,,onsite,DE,Munich,unspecified,unspecified,,,,,,,,in_review,"Title and role family are unknown, experience and education details are missing, employment type is unspecified. | rule_review: missing_normalized_title",ollama,qwen2.5:7b,0.500,1,low_confidence|missing_normalized_title,low_confidence,1
885,greenhouse,5809259004,https://job-boards.greenhouse.io/grafanalabs/jobs/5809259004,,,,,other,other,,,remote,,,,,,,other,,,0,,,,remote,,,,unspecified,,,,,,,,in_review,"Title and role family are not specified, experience and employment type are unknown. | rule_review: missing_normalized_title",ollama,qwen2.5:7b,0.500,1,low_confidence|missing_normalized_title|location_without_country,low_confidence,2
1146,greenhouse,7562851003,https://job-boards.greenhouse.io/celonis/jobs/7562851003?gh_jid=7562851003,,,,,other,other,,,,Bangalore,IN,,,,,other,,,0,,,,onsite,IN,Bangalore,,unspecified,,,,,,,,in_review,"Title and role family are unknown, employment type is unspecified. | rule_review: missing_normalized_title",ollama,qwen2.5:7b,0.550,1,low_confidence|missing_normalized_title,low_confidence,2
195,greenhouse,7857381002,https://job-boards.greenhouse.io/gomotive/jobs/7857381002,,,,,other,other,,,remote,,,,,,,other,,,0,,,,remote,,,,unspecified,,,,,,,,in_review,"Title and role family are not specified, experience and employment type are unknown. | rule_review: missing_normalized_title",ollama,qwen2.5:7b,0.500,1,low_confidence|missing_normalized_title|location_without_country,low_confidence,2
1946,greenhouse,7640834,https://job-boards.greenhouse.io/capco/jobs/7640834,,,,,other,other,,,,Thailand - Bangkok,,,,,,other,,,0,,,,onsite,,Bangkok,unspecified,unspecified,,,,,,,,in_review,"Location and country are specified, but other details are missing. | rule_review: missing_normalized_title",ollama,qwen2.5:7b,0.550,1,low_confidence|missing_normalized_title|location_without_country,low_confidence,1
236,greenhouse,8360620002,https://job-boards.greenhouse.io/gomotive/jobs/8360620002,,,,,other,other,,,remote,,,,,,,other,,,0,,,,remote,,,,unspecified,,,,,,,,in_review,"Title and role family are not specified, experience and employment type are unknown. | rule_review: missing_normalized_title",ollama,qwen2.5:7b,0.500,1,low_confidence|missing_normalized_title|location_without_country,low_confidence,2
642,greenhouse,4525518005,https://job-boards.greenhouse.io/gleanwork/jobs/4525518005,,,,,other,other,,,,San Francisco Bay Area,,,,,,other,,,0,,,,onsite,US,San Francisco Bay Area,full_time,unspecified,,,,,,,,in_review,City is specified but country is unknown; salary details are missing. | rule_review: missing_normalized_title,ollama,qwen2.5:7b,0.550,1,low_confidence|missing_normalized_title,low_confidence,1
1054,greenhouse,7531244,https://job-boards.greenhouse.io/webflow/jobs/7531244,,,,,other,other,,,remote,,GB,,,,,other,,,0,,,,remote,GB,,,unspecified,,,,,,,,in_review,"Title and role family are unknown, experience and employment type are unspecified. | rule_review: missing_normalized_title",ollama,qwen2.5:7b,0.550,1,low_confidence|missing_normalized_title,low_confidence,2
325,greenhouse,5894889,https://job-boards.greenhouse.io/canonical/jobs/5894889,,,,,other,other,,,,,,,,,,,,,,,,,,,,,,,,,,,,,in_review,"Pred values are all 'other' or missing, indicating low confidence and ambiguity. | rule_review: missing_normalized_title,missing_role_family,too_many_core_fields_missing",ollama,qwen2.5:7b,0.150,1,low_confidence|missing_normalized_title|missing_role_family|too_many_core_fields_missing|sparse_output,low_confidence,5
9,greenhouse,7347080,https://job-boards.greenhouse.io/omadahealth/jobs/7347080,,,,,other,other,,,remote,,US,,,,,other,,,0,,,,remote,US,,,unspecified,,,,,,,,in_review,"Title and role family are unknown, experience and employment type are unspecified. | rule_review: missing_normalized_title",ollama,qwen2.5:7b,0.500,1,low_confidence|missing_normalized_title,low_confidence,2
1883,greenhouse,7597716,https://job-boards.greenhouse.io/capco/jobs/7597716,,,,,other,other,,,,Singapore,,,,,,other,,,0,,,,onsite,,Singapore,unspecified,unspecified,,,,,,,,in_review,"Location and country are specified, but other details are missing. | rule_review: missing_normalized_title",ollama,qwen2.5:7b,0.550,1,low_confidence|missing_normalized_title|location_without_country,low_confidence,1
23,greenhouse,7395163,https://job-boards.greenhouse.io/omadahealth/jobs/7395163,,,,,other,other,,,remote,,US,,,,,other,,,0,,,,remote,US,,,unspecified,,,,,,,,in_review,"Title and role family are unknown, experience and employment type are unspecified. | rule_review: missing_normalized_title",ollama,qwen2.5:7b,0.500,1,low_confidence|missing_normalized_title,low_confidence,2
1457,greenhouse,7261634,https://job-boards.greenhouse.io/datacamp/jobs/7261634,,,,,other,other,,,,Belgium,US,,,,,other,,,0,,,,onsite,US,Belgium,,unspecified,,,,,,,,in_review,Location is ambiguous (Belgium in US context) | rule_review: missing_normalized_title,ollama,qwen2.5:7b,0.550,1,low_confidence|missing_normalized_title,low_confidence,2
851,greenhouse,5791878004,https://job-boards.greenhouse.io/grafanalabs/jobs/5791878004,,,,,other,other,,,remote,,GB,,,,,other,,,0,,,,remote,GB,,,unspecified,,,,,,,,in_review,"Title and role family are unknown, experience and employment type are unspecified. | rule_review: missing_normalized_title",ollama,qwen2.5:7b,0.550,1,low_confidence|missing_normalized_title,low_confidence,2
337,greenhouse,4981245,https://job-boards.greenhouse.io/canonical/jobs/4981245,,,,,other,other,,,,,,,,,,,,,,,,,,,,,,,,,,,,,in_review,"Pred values are all 'other' or missing, indicating low confidence and ambiguity. | rule_review: missing_normalized_title,missing_role_family,too_many_core_fields_missing",ollama,qwen2.5:7b,0.150,1,low_confidence|missing_normalized_title|missing_role_family|too_many_core_fields_missing|sparse_output,low_confidence,5
1043,greenhouse,7655625,https://job-boards.greenhouse.io/webflow/jobs/7655625,,,,,other,other,,,remote,,US,,,,,other,,,0,,,,remote,US,,,unspecified,,,,,,,,in_review,"Title and role family are unknown, experience and employment type are unspecified. | rule_review: missing_normalized_title",ollama,qwen2.5:7b,0.500,1,low_confidence|missing_normalized_title,low_confidence,2
1140,greenhouse,6672115003,https://job-boards.greenhouse.io/celonis/jobs/6672115003?gh_jid=6672115003,,,,,other,other,,,,Madrid,ES,,,,,other,,,0,,,,onsite,ES,Madrid,,unspecified,,,,,,,,in_review,"Title and role family are unknown, employment type is unspecified. | rule_review: missing_normalized_title",ollama,qwen2.5:7b,0.550,1,low_confidence|missing_normalized_title,low_confidence,2
815,greenhouse,5793598004,https://job-boards.greenhouse.io/grafanalabs/jobs/5793598004,,,,,other,other,,,remote,,NL,,,,,other,,,0,,,,remote,NL,,,unspecified,,,,,,,,in_review,"Title and role family are unknown, employment type is missing. | rule_review: missing_normalized_title",ollama,qwen2.5:7b,0.550,1,low_confidence|missing_normalized_title,low_confidence,2
710,greenhouse,4664797005,https://job-boards.greenhouse.io/gleanwork/jobs/4664797005,,,,,other,other,,,,Washington,DC,,,,,other,,,0,,,,,DC,Washington,,unspecified,,,,,,,,in_review,"Location information is ambiguous (city without country). | rule_review: missing_normalized_title,too_many_core_fields_missing",ollama,qwen2.5:7b,0.550,1,low_confidence|missing_normalized_title|too_many_core_fields_missing,low_confidence,3
1050,greenhouse,7271678,https://job-boards.greenhouse.io/webflow/jobs/7271678,,,,,other,other,,,remote,,US,,,,,other,,,0,,,,remote,US,,,unspecified,,,,,,,,in_review,"Title and role family are unknown, experience and employment type are unspecified. | rule_review: missing_normalized_title",ollama,qwen2.5:7b,0.500,1,low_confidence|missing_normalized_title,low_confidence,2
1615,greenhouse,7606980,https://job-boards.greenhouse.io/capco/jobs/7606980,,,,,other,other,,,,US - New York,,,,,,other,,,0,,,,onsite,US,New York,unspecified,unspecified,,,,,,,,in_review,"Location and country are provided but not fully consistent, needs more context. | rule_review: missing_normalized_title",ollama,qwen2.5:7b,0.550,1,low_confidence|missing_normalized_title,low_confidence,1
826,greenhouse,5783877004,https://job-boards.greenhouse.io/grafanalabs/jobs/5783877004,,,,,other,other,,,remote,,US,,,,,other,,,0,,,,remote,US,,,unspecified,,,,,,,,in_review,"Title and role family are unknown, experience and employment type are unspecified. | rule_review: missing_normalized_title",ollama,qwen2.5:7b,0.500,1,low_confidence|missing_normalized_title,low_confidence,2
347,greenhouse,6950222,https://job-boards.greenhouse.io/canonical/jobs/6950222,,,,,other,other,,,,Home Based - Americas,,,,,,,,,,,,,remote,,Home Based - Americas,unspecified,unspecified,,,,,,,,in_review,"Location is specified as 'Home Based - Americas', which could be interpreted in multiple ways, and other fields are missing. | rule_review: missing_normalized_title,missing_role_family",ollama,qwen2.5:7b,0.550,1,low_confidence|missing_normalized_title|missing_role_family|location_without_country,low_confidence,2
751,greenhouse,5718842004,https://job-boards.greenhouse.io/grafanalabs/jobs/5718842004,,,,,other,other,,,remote,,GB,,,,,other,,,0,,,,remote,GB,,,unspecified,,,,,,,,in_review,"Title and role family are unknown, experience and employment type are unspecified. | rule_review: missing_normalized_title",ollama,qwen2.5:7b,0.550,1,low_confidence|missing_normalized_title,low_confidence,2
1552,greenhouse,4989990,https://job-boards.greenhouse.io/capco/jobs/4989990,,,,,other,other,,,,Brazil,,,,,,other,,,0,,,,onsite,BR,Brazil,unspecified,unspecified,,,,,,,,in_review,"Location city is the same as country, and other fields are missing. | rule_review: missing_normalized_title",ollama,qwen2.5:7b,0.550,1,low_confidence|missing_normalized_title,low_confidence,1
10,greenhouse,7565149,https://job-boards.greenhouse.io/omadahealth/jobs/7565149,,,,,other,other,,,remote,,US,,,,,other,,,0,,,,remote,US,,,unspecified,,,,,,,,in_review,"Title and role family are unknown, experience and employment type are unspecified. | rule_review: missing_normalized_title",ollama,qwen2.5:7b,0.500,1,low_confidence|missing_normalized_title,low_confidence,2
1289,greenhouse,7620451003,https://job-boards.greenhouse.io/celonis/jobs/7620451003?gh_jid=7620451003,,,,,other,other,,,,New York,US,,,,,other,,,0,,,,onsite,US,New York,unspecified,unspecified,,,,,,,,in_review,"Title and role family are unknown, experience and education details are missing, employment type is unspecified. | rule_review: missing_normalized_title",ollama,qwen2.5:7b,0.500,1,low_confidence|missing_normalized_title,low_confidence,1
863,greenhouse,5801260004,https://job-boards.greenhouse.io/grafanalabs/jobs/5801260004,,,,,other,other,,,remote,,,,,,,other,,,0,,,,remote,,,,unspecified,,,,,,,,in_review,"Title and role family are not specified, experience and employment type are unknown. | rule_review: missing_normalized_title",ollama,qwen2.5:7b,0.500,1,low_confidence|missing_normalized_title|location_without_country,low_confidence,2
77,greenhouse,7491110,https://job-boards.greenhouse.io/smartsheet/jobs/7491110,,,,,other,other,,,,Singapore,,,,,,other,,,0,,,,onsite,,Singapore,unspecified,unspecified,,,,,,,,in_review,"Location and country are specified, but other details are missing. | rule_review: missing_normalized_title",ollama,qwen2.5:7b,0.550,1,low_confidence|missing_normalized_title|location_without_country,low_confidence,1
247,greenhouse,7941129002,https://job-boards.greenhouse.io/gomotive/jobs/7941129002,,,,,other,other,,,remote,,,,,,,other,,,0,,,,remote,,,,unspecified,,,,,,,,in_review,"Title and role family are not specified, experience and employment type are unknown. | rule_review: missing_normalized_title",ollama,qwen2.5:7b,0.500,1,low_confidence|missing_normalized_title|location_without_country,low_confidence,2
1291,greenhouse,7559351003,https://job-boards.greenhouse.io/celonis/jobs/7559351003?gh_jid=7559351003,,,,,other,other,,,,Bangalore,IN,,,,,other,,,0,,,,onsite,IN,Bangalore,,unspecified,,,,,,,,in_review,"Title and role family are unknown, employment type is unspecified. | rule_review: missing_normalized_title",ollama,qwen2.5:7b,0.550,1,low_confidence|missing_normalized_title,low_confidence,2
625,greenhouse,4667085005,https://job-boards.greenhouse.io/gleanwork/jobs/4667085005,,,,,other,other,,,remote,,US,,,,,other,,,0,,,,remote,US,,,unspecified,,,,,,,,in_review,"Title and role family are unknown, experience and employment type are unspecified. | rule_review: missing_normalized_title",ollama,qwen2.5:7b,0.500,1,low_confidence|missing_normalized_title,low_confidence,2
1226,greenhouse,7614040003,https://job-boards.greenhouse.io/celonis/jobs/7614040003?gh_jid=7614040003,,,,,other,other,,,,Munich,DE,,,,,other,,,0,,,,onsite,DE,Munich,unspecified,unspecified,,,,,,,,in_review,"Title and role family are unknown, experience and education details are missing, employment type is unspecified. | rule_review: missing_normalized_title",ollama,qwen2.5:7b,0.500,1,low_confidence|missing_normalized_title,low_confidence,1
81,greenhouse,7386364,https://job-boards.greenhouse.io/smartsheet/jobs/7386364,,,,,other,other,,,remote,,,,,,,other,,,0,,,,remote,,,,unspecified,,,,,,,,in_review,"Title and role family are not specified, experience and employment type are unknown. | rule_review: missing_normalized_title",ollama,qwen2.5:7b,0.500,1,low_confidence|missing_normalized_title|location_without_country,low_confidence,2
420,greenhouse,6180822,https://job-boards.greenhouse.io/canonical/jobs/6180822,,,,,other,other,,,,,,,,,,,,,,,,,,,,,,,,,,,,,in_review,"Pred values are all 'other' or missing, indicating low confidence and ambiguity. | rule_review: missing_normalized_title,missing_role_family,too_many_core_fields_missing",ollama,qwen2.5:7b,0.150,1,low_confidence|missing_normalized_title|missing_role_family|too_many_core_fields_missing|sparse_output,low_confidence,5
1055,greenhouse,7484178,https://job-boards.greenhouse.io/webflow/jobs/7484178,,,,,other,other,,,remote,,AU,,,,,other,,,0,,,,remote,AU,,,unspecified,,,,,,,,in_review,"Title and role family are unknown, experience and employment type are unspecified. | rule_review: missing_normalized_title",ollama,qwen2.5:7b,0.550,1,low_confidence|missing_normalized_title,low_confidence,2
1086,greenhouse,7609954003,https://job-boards.greenhouse.io/celonis/jobs/7609954003?gh_jid=7609954003,,,,,other,other,,,,London,GB,,,,,other,,,0,,,,onsite,GB,London,unspecified,unspecified,,,,,,,,in_review,"Title and role family are unknown, experience and education details are missing, employment type is unspecified. | rule_review: missing_normalized_title",ollama,qwen2.5:7b,0.550,1,low_confidence|missing_normalized_title,low_confidence,1
1024,greenhouse,7624091,https://job-boards.greenhouse.io/webflow/jobs/7624091,,,,,other,other,,,hybrid,London,GB,,,,,other,,,0,,,,hybrid,GB,London,,,,,,,,,,in_review,"Title and role family are unknown, experience and employment type are unspecified. | rule_review: missing_normalized_title,too_many_core_fields_missing",ollama,qwen2.5:7b,0.500,1,low_confidence|missing_normalized_title|too_many_core_fields_missing,low_confidence,3
185,greenhouse,8387980002,https://job-boards.greenhouse.io/gomotive/jobs/8387980002,,,,,other,other,,,remote,,,,,,,other,,,0,,,,remote,,,,unspecified,,,,,,,,in_review,"Title and role family are not specified, experience and employment type are unknown. | rule_review: missing_normalized_title",ollama,qwen2.5:7b,0.500,1,low_confidence|missing_normalized_title|location_without_country,low_confidence,2
1847,greenhouse,7570264,https://job-boards.greenhouse.io/capco/jobs/7570264,,,,,other,other,,,,Thailand - Bangkok,,,,,,other,,,0,,,,onsite,,Bangkok,unspecified,unspecified,,,,,,,,in_review,"Location and country are specified, but other details are missing. | rule_review: missing_normalized_title",ollama,qwen2.5:7b,0.550,1,low_confidence|missing_normalized_title|location_without_country,low_confidence,1
1496,greenhouse,5737438004,https://job-boards.greenhouse.io/kalepa/jobs/5737438004,,,,,other,other,,,hybrid,New York,NY,,,,,other,,,0,,,,onsite,US,New York,unspecified,unspecified,,,,,,,,in_review,Location type is marked as hybrid but the city and country suggest an onsite location. Confidence is low due to missing salary details and other key information. | rule_review: missing_normalized_title,ollama,qwen2.5:7b,0.550,1,low_confidence|missing_normalized_title,low_confidence,1
1025,greenhouse,7587168,https://job-boards.greenhouse.io/webflow/jobs/7587168,,,,,other,other,,,remote,,US,,,,,other,,,0,,,,remote,US,,,unspecified,,,,,,,,in_review,"Title and role family are unknown, experience and employment type are unspecified. | rule_review: missing_normalized_title",ollama,qwen2.5:7b,0.500,1,low_confidence|missing_normalized_title,low_confidence,2
451,greenhouse,5517891,https://job-boards.greenhouse.io/canonical/jobs/5517891,,,,,other,other,,,,,,,,,,,,,,,,,,,,,,,,,,,,,in_review,"Pred values are all 'other' or missing, indicating low confidence and ambiguity. | rule_review: missing_normalized_title,missing_role_family,too_many_core_fields_missing",ollama,qwen2.5:7b,0.150,1,low_confidence|missing_normalized_title|missing_role_family|too_many_core_fields_missing|sparse_output,low_confidence,5
200,greenhouse,8384761002,https://job-boards.greenhouse.io/gomotive/jobs/8384761002,,,,,other,other,,,hybrid,San Francisco,US,,,,,other,,,0,,,,hybrid,US,San Francisco,,unspecified,,,,,,,,in_review,Salary information is missing and employment type is unspecified. | rule_review: missing_normalized_title,ollama,qwen2.5:7b,0.500,1,low_confidence|missing_normalized_title,low_confidence,2
926,greenhouse,7637297003,https://job-boards.greenhouse.io/truebill/jobs/7637297003,,,,,other,other,,,remote,,US,,,,,other,,,0,,,,remote,US,,,unspecified,,,,,,,,in_review,"Title and role family are unknown, experience and employment type are unspecified. | rule_review: missing_normalized_title",ollama,qwen2.5:7b,0.500,1,low_confidence|missing_normalized_title,low_confidence,2
1229,greenhouse,7479634003,https://job-boards.greenhouse.io/celonis/jobs/7479634003?gh_jid=7479634003,,,,,other,other,,,,Amsterdam,NL,,,,,other,,,0,,,,onsite,NL,Amsterdam,,unspecified,,,,,,,,in_review,"Title and role family are unknown, employment type is unspecified. | rule_review: missing_normalized_title",ollama,qwen2.5:7b,0.550,1,low_confidence|missing_normalized_title,low_confidence,2
1502,greenhouse,5739150004,https://job-boards.greenhouse.io/kalepa/jobs/5739150004,,,,,other,other,,,hybrid,New York,NY,,,,,other,,,0,,,,onsite,US,New York,unspecified,unspecified,,,,,,,,in_review,Location type is marked as hybrid but the city and country suggest an onsite location. Confidence is low due to missing salary details and other key information. | rule_review: missing_normalized_title,ollama,qwen2.5:7b,0.550,1,low_confidence|missing_normalized_title,low_confidence,1
251,greenhouse,8021079002,https://job-boards.greenhouse.io/gomotive/jobs/8021079002,,,,,other,other,,,remote,,,,,,,other,,,0,,,,remote,,,,unspecified,,,,,,,,in_review,"Title and role family are not specified, experience and employment type are unknown. | rule_review: missing_normalized_title",ollama,qwen2.5:7b,0.500,1,low_confidence|missing_normalized_title|location_without_country,low_confidence,2
340,greenhouse,7661586,https://job-boards.greenhouse.io/canonical/jobs/7661586,,,,,other,other,,,,London,GB,,,,,other,,,0,,,,onsite,GB,London,unspecified,unspecified,,,,,,,,in_review,"Title and role family are unknown, experience and education details are missing, employment type is unspecified. | rule_review: missing_normalized_title",ollama,qwen2.5:7b,0.550,1,low_confidence|missing_normalized_title,low_confidence,1
1029,greenhouse,7203091,https://job-boards.greenhouse.io/webflow/jobs/7203091,,,,,other,other,,,hybrid,Chicago,US,,,,,other,,,0,,,,hybrid,US,Chicago,,unspecified,,,,,,,,in_review,"Missing normalized title, role family, experience years, employment type, and salary details. | rule_review: missing_normalized_title",ollama,qwen2.5:7b,0.550,1,low_confidence|missing_normalized_title,low_confidence,2
1338,greenhouse,7278594,https://job-boards.greenhouse.io/thumbtack/jobs/7278594,,,,,other,other,,,remote,,,,,,,other,,,0,,,,remote,,,,unspecified,,,,,,,,in_review,"Title and role family are not specified, experience and employment type are unknown. | rule_review: missing_normalized_title",ollama,qwen2.5:7b,0.500,1,low_confidence|missing_normalized_title|location_without_country,low_confidence,2
605,greenhouse,4659412005,https://job-boards.greenhouse.io/gleanwork/jobs/4659412005,,,,,other,other,,,,New York City,,,,,,other,,,0,,,,onsite,US,New York City,full_time,unspecified,,,,,,,,in_review,"City and country are specified, but other details are missing. | rule_review: missing_normalized_title",ollama,qwen2.5:7b,0.500,1,low_confidence|missing_normalized_title,low_confidence,1
1022,greenhouse,7369238,https://job-boards.greenhouse.io/webflow/jobs/7369238,,,,,other,other,,,hybrid,Chicago,US,,,,,other,,,0,,,,hybrid,US,Chicago,,unspecified,,,,,,,,in_review,"Missing normalized title, role family, experience years, employment type, and salary details. | rule_review: missing_normalized_title",ollama,qwen2.5:7b,0.550,1,low_confidence|missing_normalized_title,low_confidence,2
48,greenhouse,7630792,https://job-boards.greenhouse.io/smartsheet/jobs/7630792,,,,,other,other,,,remote,,US,,,,,other,,,0,,,,remote,US,,,unspecified,,,,,,,,in_review,"Title and role family are unknown, experience and employment type are unspecified. | rule_review: missing_normalized_title",ollama,qwen2.5:7b,0.500,1,low_confidence|missing_normalized_title,low_confidence,2
1199,greenhouse,7564573003,https://job-boards.greenhouse.io/celonis/jobs/7564573003?gh_jid=7564573003,,,,,other,other,,,,Madrid,ES,,,,,other,,,0,,,,onsite,ES,Madrid,,unspecified,,,,,,,,in_review,"Title and role family are unknown, employment type is unspecified. | rule_review: missing_normalized_title",ollama,qwen2.5:7b,0.550,1,low_confidence|missing_normalized_title,low_confidence,2
160,greenhouse,8129164002,https://job-boards.greenhouse.io/gomotive/jobs/8129164002,,,,,other,other,,,hybrid,Mexico City,,,,,,other,,,0,,,,hybrid,,Mexico City,,,,,,,,,,in_review,"Location and country are inferred, employment type and seniority are unknown. | rule_review: missing_normalized_title,too_many_core_fields_missing",ollama,qwen2.5:7b,0.550,1,low_confidence|missing_normalized_title|location_without_country|too_many_core_fields_missing,low_confidence,3
233,greenhouse,8349910002,https://job-boards.greenhouse.io/gomotive/jobs/8349910002,,,,,other,other,,,remote,,US,,,,,other,,,0,,,,remote,US,,,unspecified,,,,,,,,in_review,"Title and role family are unknown, experience and employment type are unspecified. | rule_review: missing_normalized_title",ollama,qwen2.5:7b,0.500,1,low_confidence|missing_normalized_title,low_confidence,2
130,greenhouse,7562088,https://job-boards.greenhouse.io/smartsheet/jobs/7562088,,,,,other,other,,,,Bellevue,US,,,,,other,,,0,,,,onsite,US,Bellevue,unspecified,unspecified,,,,,,,,in_review,"Title and role family are not provided, experience and salary details are missing. | rule_review: missing_normalized_title",ollama,qwen2.5:7b,0.550,1,low_confidence|missing_normalized_title,low_confidence,1
221,greenhouse,8372736002,https://job-boards.greenhouse.io/gomotive/jobs/8372736002,,,,,other,other,,,hybrid,Bangalore,IN,,,,,other,,,0,,,,onsite,IN,Bangalore,full_time,unspecified,,,,,,,,in_review,Location type is marked as hybrid but the city and country suggest an onsite requirement. Confidence is low due to missing salary details and other key information. | rule_review: missing_normalized_title,ollama,qwen2.5:7b,0.550,1,low_confidence|missing_normalized_title,low_confidence,1
701,greenhouse,4591195005,https://job-boards.greenhouse.io/gleanwork/jobs/4591195005,,,,,other,other,,,remote,,US,,,,,other,,,0,,,,remote,US,,,unspecified,,,,,,,,in_review,"Title and role family are unknown, experience and employment type are unspecified. | rule_review: missing_normalized_title",ollama,qwen2.5:7b,0.500,1,low_confidence|missing_normalized_title,low_confidence,2
1863,greenhouse,7571444,https://job-boards.greenhouse.io/capco/jobs/7571444,,,,,other,other,,,,,DE,,,,,other,,,0,,,,,DE,,,unspecified,,,,,,,,in_review,"Title and role family are not specified, experience and employment type are unknown. | rule_review: missing_normalized_title,too_many_core_fields_missing",ollama,qwen2.5:7b,0.550,1,low_confidence|missing_normalized_title|too_many_core_fields_missing,low_confidence,3
242,greenhouse,8137073002,https://job-boards.greenhouse.io/gomotive/jobs/8137073002,,,,,other,other,,,hybrid,Bangalore,IN,,,,,other,,,0,,,,onsite,IN,Bangalore,full_time,unspecified,,,,,,,,in_review,Location type is marked as hybrid but the city and country suggest an onsite requirement. Confidence is low due to missing salary details and other key information. | rule_review: missing_normalized_title,ollama,qwen2.5:7b,0.550,1,low_confidence|missing_normalized_title,low_confidence,1
241,greenhouse,7284384002,https://job-boards.greenhouse.io/gomotive/jobs/7284384002,,,,,other,other,,,remote,,US,,,,,other,,,0,,,,remote,US,,,unspecified,,,,,,,,in_review,"Title and role family are unknown, experience and employment type are unspecified. | rule_review: missing_normalized_title",ollama,qwen2.5:7b,0.500,1,low_confidence|missing_normalized_title,low_confidence,2
1182,greenhouse,7576023003,https://job-boards.greenhouse.io/celonis/jobs/7576023003?gh_jid=7576023003,,,,,other,other,,,,Munich,DE,,,,,other,,,0,,,,onsite,DE,Munich,unspecified,unspecified,,,,,,,,in_review,"Title and role family are unknown, experience and education details are missing, employment type is unspecified. | rule_review: missing_normalized_title",ollama,qwen2.5:7b,0.500,1,low_confidence|missing_normalized_title,low_confidence,1
238,greenhouse,6056466002,https://job-boards.greenhouse.io/gomotive/jobs/6056466002,,,,,other,other,,,hybrid,Islamabad & Lahore,,,,,,other,,,0,,,,hybrid,,Islamabad & Lahore,,,,,,,,,,in_review,"Location and employment type are specified, but other details are missing. | rule_review: missing_normalized_title,too_many_core_fields_missing",ollama,qwen2.5:7b,0.550,1,low_confidence|missing_normalized_title|location_without_country|too_many_core_fields_missing,low_confidence,3
71,greenhouse,7560195,https://job-boards.greenhouse.io/smartsheet/jobs/7560195,,,,,other,other,,,remote,,,,,,,other,,,0,,,,remote,,,,unspecified,,,,,,,,in_review,"Title and role family are not specified, experience and employment type are unknown. | rule_review: missing_normalized_title",ollama,qwen2.5:7b,0.500,1,low_confidence|missing_normalized_title|location_without_country,low_confidence,2
1020,greenhouse,7585655,https://job-boards.greenhouse.io/webflow/jobs/7585655,,,,,other,other,,,,San Francisco,US,,,,,other,,,0,,,,onsite,US,San Francisco,,unspecified,,,,,,,,in_review,"Title and role family are unknown, employment type is unspecified. | rule_review: missing_normalized_title",ollama,qwen2.5:7b,0.500,1,low_confidence|missing_normalized_title,low_confidence,2
171,greenhouse,8287447002,https://job-boards.greenhouse.io/gomotive/jobs/8287447002,,,,,other,other,,,hybrid,San Francisco,US,,,,,other,,,0,,,,hybrid,US,San Francisco,,unspecified,,,,,,,,in_review,Salary information is missing and employment type is unspecified. | rule_review: missing_normalized_title,ollama,qwen2.5:7b,0.500,1,low_confidence|missing_normalized_title,low_confidence,2
1216,greenhouse,7609030003,https://job-boards.greenhouse.io/celonis/jobs/7609030003?gh_jid=7609030003,,,,,other,other,,,remote,,US,,,,,other,,,0,,,,remote,US,,,unspecified,,,,,,,,in_review,"Title and role family are unknown, experience and employment type are unspecified. | rule_review: missing_normalized_title",ollama,qwen2.5:7b,0.500,1,low_confidence|missing_normalized_title,low_confidence,2
680,greenhouse,4605446005,https://job-boards.greenhouse.io/gleanwork/jobs/4605446005,,,,,other,other,,,,Palo Alto,CA,,,,,other,,,0,,,,onsite,CA,Palo Alto,unspecified,unspecified,,,,,,,,in_review,"Title and role family are unknown, salary details are missing. | rule_review: missing_normalized_title",ollama,qwen2.5:7b,0.500,1,low_confidence|missing_normalized_title,low_confidence,1
1021,greenhouse,7371064,https://job-boards.greenhouse.io/webflow/jobs/7371064,,,,,other,other,,,hybrid,London,GB,,,,,other,,,0,,,,hybrid,GB,London,,,,,,,,,,in_review,"Title and role family are unknown, experience and employment type are unspecified. | rule_review: missing_normalized_title,too_many_core_fields_missing",ollama,qwen2.5:7b,0.500,1,low_confidence|missing_normalized_title|too_many_core_fields_missing,low_confidence,3
1503,greenhouse,5739149004,https://job-boards.greenhouse.io/kalepa/jobs/5739149004,,,,,other,other,,,remote,,NY,,,,,other,,,0,,,,remote,NY,,,unspecified,,,,,,,,in_review,"Title and role family are unknown, experience and employment type are unspecified. | rule_review: missing_normalized_title",ollama,qwen2.5:7b,0.550,1,low_confidence|missing_normalized_title,low_confidence,2
1543,greenhouse,7578036,https://job-boards.greenhouse.io/capco/jobs/7578036,,,,,other,other,,,,India - Bengaluru,IN,,,,,,,,0,,,,onsite,IN,Bengaluru,unspecified,unspecified,,,,,,,,in_review,"Title and role family are not provided, experience and education details are missing, employment type is unspecified. | rule_review: missing_normalized_title,missing_role_family",ollama,qwen2.5:7b,0.550,1,low_confidence|missing_normalized_title|missing_role_family,low_confidence,2
1018,greenhouse,7378017,https://job-boards.greenhouse.io/webflow/jobs/7378017,,,,,other,other,,,hybrid,Chicago,US,,,,,other,,,0,,,,hybrid,US,Chicago,,unspecified,,,,,,,,in_review,"Missing normalized title, role family, experience years, employment type, and salary details. | rule_review: missing_normalized_title",ollama,qwen2.5:7b,0.550,1,low_confidence|missing_normalized_title,low_confidence,2
1345,greenhouse,7607782,https://job-boards.greenhouse.io/thumbtack/jobs/7607782,,,,,other,other,,,remote,,,,,,,other,,,0,,,,remote,,,,unspecified,,,,,,,,in_review,"Title and role family are not specified, experience and employment type are unknown. | rule_review: missing_normalized_title",ollama,qwen2.5:7b,0.500,1,low_confidence|missing_normalized_title|location_without_country,low_confidence,2
391,greenhouse,4126502,https://job-boards.greenhouse.io/canonical/jobs/4126502,,,,,other,other,,,,,,,,,,,,,,,,,,,,,,,,,,,,,in_review,"Pred values are all 'other' or missing, indicating low confidence and ambiguity. | rule_review: missing_normalized_title,missing_role_family,too_many_core_fields_missing",ollama,qwen2.5:7b,0.150,1,low_confidence|missing_normalized_title|missing_role_family|too_many_core_fields_missing|sparse_output,low_confidence,5
1007,greenhouse,7488576,https://job-boards.greenhouse.io/webflow/jobs/7488576,,,,,other,other,,,hybrid,London,GB,,,,,other,,,0,,,,hybrid,GB,London,,,,,,,,,,in_review,"Title and role family are unknown, experience and employment type are unspecified. | rule_review: missing_normalized_title,too_many_core_fields_missing",ollama,qwen2.5:7b,0.500,1,low_confidence|missing_normalized_title|too_many_core_fields_missing,low_confidence,3
148,greenhouse,8399242002,https://job-boards.greenhouse.io/gomotive/jobs/8399242002,,,,,other,other,,,remote,,,,,,,other,,,0,,,,remote,,,,unspecified,,,,,,,,in_review,"Title and role family are not specified, experience and employment type are unknown. | rule_review: missing_normalized_title",ollama,qwen2.5:7b,0.500,1,low_confidence|missing_normalized_title|location_without_country,low_confidence,2
1806,greenhouse,7525739,https://job-boards.greenhouse.io/capco/jobs/7525739,,,,,other,other,,,,India - Pune,IN,,,,,other,,,0,,,,onsite,IN,Pune,unspecified,unspecified,,,,,,,,in_review,"Location and country are specified, but other details are missing or ambiguous. | rule_review: missing_normalized_title",ollama,qwen2.5:7b,0.550,1,low_confidence|missing_normalized_title,low_confidence,1
1486,greenhouse,5730890004,https://job-boards.greenhouse.io/kalepa/jobs/5730890004,,,,,other,other,,,hybrid,New York,NY,,,,,other,,,0,,,,onsite,US,New York,unspecified,unspecified,,,,,,,,in_review,Location type is marked as hybrid but the city and country suggest an onsite location. Confidence is low due to missing salary details and other key information. | rule_review: missing_normalized_title,ollama,qwen2.5:7b,0.550,1,low_confidence|missing_normalized_title,low_confidence,1
16,greenhouse,7551558,https://job-boards.greenhouse.io/omadahealth/jobs/7551558,,,,,other,other,,,remote,,US,,,,,other,,,0,,,,remote,US,,,unspecified,,,,,,,,in_review,"Title and role family are unknown, experience and employment type are unspecified. | rule_review: missing_normalized_title",ollama,qwen2.5:7b,0.500,1,low_confidence|missing_normalized_title,low_confidence,2
1303,greenhouse,7507750003,https://job-boards.greenhouse.io/celonis/jobs/7507750003?gh_jid=7507750003,,,,,other,other,,,,Bangalore,IN,,,,,other,,,0,,,,onsite,IN,Bangalore,,unspecified,,,,,,,,in_review,"Title and role family are unknown, employment type is unspecified. | rule_review: missing_normalized_title",ollama,qwen2.5:7b,0.550,1,low_confidence|missing_normalized_title,low_confidence,2
